Order ID,Order Date,Customer ID,Customer Name,Segment,Product ID,Product Name,Category,Sub Category,City,State,Region,Quantity,Unit Price,Discount,Cost
ORD-1000,27-11-2024,C007,Ganga Supplies,Retail,P003,Office Chair,Furniture,Seating,Hyderabad,Telangana,South,2,8500,0,5600
ORD-1001,15-03-2024,C006,Fair Mart,Consumer,P002,Wireless Mouse,Electronics,Accessories,Kolkata,West Bengal,East,4,1200,0,700
ORD-1002,03-06-2025,C001,Aarav Traders,Corporate,P004,Standing Desk,Furniture,Desks,Chennai,Tamil Nadu,South,3,18000,10,12500
ORD-1003,04-03-2025,C004,Delta Stores,Retail,P002,Wireless Mouse,Electronics,Accessories,Chennai,Tamil Nadu,South,1,1200,15,700
ORD-1004,10-03-2025,C002,Bright Retail,Retail,P001,Laptop Pro 14,Electronics,Computers,Bangalore,Karnataka,South,4,72000,15,52000
ORD-1005,04-03-2024,C001,Aarav Traders,Corporate,P007,Desk Lamp,Furniture,Lighting,Bangalore,Karnataka,South,5,2200,0,1300
ORD-1006,24-07-2025,C005,Everest Ltd,Corporate,P003,Office Chair,Furniture,Seating,Delhi,Delhi,North,3,8500,0,5600
ORD-1007,07-07-2025,C005,Everest Ltd,Corporate,P002,Wireless Mouse,Electronics,Accessories,Kolkata,West Bengal,East,2,1200,0,700
ORD-1008,15-04-2024,C006,Fair Mart,Consumer,P004,Standing Desk,Furniture,Desks,Chennai,Tamil Nadu,South,4,18000,15,12500
ORD-1009,30-12-2025,C001,Aarav Traders,Corporate,P002,Wireless Mouse,Electronics,Accessories,Kolkata,West Bengal,East,4,1200,0,700
ORD-1010,23-05-2025,C006,Fair Mart,Consumer,P007,Desk Lamp,Furniture,Lighting,Delhi,Delhi,North,4,2200,15,1300
ORD-1011,09-04-2025,C005,Everest Ltd,Corporate,P006,Monitor 27in,Electronics,Displays,Bangalore,Karnataka,South,4,24000,0,17000
ORD-1012,16-12-2025,C002,Bright Retail,Retail,P004,Standing Desk,Furniture,Desks,Kolkata,West Bengal,East,1,18000,5,12500
ORD-1013,21-06-2025,C006,Fair Mart,Consumer,P008,Printer Ink,Stationery,Supplies,Hyderabad,Telangana,South,1,1800,10,1500
ORD-1014,21-10-2024,C002,Bright Retail,Retail,P002,Wireless Mouse,Electronics,Accessories,Kolkata,West Bengal,East,4,1200,10,700
ORD-1015,17-06-2024,C003,Chola Systems,Corporate,P006,Monitor 27in,Electronics,Displays,Delhi,Delhi,North,1,24000,10,17000
ORD-1016,10-02-2024,C006,Fair Mart,Consumer,P002,Wireless Mouse,Electronics,Accessories,Mumbai,Maharashtra,West,5,1200,5,700
ORD-1017,31-08-2025,C008,Horizon Inc,Corporate,P008,Printer Ink,Stationery,Supplies,Chennai,Tamil Nadu,South,4,1800,0,1500
ORD-1018,03-10-2024,C002,Bright Retail,Retail,P008,Printer Ink,Stationery,Supplies,Chennai,Tamil Nadu,South,2,1800,5,1500
ORD-1019,24-10-2025,C005,Everest Ltd,Corporate,P008,Printer Ink,Stationery,Supplies,Hyderabad,Telangana,South,2,1800,10,1500
ORD-1020,15-11-2025,C001,Aarav Traders,Corporate,P006,Monitor 27in,Electronics,Displays,Delhi,Delhi,North,12,24000,5,17000
ORD-1021,21-06-2024,C008,Horizon Inc,Corporate,P002,Wireless Mouse,Electronics,Accessories,Chennai,Tamil Nadu,South,4,1200,0,700
ORD-1022,21-10-2024,C004,Delta Stores,Retail,P003,Office Chair,Furniture,Seating,Delhi,Delhi,North,1,8500,10,5600
ORD-1023,23-05-2025,C003,Chola Systems,Corporate,P002,Wireless Mouse,Electronics,Accessories,Delhi,Delhi,North,5,1200,10,700
ORD-1024,16-07-2025,C003,Chola Systems,Corporate,P005,Notebook Pack,Stationery,Paper,Delhi,Delhi,North,1,350,15,180
ORD-1025,12-10-2024,C006,Fair Mart,Consumer,P007,Desk Lamp,Furniture,Lighting,Hyderabad,Telangana,South,2,2200,10,1300
ORD-1026,24-08-2024,C002,Bright Retail,Retail,P003,Office Chair,Furniture,Seating,Bangalore,Karnataka,South,4,8500,0,5600
ORD-1027,25-08-2024,C001,Aarav Traders,Corporate,P004,Standing Desk,Furniture,Desks,Delhi,Delhi,North,2,18000,15,12500
ORD-1028,05-07-2024,C005,Everest Ltd,Corporate,P005,Notebook Pack,Stationery,Paper,Chennai,Tamil Nadu,South,1,350,0,180
ORD-1029,05-03-2025,C006,Fair Mart,Consumer,P006,Monitor 27in,Electronics,Displays,Bangalore,Karnataka,South,2,24000,15,17000
ORD-1030,24-09-2025,C008,Horizon Inc,Corporate,P001,Laptop Pro 14,Electronics,Computers,Hyderabad,Telangana,South,4,72000,15,52000
ORD-1031,05-02-2025,C007,Ganga Supplies,Retail,P007,Desk Lamp,Furniture,Lighting,Delhi,Delhi,North,5,2200,0,1300
ORD-1032,08-05-2025,C001,Aarav Traders,Corporate,P007,Desk Lamp,Furniture,Lighting,Bangalore,Karnataka,South,3,2200,0,1300
ORD-1033,01-08-2024,C003,Chola Systems,Corporate,P008,Printer Ink,Stationery,Supplies,Chennai,Tamil Nadu,South,1,1800,5,1500
ORD-1034,07-09-2025,C002,Bright Retail,Retail,P001,Laptop Pro 14,Electronics,Computers,Chennai,Tamil Nadu,South,2,72000,15,52000
ORD-1035,03-06-2024,C006,Fair Mart,Consumer,P002,Wireless Mouse,Electronics,Accessories,Kolkata,West Bengal,East,1,1200,0,700
ORD-1036,13-03-2024,C007,Ganga Supplies,Retail,P004,Standing Desk,Furniture,Desks,Bangalore,Karnataka,South,1,18000,5,12500
ORD-1037,21-12-2024,C008,Horizon Inc,Corporate,P006,Monitor 27in,Electronics,Displays,Chennai,Tamil Nadu,South,1,24000,0,17000
ORD-1038,14-05-2025,C008,Horizon Inc,Corporate,P008,Printer Ink,Stationery,Supplies,Delhi,Delhi,North,3,1800,5,1500
ORD-1039,28-03-2024,C002,Bright Retail,Retail,P003,Office Chair,Furniture,Seating,Hyderabad,Telangana,South,4,8500,5,5600
ORD-1040,28-09-2024,C003,Chola Systems,Corporate,P008,Printer Ink,Stationery,Supplies,Kolkata,West Bengal,East,1,1800,0,1500
ORD-1041,29-07-2024,C003,Chola Systems,Corporate,P006,Monitor 27in,Electronics,Displays,Hyderabad,Telangana,South,5,24000,15,17000
ORD-1042,28-01-2024,C002,Bright Retail,Retail,P005,Notebook Pack,Stationery,Paper,Hyderabad,Telangana,South,2,350,5,180
ORD-1043,14-06-2025,C003,Chola Systems,Corporate,P006,Monitor 27in,Electronics,Displays,Mumbai,Maharashtra,West,1,24000,0,17000
ORD-1044,29-06-2025,C004,Delta Stores,Retail,P006,Monitor 27in,Electronics,Displays,Kolkata,West Bengal,East,1,24000,0,17000
ORD-1045,02-09-2024,C004,Delta Stores,Retail,P007,Desk Lamp,Furniture,Lighting,Bangalore,Karnataka,South,2,2200,15,1300
ORD-1046,19-05-2025,C001,Aarav Traders,Corporate,P006,Monitor 27in,Electronics,Displays,Chennai,Tamil Nadu,South,4,24000,5,17000
ORD-1047,28-04-2025,C004,Delta Stores,Retail,P005,Notebook Pack,Stationery,Paper,Hyderabad,Telangana,South,2,350,15,180
ORD-1048,18-12-2024,C006,Fair Mart,Consumer,P008,Printer Ink,Stationery,Supplies,Mumbai,Maharashtra,West,4,1800,0,1500
ORD-1049,13-08-2024,C004,Delta Stores,Retail,P002,Wireless Mouse,Electronics,Accessories,Delhi,Delhi,North,2,1200,0,700
ORD-1050,11-12-2024,C008,Horizon Inc,Corporate,P004,Standing Desk,Furniture,Desks,Kolkata,West Bengal,East,4,18000,15,12500
ORD-1051,02-01-2024,C006,Fair Mart,Consumer,P008,Printer Ink,Stationery,Supplies,Hyderabad,Telangana,South,3,1800,0,1500
ORD-1052,07-11-2025,C007,Ganga Supplies,Retail,P002,Wireless Mouse,Electronics,Accessories,Hyderabad,Telangana,South,8,1200,0,700
ORD-1053,04-05-2025,C007,Ganga Supplies,Retail,P003,Office Chair,Furniture,Seating,Hyderabad,Telangana,South,4,8500,5,5600
ORD-1054,29-03-2024,C008,Horizon Inc,Corporate,P007,Desk Lamp,Furniture,Lighting,Delhi,Delhi,North,1,2200,0,1300
ORD-1055,11-06-2024,C003,Chola Systems,Corporate,P003,Office Chair,Furniture,Seating,Chennai,Tamil Nadu,South,4,8500,0,5600
ORD-1056,27-08-2025,C003,Chola Systems,Corporate,P008,Printer Ink,Stationery,Supplies,Kolkata,West Bengal,East,2,1800,15,1500
ORD-1057,30-04-2025,C003,Chola Systems,Corporate,P006,Monitor 27in,Electronics,Displays,Kolkata,West Bengal,East,3,24000,15,17000
ORD-1058,14-05-2024,C001,Aarav Traders,Corporate,P001,Laptop Pro 14,Electronics,Computers,Hyderabad,Telangana,South,5,72000,0,52000
ORD-1059,23-06-2025,C007,Ganga Supplies,Retail,P003,Office Chair,Furniture,Seating,Bangalore,Karnataka,South,3,8500,0,5600
ORD-1060,29-01-2024,C004,Delta Stores,Retail,P005,Notebook Pack,Stationery,Paper,Mumbai,Maharashtra,West,5,350,15,180
ORD-1061,03-09-2024,C005,Everest Ltd,Corporate,P006,Monitor 27in,Electronics,Displays,Kolkata,West Bengal,East,4,24000,10,17000
ORD-1062,14-05-2024,C006,Fair Mart,Consumer,P001,Laptop Pro 14,Electronics,Computers,Delhi,Delhi,North,2,72000,15,52000
ORD-1063,13-06-2025,C003,Chola Systems,Corporate,P007,Desk Lamp,Furniture,Lighting,Kolkata,West Bengal,East,1,2200,0,1300
ORD-1064,20-06-2025,C008,Horizon Inc,Corporate,P001,Laptop Pro 14,Electronics,Computers,Bangalore,Karnataka,South,4,72000,15,52000
ORD-1065,05-01-2024,C003,Chola Systems,Corporate,P003,Office Chair,Furniture,Seating,Bangalore,Karnataka,South,1,8500,10,5600
ORD-1066,25-09-2025,C001,Aarav Traders,Corporate,P002,Wireless Mouse,Electronics,Accessories,Mumbai,Maharashtra,West,3,1200,15,700
ORD-1067,27-06-2025,C002,Bright Retail,Retail,P008,Printer Ink,Stationery,Supplies,Kolkata,West Bengal,East,2,1800,0,1500
ORD-1068,11-09-2024,C005,Everest Ltd,Corporate,P004,Standing Desk,Furniture,Desks,Chennai,Tamil Nadu,South,3,18000,0,12500
ORD-1069,03-06-2025,C001,Aarav Traders,Corporate,P008,Printer Ink,Stationery,Supplies,Chennai,Tamil Nadu,South,1,1800,10,1500
ORD-1070,29-11-2024,C005,Everest Ltd,Corporate,P004,Standing Desk,Furniture,Desks,Delhi,Delhi,North,5,18000,15,12500
ORD-1071,30-06-2025,C004,Delta Stores,Retail,P008,Printer Ink,Stationery,Supplies,Hyderabad,Telangana,South,3,1800,15,1500
ORD-1072,22-09-2024,C008,Horizon Inc,Corporate,P004,Standing Desk,Furniture,Desks,Bangalore,Karnataka,South,1,18000,10,12500
ORD-1073,04-05-2024,C008,Horizon Inc,Corporate,P007,Desk Lamp,Furniture,Lighting,Mumbai,Maharashtra,West,1,2200,0,1300
ORD-1074,18-11-2025,C007,Ganga Supplies,Retail,P004,Standing Desk,Furniture,Desks,Chennai,Tamil Nadu,South,1,18000,0,12500
ORD-1075,16-11-2025,C002,Bright Retail,Retail,P005,Notebook Pack,Stationery,Paper,Bangalore,Karnataka,South,2,350,5,180
ORD-1076,26-05-2024,C003,Chola Systems,Corporate,P005,Notebook Pack,Stationery,Paper,Delhi,Delhi,North,1,350,0,180
ORD-1077,06-04-2024,C008,Horizon Inc,Corporate,P007,Desk Lamp,Furniture,Lighting,Bangalore,Karnataka,South,3,2200,0,1300
ORD-1078,14-06-2024,C007,Ganga Supplies,Retail,P007,Desk Lamp,Furniture,Lighting,Mumbai,Maharashtra,West,1,2200,10,1300
ORD-1079,19-07-2024,C006,Fair Mart,Consumer,P006,Monitor 27in,Electronics,Displays,Chennai,Tamil Nadu,South,4,24000,5,17000
ORD-1080,20-01-2024,C008,Horizon Inc,Corporate,P006,Monitor 27in,Electronics,Displays,Delhi,Delhi,North,4,24000,0,17000
ORD-1081,28-01-2025,C005,Everest Ltd,Corporate,P006,Monitor 27in,Electronics,Displays,Kolkata,West Bengal,East,4,24000,0,17000
ORD-1082,25-04-2024,C002,Bright Retail,Retail,P004,Standing Desk,Furniture,Desks,Chennai,Tamil Nadu,South,3,18000,5,12500
ORD-1083,05-10-2024,C003,Chola Systems,Corporate,P001,Laptop Pro 14,Electronics,Computers,Mumbai,Maharashtra,West,1,72000,0,52000
ORD-1084,08-03-2025,C007,Ganga Supplies,Retail,P005,Notebook Pack,Stationery,Paper,Bangalore,Karnataka,South,4,350,15,180
ORD-1085,11-06-2025,C006,Fair Mart,Consumer,P008,Printer Ink,Stationery,Supplies,Chennai,Tamil Nadu,South,1,1800,5,1500
ORD-1086,28-02-2024,C007,Ganga Supplies,Retail,P003,Office Chair,Furniture,Seating,Chennai,Tamil Nadu,South,1,8500,5,5600
ORD-1087,18-01-2024,C005,Everest Ltd,Corporate,P002,Wireless Mouse,Electronics,Accessories,Chennai,Tamil Nadu,South,1,1200,15,700
ORD-1088,15-08-2024,C005,Everest Ltd,Corporate,P002,Wireless Mouse,Electronics,Accessories,Chennai,Tamil Nadu,South,2,1200,10,700
ORD-1089,12-01-2024,C007,Ganga Supplies,Retail,P006,Monitor 27in,Electronics,Displays,Mumbai,Maharashtra,West,4,24000,15,17000
ORD-1090,12-05-2024,C004,Delta Stores,Retail,P001,Laptop Pro 14,Electronics,Computers,Chennai,Tamil Nadu,South,4,72000,0,52000
ORD-1091,25-09-2024,C003,Chola Systems,Corporate,P001,Laptop Pro 14,Electronics,Computers,Bangalore,Karnataka,South,1,72000,5,52000
ORD-1092,05-10-2025,C004,Delta Stores,Retail,P005,Notebook Pack,Stationery,Paper,Mumbai,Maharashtra,West,4,350,10,180
ORD-1093,27-05-2025,C005,Everest Ltd,Corporate,P003,Office Chair,Furniture,Seating,Mumbai,Maharashtra,West,4,8500,0,5600
ORD-1094,13-09-2024,C001,Aarav Traders,Corporate,P001,Laptop Pro 14,Electronics,Computers,Chennai,Tamil Nadu,South,5,72000,15,52000
ORD-1095,18-07-2025,C008,Horizon Inc,Corporate,P004,Standing Desk,Furniture,Desks,Bangalore,Karnataka,South,1,18000,10,12500
ORD-1096,18-04-2024,C008,Horizon Inc,Corporate,P007,Desk Lamp,Furniture,Lighting,Kolkata,West Bengal,East,2,2200,10,1300
ORD-1097,02-06-2025,C004,Delta Stores,Retail,P005,Notebook Pack,Stationery,Paper,Bangalore,Karnataka,South,1,350,5,180
ORD-1098,22-07-2024,C007,Ganga Supplies,Retail,P003,Office Chair,Furniture,Seating,Mumbai,Maharashtra,West,3,8500,0,5600
ORD-1099,12-05-2024,C002,Bright Retail,Retail,P001,Laptop Pro 14,Electronics,Computers,Hyderabad,Telangana,South,5,72000,5,52000
ORD-1100,17-03-2025,C001,Aarav Traders,Corporate,P003,Office Chair,Furniture,Seating,Chennai,Tamil Nadu,South,6,8500,10,5600
ORD-1101,02-06-2025,C004,Delta Stores,Retail,P005,Notebook Pack,Stationery,Paper,Hyderabad,Telangana,South,3,350,5,180
ORD-1102,16-02-2024,C003,Chola Systems,Corporate,P008,Printer Ink,Stationery,Supplies,Bangalore,Karnataka,South,4,1800,5,1500
ORD-1103,01-04-2025,C005,Everest Ltd,Corporate,P001,Laptop Pro 14,Electronics,Computers,Mumbai,Maharashtra,West,3,72000,5,52000
ORD-1104,14-07-2025,C004,Delta Stores,Retail,P006,Monitor 27in,Electronics,Displays,Chennai,Tamil Nadu,South,3,24000,5,17000
ORD-1105,11-08-2024,C003,Chola Systems,Corporate,P006,Monitor 27in,Electronics,Displays,Chennai,Tamil Nadu,South,4,24000,5,17000
ORD-1106,25-01-2025,C008,Horizon Inc,Corporate,P002,Wireless Mouse,Electronics,Accessories,Mumbai,Maharashtra,West,3,1200,15,700
ORD-1107,02-11-2025,C004,Delta Stores,Retail,P004,Standing Desk,Furniture,Desks,Kolkata,West Bengal,East,8,18000,0,12500
ORD-1108,03-04-2024,C002,Bright Retail,Retail,P005,Notebook Pack,Stationery,Paper,Bangalore,Karnataka,South,3,350,10,180
ORD-1109,23-08-2025,C007,Ganga Supplies,Retail,P001,Laptop Pro 14,Electronics,Computers,Chennai,Tamil Nadu,South,6,72000,5,52000
ORD-1110,07-11-2024,C002,Bright Retail,Retail,P004,Standing Desk,Furniture,Desks,Kolkata,West Bengal,East,2,18000,15,12500
ORD-1111,07-06-2024,C006,Fair Mart,Consumer,P007,Desk Lamp,Furniture,Lighting,Hyderabad,Telangana,South,4,2200,10,1300
ORD-1112,02-06-2024,C003,Chola Systems,Corporate,P005,Notebook Pack,Stationery,Paper,Chennai,Tamil Nadu,South,2,350,15,180
ORD-1113,04-10-2025,C003,Chola Systems,Corporate,P007,Desk Lamp,Furniture,Lighting,Kolkata,West Bengal,East,2,2200,15,1300
ORD-1114,05-08-2025,C004,Delta Stores,Retail,P001,Laptop Pro 14,Electronics,Computers,Chennai,Tamil Nadu,South,5,72000,0,52000
ORD-1115,12-02-2024,C006,Fair Mart,Consumer,P003,Office Chair,Furniture,Seating,Chennai,Tamil Nadu,South,5,8500,10,5600
ORD-1116,07-04-2025,C001,Aarav Traders,Corporate,P001,Laptop Pro 14,Electronics,Computers,Hyderabad,Telangana,South,2,72000,15,52000
ORD-1117,28-11-2025,C008,Horizon Inc,Corporate,P004,Standing Desk,Furniture,Desks,Mumbai,Maharashtra,West,1,18000,0,12500
ORD-1118,12-04-2025,C002,Bright Retail,Retail,P002,Wireless Mouse,Electronics,Accessories,Hyderabad,Telangana,South,4,1200,15,700
ORD-1119,08-03-2024,C005,Everest Ltd,Corporate,P008,Printer Ink,Stationery,Supplies,Chennai,Tamil Nadu,South,1,1800,5,1500
ORD-1120,28-08-2024,C004,Delta Stores,Retail,P004,Standing Desk,Furniture,Desks,Hyderabad,Telangana,South,1,18000,10,12500
ORD-1121,20-05-2025,C002,Bright Retail,Retail,P007,Desk Lamp,Furniture,Lighting,Delhi,Delhi,North,3,2200,5,1300
ORD-1122,17-02-2024,C002,Bright Retail,Retail,P004,Standing Desk,Furniture,Desks,Kolkata,West Bengal,East,4,18000,0,12500
ORD-1123,05-12-2024,C005,Everest Ltd,Corporate,P005,Notebook Pack,Stationery,Paper,Kolkata,West Bengal,East,5,350,15,180
ORD-1124,16-05-2024,C008,Horizon Inc,Corporate,P001,Laptop Pro 14,Electronics,Computers,Chennai,Tamil Nadu,South,3,72000,10,52000
ORD-1125,02-10-2024,C004,Delta Stores,Retail,P002,Wireless Mouse,Electronics,Accessories,Hyderabad,Telangana,South,5,1200,10,700
ORD-1126,24-10-2024,C008,Horizon Inc,Corporate,P005,Notebook Pack,Stationery,Paper,Delhi,Delhi,North,1,350,10,180
ORD-1127,01-05-2024,C005,Everest Ltd,Corporate,P004,Standing Desk,Furniture,Desks,Chennai,Tamil Nadu,South,2,18000,10,12500
ORD-1128,18-01-2024,C008,Horizon Inc,Corporate,P005,Notebook Pack,Stationery,Paper,Chennai,Tamil Nadu,South,2,350,15,180
ORD-1129,05-04-2025,C007,Ganga Supplies,Retail,P005,Notebook Pack,Stationery,Paper,Bangalore,Karnataka,South,6,350,0,180
ORD-1130,17-03-2024,C003,Chola Systems,Corporate,P002,Wireless Mouse,Electronics,Accessories,Hyderabad,Telangana,South,1,1200,15,700
ORD-1131,25-09-2024,C003,Chola Systems,Corporate,P006,Monitor 27in,Electronics,Displays,Kolkata,West Bengal,East,2,24000,15,17000
ORD-1132,13-10-2024,C006,Fair Mart,Consumer,P002,Wireless Mouse,Electronics,Accessories,Bangalore,Karnataka,South,10,1200,10,700
ORD-1133,12-05-2025,C001,Aarav Traders,Corporate,P007,Desk Lamp,Furniture,Lighting,Bangalore,Karnataka,South,2,2200,0,1300
ORD-1134,18-05-2025,C007,Ganga Supplies,Retail,P008,Printer Ink,Stationery,Supplies,Mumbai,Maharashtra,West,1,1800,0,1500
ORD-1135,02-03-2025,C007,Ganga Supplies,Retail,P006,Monitor 27in,Electronics,Displays,Mumbai,Maharashtra,West,4,24000,0,17000
ORD-1136,05-12-2024,C006,Fair Mart,Consumer,P001,Laptop Pro 14,Electronics,Computers,Mumbai,Maharashtra,West,2,72000,10,52000
ORD-1137,02-05-2024,C001,Aarav Traders,Corporate,P004,Standing Desk,Furniture,Desks,Hyderabad,Telangana,South,3,18000,5,12500
ORD-1138,16-09-2024,C002,Bright Retail,Retail,P006,Monitor 27in,Electronics,Displays,Delhi,Delhi,North,1,24000,10,17000
ORD-1139,26-08-2025,C006,Fair Mart,Consumer,P002,Wireless Mouse,Electronics,Accessories,Delhi,Delhi,North,1,1200,5,700
ORD-1140,19-02-2024,C002,Bright Retail,Retail,P005,Notebook Pack,Stationery,Paper,Chennai,Tamil Nadu,South,3,350,5,180
ORD-1141,12-10-2025,C004,Delta Stores,Retail,P003,Office Chair,Furniture,Seating,Mumbai,Maharashtra,West,1,8500,10,5600
ORD-1142,07-06-2025,C004,Delta Stores,Retail,P006,Monitor 27in,Electronics,Displays,Mumbai,Maharashtra,West,1,24000,10,17000
ORD-1143,30-01-2024,C004,Delta Stores,Retail,P007,Desk Lamp,Furniture,Lighting,Hyderabad,Telangana,South,1,2200,0,1300
ORD-1144,20-02-2024,C008,Horizon Inc,Corporate,P007,Desk Lamp,Furniture,Lighting,Kolkata,West Bengal,East,3,2200,0,1300
ORD-1145,21-10-2025,C008,Horizon Inc,Corporate,P005,Notebook Pack,Stationery,Paper,Chennai,Tamil Nadu,South,2,350,15,180
ORD-1146,10-05-2024,C008,Horizon Inc,Corporate,P003,Office Chair,Furniture,Seating,Delhi,Delhi,North,2,8500,5,5600
ORD-1147,15-10-2024,C005,Everest Ltd,Corporate,P005,Notebook Pack,Stationery,Paper,Hyderabad,Telangana,South,1,350,5,180
ORD-1148,19-02-2025,C005,Everest Ltd,Corporate,P004,Standing Desk,Furniture,Desks,Delhi,Delhi,North,4,18000,15,12500
ORD-1149,15-11-2025,C002,Bright Retail,Retail,P007,Desk Lamp,Furniture,Lighting,Bangalore,Karnataka,South,5,2200,0,1300
ORD-1150,17-03-2024,C008,Horizon Inc,Corporate,P004,Standing Desk,Furniture,Desks,Kolkata,West Bengal,East,4,18000,0,12500
ORD-1151,08-04-2025,C008,Horizon Inc,Corporate,P006,Monitor 27in,Electronics,Displays,Delhi,Delhi,North,5,24000,0,17000
ORD-1152,14-07-2025,C004,Delta Stores,Retail,P004,Standing Desk,Furniture,Desks,Chennai,Tamil Nadu,South,2,18000,0,12500
ORD-1153,16-12-2024,C006,Fair Mart,Consumer,P002,Wireless Mouse,Electronics,Accessories,Bangalore,Karnataka,South,1,1200,5,700
ORD-1154,21-09-2024,C001,Aarav Traders,Corporate,P004,Standing Desk,Furniture,Desks,Hyderabad,Telangana,South,3,18000,10,12500
ORD-1155,27-01-2025,C004,Delta Stores,Retail,P007,Desk Lamp,Furniture,Lighting,Delhi,Delhi,North,3,2200,5,1300
ORD-1156,12-12-2024,C008,Horizon Inc,Corporate,P001,Laptop Pro 14,Electronics,Computers,Mumbai,Maharashtra,West,4,72000,15,52000
ORD-1157,03-01-2025,C004,Delta Stores,Retail,P003,Office Chair,Furniture,Seating,Chennai,Tamil Nadu,South,2,8500,5,5600
ORD-1158,11-09-2024,C007,Ganga Supplies,Retail,P007,Desk Lamp,Furniture,Lighting,Hyderabad,Telangana,South,2,2200,10,1300
ORD-1159,18-03-2025,C001,Aarav Traders,Corporate,P005,Notebook Pack,Stationery,Paper,Bangalore,Karnataka,South,1,350,0,180
ORD-1160,11-03-2025,C008,Horizon Inc,Corporate,P008,Printer Ink,Stationery,Supplies,Chennai,Tamil Nadu,South,4,1800,0,1500
ORD-1161,04-02-2025,C008,Horizon Inc,Corporate,P008,Printer Ink,Stationery,Supplies,Bangalore,Karnataka,South,3,1800,0,1500
ORD-1162,17-08-2024,C003,Chola Systems,Corporate,P003,Office Chair,Furniture,Seating,Kolkata,West Bengal,East,2,8500,0,5600
ORD-1163,18-12-2025,C002,Bright Retail,Retail,P008,Printer Ink,Stationery,Supplies,Kolkata,West Bengal,East,6,1800,0,1500
ORD-1164,02-01-2024,C004,Delta Stores,Retail,P003,Office Chair,Furniture,Seating,Kolkata,West Bengal,East,2,8500,0,5600
ORD-1165,22-10-2025,C003,Chola Systems,Corporate,P005,Notebook Pack,Stationery,Paper,Hyderabad,Telangana,South,1,350,5,180
ORD-1166,24-06-2025,C002,Bright Retail,Retail,P007,Desk Lamp,Furniture,Lighting,Chennai,Tamil Nadu,South,1,2200,0,1300
ORD-1167,03-11-2024,C007,Ganga Supplies,Retail,P004,Standing Desk,Furniture,Desks,Mumbai,Maharashtra,West,4,18000,0,12500
ORD-1168,07-09-2025,C001,Aarav Traders,Corporate,P001,Laptop Pro 14,Electronics,Computers,Kolkata,West Bengal,East,3,72000,5,52000
ORD-1169,16-04-2025,C006,Fair Mart,Consumer,P005,Notebook Pack,Stationery,Paper,Hyderabad,Telangana,South,4,350,0,180
ORD-1170,01-05-2025,C004,Delta Stores,Retail,P004,Standing Desk,Furniture,Desks,Chennai,Tamil Nadu,South,4,18000,10,12500
ORD-1171,22-12-2025,C001,Aarav Traders,Corporate,P005,Notebook Pack,Stationery,Paper,Chennai,Tamil Nadu,South,1,350,0,180
ORD-1172,25-05-2025,C002,Bright Retail,Retail,P007,Desk Lamp,Furniture,Lighting,Mumbai,Maharashtra,West,1,2200,0,1300
ORD-1173,14-11-2025,C006,Fair Mart,Consumer,P007,Desk Lamp,Furniture,Lighting,Bangalore,Karnataka,South,5,2200,10,1300
ORD-1174,04-02-2024,C007,Ganga Supplies,Retail,P006,Monitor 27in,Electronics,Displays,Mumbai,Maharashtra,West,3,24000,10,17000
ORD-1175,21-07-2024,C005,Everest Ltd,Corporate,P001,Laptop Pro 14,Electronics,Computers,Hyderabad,Telangana,South,2,72000,15,52000
ORD-1176,10-03-2024,C008,Horizon Inc,Corporate,P004,Standing Desk,Furniture,Desks,Bangalore,Karnataka,South,2,18000,5,12500
ORD-1177,17-07-2024,C008,Horizon Inc,Corporate,P004,Standing Desk,Furniture,Desks,Bangalore,Karnataka,South,3,18000,5,12500
ORD-1178,29-10-2024,C008,Horizon Inc,Corporate,P002,Wireless Mouse,Electronics,Accessories,Kolkata,West Bengal,East,2,1200,0,700
ORD-1179,16-08-2024,C007,Ganga Supplies,Retail,P008,Printer Ink,Stationery,Supplies,Hyderabad,Telangana,South,7,1800,0,1500
ORD-1180,01-09-2025,C007,Ganga Supplies,Retail,P003,Office Chair,Furniture,Seating,Chennai,Tamil Nadu,South,1,8500,0,5600
ORD-1181,25-01-2024,C007,Ganga Supplies,Retail,P003,Office Chair,Furniture,Seating,Chennai,Tamil Nadu,South,3,8500,0,5600
ORD-1182,07-07-2024,C008,Horizon Inc,Corporate,P007,Desk Lamp,Furniture,Lighting,Hyderabad,Telangana,South,1,2200,5,1300
ORD-1183,25-04-2024,C003,Chola Systems,Corporate,P002,Wireless Mouse,Electronics,Accessories,Mumbai,Maharashtra,West,1,1200,0,700
ORD-1184,08-07-2024,C001,Aarav Traders,Corporate,P008,Printer Ink,Stationery,Supplies,Mumbai,Maharashtra,West,1,1800,10,1500
ORD-1185,17-01-2025,C008,Horizon Inc,Corporate,P006,Monitor 27in,Electronics,Displays,Bangalore,Karnataka,South,4,24000,0,17000
ORD-1186,03-01-2024,C005,Everest Ltd,Corporate,P002,Wireless Mouse,Electronics,Accessories,Chennai,Tamil Nadu,South,4,1200,5,700
ORD-1187,06-03-2025,C004,Delta Stores,Retail,P002,Wireless Mouse,Electronics,Accessories,Delhi,Delhi,North,3,1200,5,700
ORD-1188,12-11-2024,C002,Bright Retail,Retail,P007,Desk Lamp,Furniture,Lighting,Chennai,Tamil Nadu,South,4,2200,10,1300
ORD-1189,19-07-2024,C008,Horizon Inc,Corporate,P006,Monitor 27in,Electronics,Displays,Bangalore,Karnataka,South,3,24000,5,17000
ORD-1190,07-01-2025,C001,Aarav Traders,Corporate,P008,Printer Ink,Stationery,Supplies,Hyderabad,Telangana,South,7,1800,10,1500
ORD-1191,10-09-2024,C001,Aarav Traders,Corporate,P007,Desk Lamp,Furniture,Lighting,Delhi,Delhi,North,3,2200,0,1300
ORD-1192,20-04-2025,C001,Aarav Traders,Corporate,P002,Wireless Mouse,Electronics,Accessories,Mumbai,Maharashtra,West,2,1200,0,700
ORD-1193,05-03-2024,C006,Fair Mart,Consumer,P006,Monitor 27in,Electronics,Displays,Mumbai,Maharashtra,West,1,24000,5,17000
ORD-1194,23-09-2025,C005,Everest Ltd,Corporate,P001,Laptop Pro 14,Electronics,Computers,Hyderabad,Telangana,South,3,72000,5,52000
ORD-1195,09-10-2024,C001,Aarav Traders,Corporate,P005,Notebook Pack,Stationery,Paper,Hyderabad,Telangana,South,1,350,15,180
ORD-1196,11-10-2025,C001,Aarav Traders,Corporate,P002,Wireless Mouse,Electronics,Accessories,Bangalore,Karnataka,South,8,1200,0,700
ORD-1197,01-05-2025,C007,Ganga Supplies,Retail,P008,Printer Ink,Stationery,Supplies,Mumbai,Maharashtra,West,3,1800,10,1500
ORD-1198,20-05-2025,C008,Horizon Inc,Corporate,P003,Office Chair,Furniture,Seating,Bangalore,Karnataka,South,5,8500,0,5600
ORD-1199,06-11-2024,C004,Delta Stores,Retail,P003,Office Chair,Furniture,Seating,Mumbai,Maharashtra,West,4,8500,5,5600
ORD-1200,16-04-2025,C002,Bright Retail,Retail,P006,Monitor 27in,Electronics,Displays,Kolkata,West Bengal,East,6,24000,0,17000
ORD-1201,05-02-2025,C004,Delta Stores,Retail,P003,Office Chair,Furniture,Seating,Delhi,Delhi,North,4,8500,0,5600
ORD-1202,27-10-2025,C008,Horizon Inc,Corporate,P001,Laptop Pro 14,Electronics,Computers,Kolkata,West Bengal,East,2,72000,15,52000
ORD-1203,29-11-2024,C007,Ganga Supplies,Retail,P003,Office Chair,Furniture,Seating,Chennai,Tamil Nadu,South,8,8500,0,5600
ORD-1204,28-09-2024,C004,Delta Stores,Retail,P002,Wireless Mouse,Electronics,Accessories,Chennai,Tamil Nadu,South,1,1200,10,700
ORD-1205,25-05-2025,C003,Chola Systems,Corporate,P008,Printer Ink,Stationery,Supplies,Bangalore,Karnataka,South,2,1800,0,1500
ORD-1206,02-03-2025,C004,Delta Stores,Retail,P008,Printer Ink,Stationery,Supplies,Hyderabad,Telangana,South,4,1800,15,1500
ORD-1207,11-11-2025,C005,Everest Ltd,Corporate,P002,Wireless Mouse,Electronics,Accessories,Mumbai,Maharashtra,West,5,1200,5,700
ORD-1208,03-08-2025,C006,Fair Mart,Consumer,P005,Notebook Pack,Stationery,Paper,Mumbai,Maharashtra,West,7,350,5,180
ORD-1209,22-07-2024,C004,Delta Stores,Retail,P008,Printer Ink,Stationery,Supplies,Bangalore,Karnataka,South,2,1800,0,1500
ORD-1210,29-08-2024,C005,Everest Ltd,Corporate,P003,Office Chair,Furniture,Seating,Kolkata,West Bengal,East,3,8500,0,5600
ORD-1211,30-11-2024,C007,Ganga Supplies,Retail,P002,Wireless Mouse,Electronics,Accessories,Mumbai,Maharashtra,West,1,1200,0,700
ORD-1212,03-06-2025,C002,Bright Retail,Retail,P004,Standing Desk,Furniture,Desks,Hyderabad,Telangana,South,4,18000,10,12500
ORD-1213,07-02-2024,C001,Aarav Traders,Corporate,P002,Wireless Mouse,Electronics,Accessories,Delhi,Delhi,North,4,1200,0,700
ORD-1214,04-04-2025,C001,Aarav Traders,Corporate,P006,Monitor 27in,Electronics,Displays,Mumbai,Maharashtra,West,3,24000,0,17000
ORD-1215,02-05-2024,C004,Delta Stores,Retail,P001,Laptop Pro 14,Electronics,Computers,Kolkata,West Bengal,East,1,72000,15,52000
ORD-1216,17-07-2024,C006,Fair Mart,Consumer,P002,Wireless Mouse,Electronics,Accessories,Kolkata,West Bengal,East,1,1200,0,700
ORD-1217,04-04-2025,C001,Aarav Traders,Corporate,P005,Notebook Pack,Stationery,Paper,Chennai,Tamil Nadu,South,4,350,15,180
ORD-1218,27-12-2025,C004,Delta Stores,Retail,P006,Monitor 27in,Electronics,Displays,Chennai,Tamil Nadu,South,4,24000,5,17000
ORD-1219,14-12-2024,C001,Aarav Traders,Corporate,P003,Office Chair,Furniture,Seating,Bangalore,Karnataka,South,5,8500,5,5600
ORD-1220,09-02-2024,C001,Aarav Traders,Corporate,P004,Standing Desk,Furniture,Desks,Mumbai,Maharashtra,West,3,18000,10,12500
ORD-1221,25-11-2025,C003,Chola Systems,Corporate,P006,Monitor 27in,Electronics,Displays,Kolkata,West Bengal,East,2,24000,5,17000
ORD-1222,20-03-2024,C001,Aarav Traders,Corporate,P004,Standing Desk,Furniture,Desks,Delhi,Delhi,North,3,18000,15,12500
ORD-1223,10-05-2025,C007,Ganga Supplies,Retail,P002,Wireless Mouse,Electronics,Accessories,Chennai,Tamil Nadu,South,5,1200,10,700
ORD-1224,10-11-2025,C002,Bright Retail,Retail,P003,Office Chair,Furniture,Seating,Hyderabad,Telangana,South,5,8500,0,5600
ORD-1225,11-02-2025,C007,Ganga Supplies,Retail,P005,Notebook Pack,Stationery,Paper,Mumbai,Maharashtra,West,1,350,5,180
ORD-1226,03-03-2025,C005,Everest Ltd,Corporate,P001,Laptop Pro 14,Electronics,Computers,Hyderabad,Telangana,South,2,72000,15,52000
ORD-1227,31-12-2024,C007,Ganga Supplies,Retail,P007,Desk Lamp,Furniture,Lighting,Chennai,Tamil Nadu,South,2,2200,5,1300
ORD-1228,21-10-2025,C007,Ganga Supplies,Retail,P004,Standing Desk,Furniture,Desks,Hyderabad,Telangana,South,5,18000,10,12500
ORD-1229,27-07-2024,C007,Ganga Supplies,Retail,P001,Laptop Pro 14,Electronics,Computers,Bangalore,Karnataka,South,1,72000,10,52000
ORD-1230,26-04-2024,C007,Ganga Supplies,Retail,P002,Wireless Mouse,Electronics,Accessories,Kolkata,West Bengal,East,6,1200,5,700
ORD-1231,16-04-2025,C003,Chola Systems,Corporate,P003,Office Chair,Furniture,Seating,Chennai,Tamil Nadu,South,5,8500,0,5600
ORD-1232,18-07-2025,C007,Ganga Supplies,Retail,P003,Office Chair,Furniture,Seating,Chennai,Tamil Nadu,South,2,8500,15,5600
ORD-1233,29-09-2025,C003,Chola Systems,Corporate,P006,Monitor 27in,Electronics,Displays,Bangalore,Karnataka,South,4,24000,5,17000
ORD-1234,17-10-2024,C003,Chola Systems,Corporate,P003,Office Chair,Furniture,Seating,Chennai,Tamil Nadu,South,5,8500,0,5600
ORD-1235,27-01-2025,C004,Delta Stores,Retail,P008,Printer Ink,Stationery,Supplies,Mumbai,Maharashtra,West,3,1800,0,1500
ORD-1236,14-02-2024,C006,Fair Mart,Consumer,P008,Printer Ink,Stationery,Supplies,Chennai,Tamil Nadu,South,2,1800,15,1500
ORD-1237,13-10-2025,C002,Bright Retail,Retail,P007,Desk Lamp,Furniture,Lighting,Hyderabad,Telangana,South,4,2200,15,1300
ORD-1238,05-12-2025,C004,Delta Stores,Retail,P003,Office Chair,Furniture,Seating,Kolkata,West Bengal,East,5,8500,10,5600
ORD-1239,21-09-2025,C008,Horizon Inc,Corporate,P004,Standing Desk,Furniture,Desks,Bangalore,Karnataka,South,4,18000,15,12500
ORD-1240,11-08-2024,C007,Ganga Supplies,Retail,P001,Laptop Pro 14,Electronics,Computers,Kolkata,West Bengal,East,4,72000,0,52000
ORD-1241,27-01-2025,C002,Bright Retail,Retail,P006,Monitor 27in,Electronics,Displays,Bangalore,Karnataka,South,2,24000,0,17000
ORD-1242,16-07-2024,C001,Aarav Traders,Corporate,P001,Laptop Pro 14,Electronics,Computers,Hyderabad,Telangana,South,4,72000,5,52000
ORD-1243,30-04-2024,C008,Horizon Inc,Corporate,P007,Desk Lamp,Furniture,Lighting,Kolkata,West Bengal,East,1,2200,5,1300
ORD-1244,26-10-2025,C005,Everest Ltd,Corporate,P007,Desk Lamp,Furniture,Lighting,Kolkata,West Bengal,East,5,2200,0,1300
ORD-1245,11-03-2025,C006,Fair Mart,Consumer,P007,Desk Lamp,Furniture,Lighting,Delhi,Delhi,North,3,2200,15,1300
ORD-1246,24-03-2025,C001,Aarav Traders,Corporate,P003,Office Chair,Furniture,Seating,Chennai,Tamil Nadu,South,1,8500,15,5600
ORD-1247,16-05-2025,C004,Delta Stores,Retail,P008,Printer Ink,Stationery,Supplies,Delhi,Delhi,North,4,1800,15,1500
ORD-1248,14-04-2025,C008,Horizon Inc,Corporate,P003,Office Chair,Furniture,Seating,Delhi,Delhi,North,4,8500,0,5600
ORD-1249,09-03-2024,C006,Fair Mart,Consumer,P003,Office Chair,Furniture,Seating,Delhi,Delhi,North,1,8500,5,5600
ORD-1250,03-04-2024,C001,Aarav Traders,Corporate,P008,Printer Ink,Stationery,Supplies,Chennai,Tamil Nadu,South,4,1800,0,1500
ORD-1251,25-03-2024,C002,Bright Retail,Retail,P006,Monitor 27in,Electronics,Displays,Chennai,Tamil Nadu,South,1,24000,15,17000
ORD-1252,21-01-2025,C001,Aarav Traders,Corporate,P003,Office Chair,Furniture,Seating,Chennai,Tamil Nadu,South,1,8500,15,5600
ORD-1253,10-12-2025,C004,Delta Stores,Retail,P002,Wireless Mouse,Electronics,Accessories,Bangalore,Karnataka,South,4,1200,10,700
ORD-1254,21-10-2024,C004,Delta Stores,Retail,P003,Office Chair,Furniture,Seating,Chennai,Tamil Nadu,South,1,8500,5,5600
ORD-1255,17-09-2025,C003,Chola Systems,Corporate,P005,Notebook Pack,Stationery,Paper,Mumbai,Maharashtra,West,3,350,15,180
ORD-1256,08-10-2024,C003,Chola Systems,Corporate,P008,Printer Ink,Stationery,Supplies,Mumbai,Maharashtra,West,4,1800,15,1500
ORD-1257,06-05-2025,C005,Everest Ltd,Corporate,P004,Standing Desk,Furniture,Desks,Kolkata,West Bengal,East,4,18000,15,12500
ORD-1258,31-08-2024,C006,Fair Mart,Consumer,P006,Monitor 27in,Electronics,Displays,Chennai,Tamil Nadu,South,3,24000,0,17000
ORD-1259,05-07-2024,C003,Chola Systems,Corporate,P007,Desk Lamp,Furniture,Lighting,Hyderabad,Telangana,South,3,2200,5,1300
ORD-1260,26-11-2025,C007,Ganga Supplies,Retail,P006,Monitor 27in,Electronics,Displays,Bangalore,Karnataka,South,1,24000,5,17000
ORD-1261,27-04-2024,C006,Fair Mart,Consumer,P001,Laptop Pro 14,Electronics,Computers,Delhi,Delhi,North,4,72000,15,52000
ORD-1262,17-06-2025,C005,Everest Ltd,Corporate,P002,Wireless Mouse,Electronics,Accessories,Kolkata,West Bengal,East,1,1200,10,700
ORD-1263,15-01-2025,C007,Ganga Supplies,Retail,P005,Notebook Pack,Stationery,Paper,Mumbai,Maharashtra,West,2,350,15,180
ORD-1264,29-05-2024,C006,Fair Mart,Consumer,P006,Monitor 27in,Electronics,Displays,Chennai,Tamil Nadu,South,2,24000,10,17000
ORD-1265,23-08-2024,C001,Aarav Traders,Corporate,P003,Office Chair,Furniture,Seating,Mumbai,Maharashtra,West,2,8500,15,5600
ORD-1266,16-09-2024,C006,Fair Mart,Consumer,P005,Notebook Pack,Stationery,Paper,Hyderabad,Telangana,South,3,350,0,180
ORD-1267,04-02-2024,C003,Chola Systems,Corporate,P004,Standing Desk,Furniture,Desks,Mumbai,Maharashtra,West,3,18000,15,12500
ORD-1268,02-10-2025,C007,Ganga Supplies,Retail,P007,Desk Lamp,Furniture,Lighting,Kolkata,West Bengal,East,2,2200,5,1300
ORD-1269,18-02-2024,C008,Horizon Inc,Corporate,P003,Office Chair,Furniture,Seating,Bangalore,Karnataka,South,4,8500,15,5600
ORD-1270,30-10-2025,C001,Aarav Traders,Corporate,P001,Laptop Pro 14,Electronics,Computers,Chennai,Tamil Nadu,South,1,72000,0,52000
ORD-1271,03-08-2025,C005,Everest Ltd,Corporate,P006,Monitor 27in,Electronics,Displays,Chennai,Tamil Nadu,South,2,24000,15,17000
ORD-1272,31-12-2024,C007,Ganga Supplies,Retail,P004,Standing Desk,Furniture,Desks,Kolkata,West Bengal,East,5,18000,5,12500
ORD-1273,26-08-2025,C004,Delta Stores,Retail,P003,Office Chair,Furniture,Seating,Mumbai,Maharashtra,West,3,8500,15,5600
ORD-1274,01-05-2025,C003,Chola Systems,Corporate,P003,Office Chair,Furniture,Seating,Chennai,Tamil Nadu,South,6,8500,0,5600
ORD-1275,25-12-2025,C008,Horizon Inc,Corporate,P003,Office Chair,Furniture,Seating,Chennai,Tamil Nadu,South,2,8500,0,5600
ORD-1276,15-10-2025,C005,Everest Ltd,Corporate,P003,Office Chair,Furniture,Seating,Delhi,Delhi,North,6,8500,5,5600
ORD-1277,12-01-2024,C006,Fair Mart,Consumer,P001,Laptop Pro 14,Electronics,Computers,Kolkata,West Bengal,East,4,72000,15,52000
ORD-1278,30-03-2025,C004,Delta Stores,Retail,P008,Printer Ink,Stationery,Supplies,Bangalore,Karnataka,South,6,1800,0,1500
ORD-1279,15-02-2024,C001,Aarav Traders,Corporate,P001,Laptop Pro 14,Electronics,Computers,Delhi,Delhi,North,2,72000,0,52000
ORD-1280,31-08-2024,C001,Aarav Traders,Corporate,P003,Office Chair,Furniture,Seating,Chennai,Tamil Nadu,South,1,8500,0,5600
ORD-1281,19-09-2025,C003,Chola Systems,Corporate,P004,Standing Desk,Furniture,Desks,Delhi,Delhi,North,2,18000,0,12500
ORD-1282,14-06-2025,C003,Chola Systems,Corporate,P007,Desk Lamp,Furniture,Lighting,Kolkata,West Bengal,East,1,2200,5,1300
ORD-1283,06-03-2024,C001,Aarav Traders,Corporate,P005,Notebook Pack,Stationery,Paper,Hyderabad,Telangana,South,1,350,10,180
ORD-1284,05-07-2025,C007,Ganga Supplies,Retail,P001,Laptop Pro 14,Electronics,Computers,Delhi,Delhi,North,1,72000,10,52000
ORD-1285,23-03-2024,C003,Chola Systems,Corporate,P008,Printer Ink,Stationery,Supplies,Bangalore,Karnataka,South,1,1800,0,1500
ORD-1286,24-09-2024,C001,Aarav Traders,Corporate,P004,Standing Desk,Furniture,Desks,Chennai,Tamil Nadu,South,2,18000,5,12500
ORD-1287,12-12-2025,C001,Aarav Traders,Corporate,P005,Notebook Pack,Stationery,Paper,Mumbai,Maharashtra,West,4,350,15,180
ORD-1288,26-11-2025,C005,Everest Ltd,Corporate,P007,Desk Lamp,Furniture,Lighting,Mumbai,Maharashtra,West,8,2200,0,1300
ORD-1289,28-03-2024,C003,Chola Systems,Corporate,P001,Laptop Pro 14,Electronics,Computers,Mumbai,Maharashtra,West,2,72000,0,52000
ORD-1290,26-07-2024,C006,Fair Mart,Consumer,P003,Office Chair,Furniture,Seating,Bangalore,Karnataka,South,1,8500,10,5600
ORD-1291,02-12-2024,C007,Ganga Supplies,Retail,P004,Standing Desk,Furniture,Desks,Hyderabad,Telangana,South,2,18000,15,12500
ORD-1292,25-04-2025,C001,Aarav Traders,Corporate,P008,Printer Ink,Stationery,Supplies,Chennai,Tamil Nadu,South,1,1800,10,1500
ORD-1293,27-08-2024,C004,Delta Stores,Retail,P005,Notebook Pack,Stationery,Paper,Delhi,Delhi,North,6,350,15,180
ORD-1294,22-08-2025,C003,Chola Systems,Corporate,P002,Wireless Mouse,Electronics,Accessories,Bangalore,Karnataka,South,2,1200,0,700
ORD-1295,28-01-2024,C002,Bright Retail,Retail,P002,Wireless Mouse,Electronics,Accessories,Kolkata,West Bengal,East,5,1200,0,700
ORD-1296,19-12-2024,C001,Aarav Traders,Corporate,P003,Office Chair,Furniture,Seating,Chennai,Tamil Nadu,South,8,8500,0,5600
ORD-1297,21-05-2024,C002,Bright Retail,Retail,P001,Laptop Pro 14,Electronics,Computers,Hyderabad,Telangana,South,1,72000,0,52000
ORD-1298,08-03-2024,C004,Delta Stores,Retail,P006,Monitor 27in,Electronics,Displays,Kolkata,West Bengal,East,2,24000,0,17000
ORD-1299,29-12-2025,C002,Bright Retail,Retail,P007,Desk Lamp,Furniture,Lighting,Bangalore,Karnataka,South,1,2200,0,1300
ORD-1300,27-07-2024,C001,Aarav Traders,Corporate,P002,Wireless Mouse,Electronics,Accessories,Chennai,Tamil Nadu,South,1,1200,0,700
ORD-1301,08-10-2025,C008,Horizon Inc,Corporate,P005,Notebook Pack,Stationery,Paper,Chennai,Tamil Nadu,South,4,350,0,180
ORD-1302,10-04-2024,C005,Everest Ltd,Corporate,P004,Standing Desk,Furniture,Desks,Mumbai,Maharashtra,West,2,18000,5,12500
ORD-1303,09-03-2025,C001,Aarav Traders,Corporate,P005,Notebook Pack,Stationery,Paper,Mumbai,Maharashtra,West,3,350,5,180
ORD-1304,16-10-2024,C006,Fair Mart,Consumer,P001,Laptop Pro 14,Electronics,Computers,Mumbai,Maharashtra,West,6,72000,15,52000
ORD-1305,30-05-2025,C005,Everest Ltd,Corporate,P008,Printer Ink,Stationery,Supplies,Kolkata,West Bengal,East,1,1800,0,1500
ORD-1306,26-02-2025,C007,Ganga Supplies,Retail,P001,Laptop Pro 14,Electronics,Computers,Kolkata,West Bengal,East,3,72000,0,52000
ORD-1307,21-12-2024,C001,Aarav Traders,Corporate,P008,Printer Ink,Stationery,Supplies,Kolkata,West Bengal,East,2,1800,15,1500
ORD-1308,09-08-2024,C005,Everest Ltd,Corporate,P002,Wireless Mouse,Electronics,Accessories,Bangalore,Karnataka,South,6,1200,10,700
ORD-1309,02-01-2024,C005,Everest Ltd,Corporate,P004,Standing Desk,Furniture,Desks,Chennai,Tamil Nadu,South,4,18000,0,12500
ORD-1310,22-12-2024,C002,Bright Retail,Retail,P008,Printer Ink,Stationery,Supplies,Delhi,Delhi,North,5,1800,0,1500
ORD-1311,21-05-2025,C005,Everest Ltd,Corporate,P006,Monitor 27in,Electronics,Displays,Kolkata,West Bengal,East,5,24000,0,17000
ORD-1312,17-10-2024,C004,Delta Stores,Retail,P004,Standing Desk,Furniture,Desks,Delhi,Delhi,North,6,18000,0,12500
ORD-1313,22-04-2024,C008,Horizon Inc,Corporate,P002,Wireless Mouse,Electronics,Accessories,Hyderabad,Telangana,South,4,1200,15,700
ORD-1314,17-04-2024,C006,Fair Mart,Consumer,P006,Monitor 27in,Electronics,Displays,Chennai,Tamil Nadu,South,4,24000,10,17000
ORD-1315,08-02-2025,C007,Ganga Supplies,Retail,P002,Wireless Mouse,Electronics,Accessories,Hyderabad,Telangana,South,2,1200,0,700
ORD-1316,15-01-2025,C005,Everest Ltd,Corporate,P004,Standing Desk,Furniture,Desks,Mumbai,Maharashtra,West,1,18000,10,12500
ORD-1317,12-07-2025,C007,Ganga Supplies,Retail,P003,Office Chair,Furniture,Seating,Hyderabad,Telangana,South,1,8500,0,5600
ORD-1318,16-04-2025,C001,Aarav Traders,Corporate,P003,Office Chair,Furniture,Seating,Mumbai,Maharashtra,West,4,8500,15,5600
ORD-1319,30-11-2024,C008,Horizon Inc,Corporate,P003,Office Chair,Furniture,Seating,Hyderabad,Telangana,South,4,8500,15,5600
ORD-1320,27-11-2024,C008,Horizon Inc,Corporate,P003,Office Chair,Furniture,Seating,Delhi,Delhi,North,6,8500,5,5600
ORD-1321,16-08-2025,C003,Chola Systems,Corporate,P004,Standing Desk,Furniture,Desks,Mumbai,Maharashtra,West,4,18000,10,12500
ORD-1322,20-10-2025,C004,Delta Stores,Retail,P004,Standing Desk,Furniture,Desks,Mumbai,Maharashtra,West,5,18000,5,12500
ORD-1323,21-12-2025,C003,Chola Systems,Corporate,P003,Office Chair,Furniture,Seating,Bangalore,Karnataka,South,1,8500,5,5600
ORD-1324,09-09-2025,C003,Chola Systems,Corporate,P006,Monitor 27in,Electronics,Displays,Bangalore,Karnataka,South,2,24000,5,17000
ORD-1325,12-07-2024,C002,Bright Retail,Retail,P005,Notebook Pack,Stationery,Paper,Bangalore,Karnataka,South,3,350,0,180
ORD-1326,19-07-2024,C003,Chola Systems,Corporate,P007,Desk Lamp,Furniture,Lighting,Bangalore,Karnataka,South,1,2200,5,1300
ORD-1327,31-10-2024,C005,Everest Ltd,Corporate,P007,Desk Lamp,Furniture,Lighting,Bangalore,Karnataka,South,2,2200,0,1300
ORD-1328,15-10-2025,C005,Everest Ltd,Corporate,P002,Wireless Mouse,Electronics,Accessories,Bangalore,Karnataka,South,2,1200,10,700
ORD-1329,20-04-2025,C001,Aarav Traders,Corporate,P001,Laptop Pro 14,Electronics,Computers,Delhi,Delhi,North,1,72000,10,52000
ORD-1330,11-12-2025,C005,Everest Ltd,Corporate,P004,Standing Desk,Furniture,Desks,Delhi,Delhi,North,1,18000,0,12500
ORD-1331,25-05-2024,C007,Ganga Supplies,Retail,P005,Notebook Pack,Stationery,Paper,Chennai,Tamil Nadu,South,2,350,0,180
ORD-1332,16-03-2025,C004,Delta Stores,Retail,P007,Desk Lamp,Furniture,Lighting,Hyderabad,Telangana,South,2,2200,15,1300
ORD-1333,22-08-2024,C002,Bright Retail,Retail,P003,Office Chair,Furniture,Seating,Delhi,Delhi,North,3,8500,10,5600
ORD-1334,16-11-2024,C002,Bright Retail,Retail,P005,Notebook Pack,Stationery,Paper,Delhi,Delhi,North,5,350,0,180
ORD-1335,13-02-2025,C005,Everest Ltd,Corporate,P003,Office Chair,Furniture,Seating,Delhi,Delhi,North,5,8500,10,5600
ORD-1336,11-04-2025,C007,Ganga Supplies,Retail,P001,Laptop Pro 14,Electronics,Computers,Kolkata,West Bengal,East,4,72000,0,52000
ORD-1337,01-11-2025,C001,Aarav Traders,Corporate,P006,Monitor 27in,Electronics,Displays,Delhi,Delhi,North,5,24000,10,17000
ORD-1338,18-04-2024,C005,Everest Ltd,Corporate,P001,Laptop Pro 14,Electronics,Computers,Kolkata,West Bengal,East,3,72000,0,52000
ORD-1339,13-06-2024,C006,Fair Mart,Consumer,P004,Standing Desk,Furniture,Desks,Chennai,Tamil Nadu,South,2,18000,15,12500
ORD-1340,12-04-2025,C008,Horizon Inc,Corporate,P004,Standing Desk,Furniture,Desks,Kolkata,West Bengal,East,1,18000,0,12500
ORD-1341,16-10-2025,C006,Fair Mart,Consumer,P006,Monitor 27in,Electronics,Displays,Delhi,Delhi,North,2,24000,10,17000
ORD-1342,03-08-2024,C007,Ganga Supplies,Retail,P003,Office Chair,Furniture,Seating,Kolkata,West Bengal,East,1,8500,0,5600
ORD-1343,20-09-2025,C001,Aarav Traders,Corporate,P006,Monitor 27in,Electronics,Displays,Mumbai,Maharashtra,West,2,24000,5,17000
ORD-1344,26-01-2025,C001,Aarav Traders,Corporate,P007,Desk Lamp,Furniture,Lighting,Chennai,Tamil Nadu,South,2,2200,0,1300
ORD-1345,04-03-2025,C006,Fair Mart,Consumer,P007,Desk Lamp,Furniture,Lighting,Kolkata,West Bengal,East,3,2200,5,1300
ORD-1346,21-04-2024,C005,Everest Ltd,Corporate,P004,Standing Desk,Furniture,Desks,Hyderabad,Telangana,South,3,18000,10,12500
ORD-1347,23-06-2025,C007,Ganga Supplies,Retail,P004,Standing Desk,Furniture,Desks,Delhi,Delhi,North,1,18000,0,12500
ORD-1348,17-06-2024,C002,Bright Retail,Retail,P003,Office Chair,Furniture,Seating,Hyderabad,Telangana,South,1,8500,0,5600
ORD-1349,25-04-2025,C003,Chola Systems,Corporate,P004,Standing Desk,Furniture,Desks,Mumbai,Maharashtra,West,2,18000,10,12500
ORD-1350,24-04-2025,C003,Chola Systems,Corporate,P005,Notebook Pack,Stationery,Paper,Delhi,Delhi,North,2,350,5,180
ORD-1351,23-08-2024,C007,Ganga Supplies,Retail,P005,Notebook Pack,Stationery,Paper,Hyderabad,Telangana,South,5,350,5,180
ORD-1352,12-03-2025,C008,Horizon Inc,Corporate,P003,Office Chair,Furniture,Seating,Chennai,Tamil Nadu,South,3,8500,5,5600
ORD-1353,01-01-2025,C005,Everest Ltd,Corporate,P004,Standing Desk,Furniture,Desks,Mumbai,Maharashtra,West,5,18000,10,12500
ORD-1354,11-05-2025,C002,Bright Retail,Retail,P007,Desk Lamp,Furniture,Lighting,Hyderabad,Telangana,South,4,2200,5,1300
ORD-1355,05-06-2024,C007,Ganga Supplies,Retail,P005,Notebook Pack,Stationery,Paper,Chennai,Tamil Nadu,South,2,350,0,180
ORD-1356,01-08-2025,C003,Chola Systems,Corporate,P006,Monitor 27in,Electronics,Displays,Kolkata,West Bengal,East,2,24000,5,17000
ORD-1357,10-10-2025,C001,Aarav Traders,Corporate,P001,Laptop Pro 14,Electronics,Computers,Bangalore,Karnataka,South,1,72000,0,52000
ORD-1358,02-11-2025,C005,Everest Ltd,Corporate,P005,Notebook Pack,Stationery,Paper,Kolkata,West Bengal,East,4,350,0,180
ORD-1359,15-08-2025,C004,Delta Stores,Retail,P003,Office Chair,Furniture,Seating,Bangalore,Karnataka,South,6,8500,10,5600
ORD-1360,20-12-2024,C004,Delta Stores,Retail,P003,Office Chair,Furniture,Seating,Delhi,Delhi,North,1,8500,15,5600
ORD-1361,20-06-2024,C005,Everest Ltd,Corporate,P002,Wireless Mouse,Electronics,Accessories,Bangalore,Karnataka,South,1,1200,10,700
ORD-1362,10-12-2025,C002,Bright Retail,Retail,P004,Standing Desk,Furniture,Desks,Hyderabad,Telangana,South,1,18000,10,12500
ORD-1363,18-11-2025,C002,Bright Retail,Retail,P002,Wireless Mouse,Electronics,Accessories,Mumbai,Maharashtra,West,4,1200,10,700
ORD-1364,27-08-2024,C008,Horizon Inc,Corporate,P003,Office Chair,Furniture,Seating,Delhi,Delhi,North,2,8500,15,5600
ORD-1365,29-02-2024,C008,Horizon Inc,Corporate,P008,Printer Ink,Stationery,Supplies,Bangalore,Karnataka,South,4,1800,10,1500
ORD-1366,09-09-2024,C003,Chola Systems,Corporate,P008,Printer Ink,Stationery,Supplies,Kolkata,West Bengal,East,7,1800,15,1500
ORD-1367,07-01-2024,C006,Fair Mart,Consumer,P003,Office Chair,Furniture,Seating,Delhi,Delhi,North,5,8500,15,5600
ORD-1368,24-05-2025,C008,Horizon Inc,Corporate,P005,Notebook Pack,Stationery,Paper,Mumbai,Maharashtra,West,3,350,10,180
ORD-1369,04-03-2025,C003,Chola Systems,Corporate,P002,Wireless Mouse,Electronics,Accessories,Hyderabad,Telangana,South,2,1200,5,700
ORD-1370,13-10-2025,C001,Aarav Traders,Corporate,P001,Laptop Pro 14,Electronics,Computers,Kolkata,West Bengal,East,1,72000,0,52000
ORD-1371,29-11-2025,C002,Bright Retail,Retail,P006,Monitor 27in,Electronics,Displays,Kolkata,West Bengal,East,8,24000,10,17000
ORD-1372,11-05-2025,C001,Aarav Traders,Corporate,P003,Office Chair,Furniture,Seating,Bangalore,Karnataka,South,2,8500,10,5600
ORD-1373,02-10-2025,C006,Fair Mart,Consumer,P003,Office Chair,Furniture,Seating,Chennai,Tamil Nadu,South,1,8500,5,5600
ORD-1374,15-12-2024,C004,Delta Stores,Retail,P008,Printer Ink,Stationery,Supplies,Mumbai,Maharashtra,West,9,1800,10,1500
ORD-1375,16-12-2024,C005,Everest Ltd,Corporate,P007,Desk Lamp,Furniture,Lighting,Kolkata,West Bengal,East,2,2200,0,1300
ORD-1376,23-10-2024,C006,Fair Mart,Consumer,P005,Notebook Pack,Stationery,Paper,Delhi,Delhi,North,2,350,10,180
ORD-1377,07-12-2024,C006,Fair Mart,Consumer,P005,Notebook Pack,Stationery,Paper,Bangalore,Karnataka,South,6,350,10,180
ORD-1378,30-04-2024,C004,Delta Stores,Retail,P006,Monitor 27in,Electronics,Displays,Mumbai,Maharashtra,West,5,24000,5,17000
ORD-1379,10-05-2024,C001,Aarav Traders,Corporate,P002,Wireless Mouse,Electronics,Accessories,Delhi,Delhi,North,6,1200,15,700
ORD-1380,19-02-2025,C007,Ganga Supplies,Retail,P001,Laptop Pro 14,Electronics,Computers,Mumbai,Maharashtra,West,3,72000,0,52000
ORD-1381,07-01-2024,C004,Delta Stores,Retail,P001,Laptop Pro 14,Electronics,Computers,Delhi,Delhi,North,1,72000,15,52000
ORD-1382,04-11-2025,C007,Ganga Supplies,Retail,P001,Laptop Pro 14,Electronics,Computers,Kolkata,West Bengal,East,5,72000,0,52000
ORD-1383,03-10-2025,C004,Delta Stores,Retail,P002,Wireless Mouse,Electronics,Accessories,Chennai,Tamil Nadu,South,4,1200,10,700
ORD-1384,02-10-2025,C002,Bright Retail,Retail,P003,Office Chair,Furniture,Seating,Hyderabad,Telangana,South,4,8500,0,5600
ORD-1385,07-02-2024,C002,Bright Retail,Retail,P007,Desk Lamp,Furniture,Lighting,Hyderabad,Telangana,South,3,2200,0,1300
ORD-1386,12-01-2025,C005,Everest Ltd,Corporate,P003,Office Chair,Furniture,Seating,Kolkata,West Bengal,East,3,8500,5,5600
ORD-1387,05-11-2024,C007,Ganga Supplies,Retail,P003,Office Chair,Furniture,Seating,Chennai,Tamil Nadu,South,8,8500,5,5600
ORD-1388,21-01-2024,C001,Aarav Traders,Corporate,P007,Desk Lamp,Furniture,Lighting,Delhi,Delhi,North,3,2200,15,1300
ORD-1389,18-06-2025,C002,Bright Retail,Retail,P001,Laptop Pro 14,Electronics,Computers,Delhi,Delhi,North,4,72000,15,52000
ORD-1390,13-12-2025,C008,Horizon Inc,Corporate,P007,Desk Lamp,Furniture,Lighting,Chennai,Tamil Nadu,South,1,2200,0,1300
ORD-1391,27-11-2025,C003,Chola Systems,Corporate,P007,Desk Lamp,Furniture,Lighting,Delhi,Delhi,North,2,2200,10,1300
ORD-1392,15-07-2025,C002,Bright Retail,Retail,P002,Wireless Mouse,Electronics,Accessories,Hyderabad,Telangana,South,1,1200,10,700
ORD-1393,05-08-2024,C001,Aarav Traders,Corporate,P003,Office Chair,Furniture,Seating,Delhi,Delhi,North,1,8500,0,5600
ORD-1394,10-01-2024,C002,Bright Retail,Retail,P002,Wireless Mouse,Electronics,Accessories,Bangalore,Karnataka,South,2,1200,0,700
ORD-1395,12-05-2024,C001,Aarav Traders,Corporate,P008,Printer Ink,Stationery,Supplies,Mumbai,Maharashtra,West,1,1800,15,1500
ORD-1396,05-09-2024,C003,Chola Systems,Corporate,P008,Printer Ink,Stationery,Supplies,Chennai,Tamil Nadu,South,2,1800,5,1500
ORD-1397,31-12-2025,C002,Bright Retail,Retail,P003,Office Chair,Furniture,Seating,Mumbai,Maharashtra,West,4,8500,15,5600
ORD-1398,27-12-2025,C008,Horizon Inc,Corporate,P008,Printer Ink,Stationery,Supplies,Hyderabad,Telangana,South,1,1800,5,1500
ORD-1399,23-02-2024,C001,Aarav Traders,Corporate,P001,Laptop Pro 14,Electronics,Computers,Chennai,Tamil Nadu,South,1,72000,0,52000
ORD-1400,28-10-2025,C007,Ganga Supplies,Retail,P002,Wireless Mouse,Electronics,Accessories,Mumbai,Maharashtra,West,5,1200,5,700
ORD-1401,06-09-2025,C008,Horizon Inc,Corporate,P003,Office Chair,Furniture,Seating,Kolkata,West Bengal,East,2,8500,0,5600
ORD-1402,19-11-2024,C008,Horizon Inc,Corporate,P006,Monitor 27in,Electronics,Displays,Delhi,Delhi,North,4,24000,0,17000
ORD-1403,28-05-2024,C006,Fair Mart,Consumer,P002,Wireless Mouse,Electronics,Accessories,Hyderabad,Telangana,South,6,1200,0,700
ORD-1404,06-10-2025,C008,Horizon Inc,Corporate,P007,Desk Lamp,Furniture,Lighting,Delhi,Delhi,North,6,2200,10,1300
ORD-1405,05-10-2024,C005,Everest Ltd,Corporate,P006,Monitor 27in,Electronics,Displays,Mumbai,Maharashtra,West,4,24000,0,17000
ORD-1406,28-09-2025,C001,Aarav Traders,Corporate,P006,Monitor 27in,Electronics,Displays,Bangalore,Karnataka,South,3,24000,15,17000
ORD-1407,12-11-2024,C004,Delta Stores,Retail,P007,Desk Lamp,Furniture,Lighting,Delhi,Delhi,North,5,2200,10,1300
ORD-1408,02-12-2025,C004,Delta Stores,Retail,P007,Desk Lamp,Furniture,Lighting,Delhi,Delhi,North,1,2200,5,1300
ORD-1409,06-12-2025,C006,Fair Mart,Consumer,P001,Laptop Pro 14,Electronics,Computers,Mumbai,Maharashtra,West,1,72000,5,52000
ORD-1410,08-03-2025,C001,Aarav Traders,Corporate,P003,Office Chair,Furniture,Seating,Mumbai,Maharashtra,West,5,8500,0,5600
ORD-1411,08-08-2025,C005,Everest Ltd,Corporate,P003,Office Chair,Furniture,Seating,Kolkata,West Bengal,East,4,8500,10,5600
ORD-1412,21-12-2024,C008,Horizon Inc,Corporate,P002,Wireless Mouse,Electronics,Accessories,Delhi,Delhi,North,1,1200,0,700
ORD-1413,27-08-2024,C001,Aarav Traders,Corporate,P005,Notebook Pack,Stationery,Paper,Hyderabad,Telangana,South,1,350,10,180
ORD-1414,21-04-2025,C005,Everest Ltd,Corporate,P004,Standing Desk,Furniture,Desks,Kolkata,West Bengal,East,6,18000,0,12500
ORD-1415,29-01-2025,C002,Bright Retail,Retail,P008,Printer Ink,Stationery,Supplies,Kolkata,West Bengal,East,3,1800,5,1500
ORD-1416,05-03-2024,C007,Ganga Supplies,Retail,P004,Standing Desk,Furniture,Desks,Kolkata,West Bengal,East,2,18000,15,12500
ORD-1417,22-09-2024,C008,Horizon Inc,Corporate,P006,Monitor 27in,Electronics,Displays,Kolkata,West Bengal,East,4,24000,15,17000
ORD-1418,25-07-2024,C004,Delta Stores,Retail,P004,Standing Desk,Furniture,Desks,Bangalore,Karnataka,South,2,18000,0,12500
ORD-1419,04-07-2024,C006,Fair Mart,Consumer,P005,Notebook Pack,Stationery,Paper,Kolkata,West Bengal,East,3,350,15,180
ORD-1420,02-01-2025,C003,Chola Systems,Corporate,P007,Desk Lamp,Furniture,Lighting,Bangalore,Karnataka,South,6,2200,0,1300
ORD-1421,20-05-2025,C002,Bright Retail,Retail,P006,Monitor 27in,Electronics,Displays,Mumbai,Maharashtra,West,3,24000,10,17000
ORD-1422,24-03-2024,C006,Fair Mart,Consumer,P003,Office Chair,Furniture,Seating,Kolkata,West Bengal,East,2,8500,0,5600
ORD-1423,19-12-2024,C001,Aarav Traders,Corporate,P005,Notebook Pack,Stationery,Paper,Chennai,Tamil Nadu,South,5,350,0,180
ORD-1424,28-07-2024,C004,Delta Stores,Retail,P008,Printer Ink,Stationery,Supplies,Mumbai,Maharashtra,West,3,1800,5,1500
ORD-1425,12-03-2025,C008,Horizon Inc,Corporate,P002,Wireless Mouse,Electronics,Accessories,Kolkata,West Bengal,East,3,1200,15,700
ORD-1426,14-05-2024,C001,Aarav Traders,Corporate,P005,Notebook Pack,Stationery,Paper,Mumbai,Maharashtra,West,2,350,0,180
ORD-1427,04-07-2024,C002,Bright Retail,Retail,P007,Desk Lamp,Furniture,Lighting,Chennai,Tamil Nadu,South,4,2200,0,1300
ORD-1428,05-02-2024,C008,Horizon Inc,Corporate,P006,Monitor 27in,Electronics,Displays,Delhi,Delhi,North,5,24000,0,17000
ORD-1429,04-09-2025,C002,Bright Retail,Retail,P007,Desk Lamp,Furniture,Lighting,Hyderabad,Telangana,South,1,2200,0,1300
ORD-1430,20-09-2024,C004,Delta Stores,Retail,P006,Monitor 27in,Electronics,Displays,Hyderabad,Telangana,South,3,24000,0,17000
ORD-1431,16-11-2025,C003,Chola Systems,Corporate,P007,Desk Lamp,Furniture,Lighting,Delhi,Delhi,North,1,2200,0,1300
ORD-1432,14-01-2025,C004,Delta Stores,Retail,P004,Standing Desk,Furniture,Desks,Bangalore,Karnataka,South,2,18000,0,12500
ORD-1433,19-09-2024,C001,Aarav Traders,Corporate,P006,Monitor 27in,Electronics,Displays,Kolkata,West Bengal,East,2,24000,0,17000
ORD-1434,18-02-2024,C008,Horizon Inc,Corporate,P005,Notebook Pack,Stationery,Paper,Chennai,Tamil Nadu,South,4,350,0,180
ORD-1435,28-05-2024,C001,Aarav Traders,Corporate,P006,Monitor 27in,Electronics,Displays,Bangalore,Karnataka,South,4,24000,5,17000
ORD-1436,26-08-2025,C002,Bright Retail,Retail,P008,Printer Ink,Stationery,Supplies,Delhi,Delhi,North,4,1800,5,1500
ORD-1437,15-01-2025,C007,Ganga Supplies,Retail,P005,Notebook Pack,Stationery,Paper,Chennai,Tamil Nadu,South,4,350,5,180
ORD-1438,07-05-2025,C003,Chola Systems,Corporate,P007,Desk Lamp,Furniture,Lighting,Delhi,Delhi,North,5,2200,0,1300
ORD-1439,26-05-2024,C008,Horizon Inc,Corporate,P001,Laptop Pro 14,Electronics,Computers,Hyderabad,Telangana,South,3,72000,0,52000
ORD-1440,06-02-2024,C004,Delta Stores,Retail,P003,Office Chair,Furniture,Seating,Chennai,Tamil Nadu,South,2,8500,15,5600
ORD-1441,17-01-2025,C008,Horizon Inc,Corporate,P003,Office Chair,Furniture,Seating,Chennai,Tamil Nadu,South,3,8500,10,5600
ORD-1442,23-01-2024,C008,Horizon Inc,Corporate,P002,Wireless Mouse,Electronics,Accessories,Mumbai,Maharashtra,West,3,1200,5,700
ORD-1443,27-08-2024,C002,Bright Retail,Retail,P008,Printer Ink,Stationery,Supplies,Hyderabad,Telangana,South,2,1800,5,1500
ORD-1444,26-05-2024,C004,Delta Stores,Retail,P006,Monitor 27in,Electronics,Displays,Hyderabad,Telangana,South,2,24000,0,17000
ORD-1445,03-07-2024,C003,Chola Systems,Corporate,P008,Printer Ink,Stationery,Supplies,Delhi,Delhi,North,2,1800,0,1500
ORD-1446,29-09-2024,C007,Ganga Supplies,Retail,P007,Desk Lamp,Furniture,Lighting,Bangalore,Karnataka,South,3,2200,0,1300
ORD-1447,27-01-2024,C005,Everest Ltd,Corporate,P005,Notebook Pack,Stationery,Paper,Mumbai,Maharashtra,West,1,350,0,180
ORD-1448,23-09-2024,C002,Bright Retail,Retail,P008,Printer Ink,Stationery,Supplies,Mumbai,Maharashtra,West,1,1800,10,1500
ORD-1449,09-05-2025,C003,Chola Systems,Corporate,P002,Wireless Mouse,Electronics,Accessories,Kolkata,West Bengal,East,1,1200,0,700
ORD-1450,08-10-2025,C008,Horizon Inc,Corporate,P004,Standing Desk,Furniture,Desks,Mumbai,Maharashtra,West,1,18000,0,12500
ORD-1451,20-09-2024,C006,Fair Mart,Consumer,P004,Standing Desk,Furniture,Desks,Delhi,Delhi,North,2,18000,5,12500
ORD-1452,01-09-2024,C002,Bright Retail,Retail,P004,Standing Desk,Furniture,Desks,Delhi,Delhi,North,2,18000,5,12500
ORD-1453,01-03-2025,C001,Aarav Traders,Corporate,P003,Office Chair,Furniture,Seating,Hyderabad,Telangana,South,2,8500,5,5600
ORD-1454,27-05-2024,C008,Horizon Inc,Corporate,P001,Laptop Pro 14,Electronics,Computers,Kolkata,West Bengal,East,6,72000,5,52000
ORD-1455,07-06-2025,C008,Horizon Inc,Corporate,P003,Office Chair,Furniture,Seating,Chennai,Tamil Nadu,South,3,8500,15,5600
ORD-1456,20-10-2024,C006,Fair Mart,Consumer,P003,Office Chair,Furniture,Seating,Delhi,Delhi,North,1,8500,0,5600
ORD-1457,22-02-2025,C005,Everest Ltd,Corporate,P004,Standing Desk,Furniture,Desks,Kolkata,West Bengal,East,2,18000,0,12500
ORD-1458,21-05-2024,C004,Delta Stores,Retail,P003,Office Chair,Furniture,Seating,Hyderabad,Telangana,South,6,8500,0,5600
ORD-1459,20-07-2024,C002,Bright Retail,Retail,P002,Wireless Mouse,Electronics,Accessories,Kolkata,West Bengal,East,3,1200,10,700
ORD-1460,07-10-2024,C004,Delta Stores,Retail,P003,Office Chair,Furniture,Seating,Bangalore,Karnataka,South,5,8500,15,5600
ORD-1461,16-11-2025,C005,Everest Ltd,Corporate,P004,Standing Desk,Furniture,Desks,Bangalore,Karnataka,South,2,18000,0,12500
ORD-1462,08-03-2024,C001,Aarav Traders,Corporate,P007,Desk Lamp,Furniture,Lighting,Kolkata,West Bengal,East,1,2200,5,1300
ORD-1463,09-12-2024,C008,Horizon Inc,Corporate,P005,Notebook Pack,Stationery,Paper,Chennai,Tamil Nadu,South,2,350,0,180
ORD-1464,23-02-2025,C003,Chola Systems,Corporate,P008,Printer Ink,Stationery,Supplies,Hyderabad,Telangana,South,7,1800,5,1500
ORD-1465,11-09-2024,C006,Fair Mart,Consumer,P003,Office Chair,Furniture,Seating,Chennai,Tamil Nadu,South,4,8500,0,5600
ORD-1466,20-12-2025,C001,Aarav Traders,Corporate,P006,Monitor 27in,Electronics,Displays,Mumbai,Maharashtra,West,2,24000,15,17000
ORD-1467,01-04-2025,C002,Bright Retail,Retail,P002,Wireless Mouse,Electronics,Accessories,Mumbai,Maharashtra,West,6,1200,0,700
ORD-1468,24-11-2024,C001,Aarav Traders,Corporate,P007,Desk Lamp,Furniture,Lighting,Mumbai,Maharashtra,West,9,2200,0,1300
ORD-1469,21-05-2025,C001,Aarav Traders,Corporate,P008,Printer Ink,Stationery,Supplies,Kolkata,West Bengal,East,6,1800,15,1500
ORD-1470,17-05-2024,C004,Delta Stores,Retail,P001,Laptop Pro 14,Electronics,Computers,Chennai,Tamil Nadu,South,2,72000,0,52000
ORD-1471,25-09-2025,C003,Chola Systems,Corporate,P003,Office Chair,Furniture,Seating,Chennai,Tamil Nadu,South,2,8500,5,5600
ORD-1472,13-09-2024,C001,Aarav Traders,Corporate,P001,Laptop Pro 14,Electronics,Computers,Chennai,Tamil Nadu,South,6,72000,0,52000
ORD-1473,24-09-2024,C008,Horizon Inc,Corporate,P001,Laptop Pro 14,Electronics,Computers,Kolkata,West Bengal,East,1,72000,0,52000
ORD-1474,20-12-2025,C002,Bright Retail,Retail,P008,Printer Ink,Stationery,Supplies,Mumbai,Maharashtra,West,6,1800,0,1500
ORD-1475,02-07-2024,C005,Everest Ltd,Corporate,P001,Laptop Pro 14,Electronics,Computers,Chennai,Tamil Nadu,South,1,72000,10,52000
ORD-1476,20-05-2025,C002,Bright Retail,Retail,P005,Notebook Pack,Stationery,Paper,Chennai,Tamil Nadu,South,2,350,0,180
ORD-1477,19-02-2025,C004,Delta Stores,Retail,P003,Office Chair,Furniture,Seating,Bangalore,Karnataka,South,4,8500,0,5600
ORD-1478,15-11-2025,C007,Ganga Supplies,Retail,P008,Printer Ink,Stationery,Supplies,Bangalore,Karnataka,South,8,1800,0,1500
ORD-1479,12-10-2025,C007,Ganga Supplies,Retail,P007,Desk Lamp,Furniture,Lighting,Kolkata,West Bengal,East,4,2200,15,1300
ORD-1480,22-06-2025,C007,Ganga Supplies,Retail,P001,Laptop Pro 14,Electronics,Computers,Chennai,Tamil Nadu,South,1,72000,5,52000
ORD-1481,12-12-2024,C004,Delta Stores,Retail,P007,Desk Lamp,Furniture,Lighting,Mumbai,Maharashtra,West,6,2200,10,1300
ORD-1482,31-07-2025,C007,Ganga Supplies,Retail,P006,Monitor 27in,Electronics,Displays,Kolkata,West Bengal,East,2,24000,0,17000
ORD-1483,28-11-2024,C006,Fair Mart,Consumer,P003,Office Chair,Furniture,Seating,Bangalore,Karnataka,South,9,8500,10,5600
ORD-1484,10-11-2025,C006,Fair Mart,Consumer,P001,Laptop Pro 14,Electronics,Computers,Chennai,Tamil Nadu,South,4,72000,15,52000
ORD-1485,10-07-2024,C006,Fair Mart,Consumer,P002,Wireless Mouse,Electronics,Accessories,Delhi,Delhi,North,2,1200,0,700
ORD-1486,31-05-2025,C004,Delta Stores,Retail,P001,Laptop Pro 14,Electronics,Computers,Bangalore,Karnataka,South,2,72000,10,52000
ORD-1487,10-02-2025,C001,Aarav Traders,Corporate,P008,Printer Ink,Stationery,Supplies,Chennai,Tamil Nadu,South,2,1800,0,1500
ORD-1488,18-10-2025,C005,Everest Ltd,Corporate,P005,Notebook Pack,Stationery,Paper,Hyderabad,Telangana,South,4,350,15,180
ORD-1489,06-02-2024,C005,Everest Ltd,Corporate,P002,Wireless Mouse,Electronics,Accessories,Chennai,Tamil Nadu,South,1,1200,15,700
ORD-1490,14-01-2024,C004,Delta Stores,Retail,P007,Desk Lamp,Furniture,Lighting,Chennai,Tamil Nadu,South,2,2200,5,1300
ORD-1491,25-04-2024,C006,Fair Mart,Consumer,P005,Notebook Pack,Stationery,Paper,Hyderabad,Telangana,South,2,350,0,180
ORD-1492,03-05-2024,C005,Everest Ltd,Corporate,P001,Laptop Pro 14,Electronics,Computers,Chennai,Tamil Nadu,South,1,72000,10,52000
ORD-1493,27-08-2025,C008,Horizon Inc,Corporate,P003,Office Chair,Furniture,Seating,Chennai,Tamil Nadu,South,3,8500,15,5600
ORD-1494,14-05-2024,C007,Ganga Supplies,Retail,P005,Notebook Pack,Stationery,Paper,Kolkata,West Bengal,East,2,350,5,180
ORD-1495,07-10-2024,C002,Bright Retail,Retail,P004,Standing Desk,Furniture,Desks,Hyderabad,Telangana,South,1,18000,15,12500
ORD-1496,21-10-2024,C004,Delta Stores,Retail,P008,Printer Ink,Stationery,Supplies,Hyderabad,Telangana,South,4,1800,10,1500
ORD-1497,25-07-2024,C008,Horizon Inc,Corporate,P006,Monitor 27in,Electronics,Displays,Kolkata,West Bengal,East,2,24000,5,17000
ORD-1498,19-09-2025,C008,Horizon Inc,Corporate,P008,Printer Ink,Stationery,Supplies,Mumbai,Maharashtra,West,3,1800,0,1500
ORD-1499,05-09-2024,C004,Delta Stores,Retail,P006,Monitor 27in,Electronics,Displays,Bangalore,Karnataka,South,2,24000,15,17000
ORD-1500,13-07-2025,C007,Ganga Supplies,Retail,P007,Desk Lamp,Furniture,Lighting,Chennai,Tamil Nadu,South,3,2200,5,1300
ORD-1501,15-06-2024,C006,Fair Mart,Consumer,P004,Standing Desk,Furniture,Desks,Kolkata,West Bengal,East,2,18000,5,12500
ORD-1502,18-05-2025,C005,Everest Ltd,Corporate,P005,Notebook Pack,Stationery,Paper,Bangalore,Karnataka,South,4,350,5,180
ORD-1503,28-02-2024,C003,Chola Systems,Corporate,P001,Laptop Pro 14,Electronics,Computers,Kolkata,West Bengal,East,1,72000,0,52000
ORD-1504,12-09-2025,C008,Horizon Inc,Corporate,P006,Monitor 27in,Electronics,Displays,Hyderabad,Telangana,South,1,24000,0,17000
ORD-1505,13-06-2025,C008,Horizon Inc,Corporate,P007,Desk Lamp,Furniture,Lighting,Mumbai,Maharashtra,West,1,2200,0,1300
ORD-1506,17-06-2025,C003,Chola Systems,Corporate,P004,Standing Desk,Furniture,Desks,Delhi,Delhi,North,1,18000,5,12500
ORD-1507,15-11-2025,C003,Chola Systems,Corporate,P006,Monitor 27in,Electronics,Displays,Hyderabad,Telangana,South,8,24000,0,17000
ORD-1508,23-09-2025,C002,Bright Retail,Retail,P005,Notebook Pack,Stationery,Paper,Hyderabad,Telangana,South,3,350,10,180
ORD-1509,02-10-2024,C007,Ganga Supplies,Retail,P003,Office Chair,Furniture,Seating,Chennai,Tamil Nadu,South,2,8500,0,5600
ORD-1510,24-02-2025,C008,Horizon Inc,Corporate,P002,Wireless Mouse,Electronics,Accessories,Delhi,Delhi,North,3,1200,15,700
ORD-1511,02-06-2024,C005,Everest Ltd,Corporate,P007,Desk Lamp,Furniture,Lighting,Kolkata,West Bengal,East,4,2200,15,1300
ORD-1512,23-04-2024,C008,Horizon Inc,Corporate,P007,Desk Lamp,Furniture,Lighting,Hyderabad,Telangana,South,2,2200,10,1300
ORD-1513,21-10-2024,C005,Everest Ltd,Corporate,P006,Monitor 27in,Electronics,Displays,Mumbai,Maharashtra,West,4,24000,10,17000
ORD-1514,22-06-2025,C006,Fair Mart,Consumer,P007,Desk Lamp,Furniture,Lighting,Chennai,Tamil Nadu,South,4,2200,10,1300
ORD-1515,24-01-2025,C005,Everest Ltd,Corporate,P008,Printer Ink,Stationery,Supplies,Bangalore,Karnataka,South,1,1800,15,1500
ORD-1516,07-11-2024,C007,Ganga Supplies,Retail,P003,Office Chair,Furniture,Seating,Kolkata,West Bengal,East,5,8500,10,5600
ORD-1517,18-08-2025,C002,Bright Retail,Retail,P004,Standing Desk,Furniture,Desks,Mumbai,Maharashtra,West,1,18000,5,12500
ORD-1518,14-09-2025,C006,Fair Mart,Consumer,P004,Standing Desk,Furniture,Desks,Bangalore,Karnataka,South,5,18000,10,12500
ORD-1519,11-01-2024,C001,Aarav Traders,Corporate,P001,Laptop Pro 14,Electronics,Computers,Mumbai,Maharashtra,West,4,72000,15,52000
ORD-1520,24-05-2025,C005,Everest Ltd,Corporate,P005,Notebook Pack,Stationery,Paper,Kolkata,West Bengal,East,3,350,15,180
ORD-1521,23-03-2025,C007,Ganga Supplies,Retail,P007,Desk Lamp,Furniture,Lighting,Delhi,Delhi,North,8,2200,5,1300
ORD-1522,11-02-2024,C008,Horizon Inc,Corporate,P006,Monitor 27in,Electronics,Displays,Chennai,Tamil Nadu,South,5,24000,0,17000
ORD-1523,21-06-2025,C002,Bright Retail,Retail,P004,Standing Desk,Furniture,Desks,Delhi,Delhi,North,2,18000,5,12500
ORD-1524,27-05-2025,C003,Chola Systems,Corporate,P007,Desk Lamp,Furniture,Lighting,Bangalore,Karnataka,South,1,2200,10,1300
ORD-1525,13-05-2025,C008,Horizon Inc,Corporate,P007,Desk Lamp,Furniture,Lighting,Kolkata,West Bengal,East,2,2200,15,1300
ORD-1526,17-12-2024,C003,Chola Systems,Corporate,P002,Wireless Mouse,Electronics,Accessories,Mumbai,Maharashtra,West,4,1200,5,700
ORD-1527,10-01-2025,C005,Everest Ltd,Corporate,P002,Wireless Mouse,Electronics,Accessories,Kolkata,West Bengal,East,2,1200,0,700
ORD-1528,23-04-2024,C006,Fair Mart,Consumer,P005,Notebook Pack,Stationery,Paper,Kolkata,West Bengal,East,1,350,10,180
ORD-1529,08-10-2025,C005,Everest Ltd,Corporate,P003,Office Chair,Furniture,Seating,Kolkata,West Bengal,East,2,8500,0,5600
ORD-1530,01-06-2025,C007,Ganga Supplies,Retail,P004,Standing Desk,Furniture,Desks,Bangalore,Karnataka,South,4,18000,0,12500
ORD-1531,07-10-2025,C006,Fair Mart,Consumer,P002,Wireless Mouse,Electronics,Accessories,Kolkata,West Bengal,East,8,1200,0,700
ORD-1532,09-12-2025,C001,Aarav Traders,Corporate,P007,Desk Lamp,Furniture,Lighting,Chennai,Tamil Nadu,South,1,2200,5,1300
ORD-1533,28-12-2025,C005,Everest Ltd,Corporate,P001,Laptop Pro 14,Electronics,Computers,Delhi,Delhi,North,2,72000,0,52000
ORD-1534,23-08-2025,C001,Aarav Traders,Corporate,P001,Laptop Pro 14,Electronics,Computers,Bangalore,Karnataka,South,3,72000,0,52000
ORD-1535,24-05-2025,C003,Chola Systems,Corporate,P005,Notebook Pack,Stationery,Paper,Kolkata,West Bengal,East,3,350,0,180
ORD-1536,24-02-2025,C003,Chola Systems,Corporate,P002,Wireless Mouse,Electronics,Accessories,Bangalore,Karnataka,South,2,1200,15,700
ORD-1537,05-06-2025,C001,Aarav Traders,Corporate,P002,Wireless Mouse,Electronics,Accessories,Chennai,Tamil Nadu,South,1,1200,0,700
ORD-1538,23-06-2024,C008,Horizon Inc,Corporate,P008,Printer Ink,Stationery,Supplies,Kolkata,West Bengal,East,1,1800,10,1500
ORD-1539,04-03-2024,C006,Fair Mart,Consumer,P001,Laptop Pro 14,Electronics,Computers,Bangalore,Karnataka,South,3,72000,0,52000
ORD-1540,28-12-2024,C003,Chola Systems,Corporate,P005,Notebook Pack,Stationery,Paper,Chennai,Tamil Nadu,South,2,350,5,180
ORD-1541,05-10-2025,C002,Bright Retail,Retail,P002,Wireless Mouse,Electronics,Accessories,Mumbai,Maharashtra,West,4,1200,0,700
ORD-1542,05-04-2025,C001,Aarav Traders,Corporate,P007,Desk Lamp,Furniture,Lighting,Chennai,Tamil Nadu,South,8,2200,0,1300
ORD-1543,09-02-2025,C008,Horizon Inc,Corporate,P001,Laptop Pro 14,Electronics,Computers,Chennai,Tamil Nadu,South,2,72000,15,52000
ORD-1544,01-09-2024,C004,Delta Stores,Retail,P004,Standing Desk,Furniture,Desks,Chennai,Tamil Nadu,South,4,18000,0,12500
ORD-1545,24-08-2025,C006,Fair Mart,Consumer,P003,Office Chair,Furniture,Seating,Chennai,Tamil Nadu,South,3,8500,10,5600
ORD-1546,06-11-2024,C005,Everest Ltd,Corporate,P007,Desk Lamp,Furniture,Lighting,Delhi,Delhi,North,1,2200,0,1300
ORD-1547,05-09-2024,C004,Delta Stores,Retail,P007,Desk Lamp,Furniture,Lighting,Delhi,Delhi,North,4,2200,5,1300
ORD-1548,12-02-2025,C001,Aarav Traders,Corporate,P008,Printer Ink,Stationery,Supplies,Bangalore,Karnataka,South,1,1800,0,1500
ORD-1549,26-06-2024,C006,Fair Mart,Consumer,P003,Office Chair,Furniture,Seating,Delhi,Delhi,North,1,8500,0,5600
ORD-1550,08-01-2024,C007,Ganga Supplies,Retail,P005,Notebook Pack,Stationery,Paper,Kolkata,West Bengal,East,6,350,5,180
ORD-1551,27-04-2024,C007,Ganga Supplies,Retail,P006,Monitor 27in,Electronics,Displays,Mumbai,Maharashtra,West,3,24000,10,17000
ORD-1552,28-10-2025,C002,Bright Retail,Retail,P002,Wireless Mouse,Electronics,Accessories,Delhi,Delhi,North,1,1200,5,700
ORD-1553,21-07-2025,C007,Ganga Supplies,Retail,P004,Standing Desk,Furniture,Desks,Bangalore,Karnataka,South,1,18000,10,12500
ORD-1554,17-10-2024,C004,Delta Stores,Retail,P006,Monitor 27in,Electronics,Displays,Delhi,Delhi,North,5,24000,0,17000
ORD-1555,12-10-2024,C006,Fair Mart,Consumer,P001,Laptop Pro 14,Electronics,Computers,Bangalore,Karnataka,South,2,72000,0,52000
ORD-1556,23-12-2025,C002,Bright Retail,Retail,P003,Office Chair,Furniture,Seating,Bangalore,Karnataka,South,4,8500,5,5600
ORD-1557,11-07-2025,C008,Horizon Inc,Corporate,P003,Office Chair,Furniture,Seating,Delhi,Delhi,North,1,8500,0,5600
ORD-1558,12-06-2024,C006,Fair Mart,Consumer,P006,Monitor 27in,Electronics,Displays,Bangalore,Karnataka,South,3,24000,10,17000
ORD-1559,20-01-2025,C005,Everest Ltd,Corporate,P004,Standing Desk,Furniture,Desks,Delhi,Delhi,North,2,18000,15,12500
ORD-1560,28-07-2024,C008,Horizon Inc,Corporate,P004,Standing Desk,Furniture,Desks,Hyderabad,Telangana,South,4,18000,0,12500
ORD-1561,24-12-2025,C008,Horizon Inc,Corporate,P005,Notebook Pack,Stationery,Paper,Kolkata,West Bengal,East,4,350,5,180
ORD-1562,01-07-2025,C007,Ganga Supplies,Retail,P004,Standing Desk,Furniture,Desks,Kolkata,West Bengal,East,4,18000,15,12500
ORD-1563,05-08-2024,C002,Bright Retail,Retail,P003,Office Chair,Furniture,Seating,Hyderabad,Telangana,South,3,8500,15,5600
ORD-1564,03-04-2024,C007,Ganga Supplies,Retail,P005,Notebook Pack,Stationery,Paper,Chennai,Tamil Nadu,South,1,350,15,180
ORD-1565,28-05-2024,C001,Aarav Traders,Corporate,P005,Notebook Pack,Stationery,Paper,Delhi,Delhi,North,1,350,0,180
ORD-1566,12-12-2025,C004,Delta Stores,Retail,P003,Office Chair,Furniture,Seating,Mumbai,Maharashtra,West,4,8500,0,5600
ORD-1567,09-11-2025,C002,Bright Retail,Retail,P002,Wireless Mouse,Electronics,Accessories,Kolkata,West Bengal,East,1,1200,5,700
ORD-1568,27-05-2025,C004,Delta Stores,Retail,P005,Notebook Pack,Stationery,Paper,Chennai,Tamil Nadu,South,2,350,5,180
ORD-1569,31-03-2024,C005,Everest Ltd,Corporate,P004,Standing Desk,Furniture,Desks,Bangalore,Karnataka,South,3,18000,10,12500
ORD-1570,16-10-2024,C007,Ganga Supplies,Retail,P006,Monitor 27in,Electronics,Displays,Delhi,Delhi,North,4,24000,0,17000
ORD-1571,10-10-2024,C001,Aarav Traders,Corporate,P003,Office Chair,Furniture,Seating,Mumbai,Maharashtra,West,1,8500,5,5600
ORD-1572,26-02-2025,C008,Horizon Inc,Corporate,P001,Laptop Pro 14,Electronics,Computers,Bangalore,Karnataka,South,1,72000,10,52000
ORD-1573,26-12-2024,C003,Chola Systems,Corporate,P002,Wireless Mouse,Electronics,Accessories,Mumbai,Maharashtra,West,4,1200,0,700
ORD-1574,04-10-2024,C001,Aarav Traders,Corporate,P004,Standing Desk,Furniture,Desks,Delhi,Delhi,North,1,18000,0,12500
ORD-1575,15-09-2025,C007,Ganga Supplies,Retail,P003,Office Chair,Furniture,Seating,Bangalore,Karnataka,South,2,8500,5,5600
ORD-1576,08-06-2024,C001,Aarav Traders,Corporate,P007,Desk Lamp,Furniture,Lighting,Kolkata,West Bengal,East,1,2200,5,1300
ORD-1577,06-10-2025,C004,Delta Stores,Retail,P003,Office Chair,Furniture,Seating,Kolkata,West Bengal,East,4,8500,10,5600
ORD-1578,17-06-2025,C007,Ganga Supplies,Retail,P005,Notebook Pack,Stationery,Paper,Hyderabad,Telangana,South,3,350,15,180
ORD-1579,23-12-2024,C002,Bright Retail,Retail,P001,Laptop Pro 14,Electronics,Computers,Hyderabad,Telangana,South,1,72000,5,52000
ORD-1580,13-02-2024,C004,Delta Stores,Retail,P001,Laptop Pro 14,Electronics,Computers,Hyderabad,Telangana,South,3,72000,0,52000
ORD-1581,08-02-2024,C004,Delta Stores,Retail,P006,Monitor 27in,Electronics,Displays,Mumbai,Maharashtra,West,2,24000,0,17000
ORD-1582,03-03-2025,C004,Delta Stores,Retail,P007,Desk Lamp,Furniture,Lighting,Mumbai,Maharashtra,West,3,2200,15,1300
ORD-1583,02-04-2024,C007,Ganga Supplies,Retail,P006,Monitor 27in,Electronics,Displays,Delhi,Delhi,North,5,24000,5,17000
ORD-1584,09-12-2025,C001,Aarav Traders,Corporate,P008,Printer Ink,Stationery,Supplies,Hyderabad,Telangana,South,2,1800,0,1500
ORD-1585,14-03-2025,C008,Horizon Inc,Corporate,P003,Office Chair,Furniture,Seating,Bangalore,Karnataka,South,2,8500,0,5600
ORD-1586,20-12-2025,C003,Chola Systems,Corporate,P005,Notebook Pack,Stationery,Paper,Kolkata,West Bengal,East,8,350,0,180
ORD-1587,14-10-2025,C005,Everest Ltd,Corporate,P004,Standing Desk,Furniture,Desks,Bangalore,Karnataka,South,2,18000,0,12500
ORD-1588,21-06-2024,C006,Fair Mart,Consumer,P006,Monitor 27in,Electronics,Displays,Delhi,Delhi,North,4,24000,0,17000
ORD-1589,25-07-2024,C003,Chola Systems,Corporate,P005,Notebook Pack,Stationery,Paper,Bangalore,Karnataka,South,1,350,10,180
ORD-1590,17-11-2025,C004,Delta Stores,Retail,P008,Printer Ink,Stationery,Supplies,Hyderabad,Telangana,South,1,1800,0,1500
ORD-1591,07-01-2024,C003,Chola Systems,Corporate,P008,Printer Ink,Stationery,Supplies,Hyderabad,Telangana,South,3,1800,5,1500
ORD-1592,15-12-2025,C003,Chola Systems,Corporate,P005,Notebook Pack,Stationery,Paper,Hyderabad,Telangana,South,6,350,0,180
ORD-1593,24-08-2025,C006,Fair Mart,Consumer,P004,Standing Desk,Furniture,Desks,Hyderabad,Telangana,South,4,18000,0,12500
ORD-1594,15-07-2025,C003,Chola Systems,Corporate,P007,Desk Lamp,Furniture,Lighting,Hyderabad,Telangana,South,1,2200,0,1300
ORD-1595,05-09-2025,C007,Ganga Supplies,Retail,P008,Printer Ink,Stationery,Supplies,Bangalore,Karnataka,South,1,1800,0,1500
ORD-1596,07-12-2025,C001,Aarav Traders,Corporate,P005,Notebook Pack,Stationery,Paper,Mumbai,Maharashtra,West,5,350,10,180
ORD-1597,30-07-2024,C001,Aarav Traders,Corporate,P001,Laptop Pro 14,Electronics,Computers,Mumbai,Maharashtra,West,1,72000,5,52000
ORD-1598,20-07-2024,C005,Everest Ltd,Corporate,P002,Wireless Mouse,Electronics,Accessories,Delhi,Delhi,North,1,1200,0,700
ORD-1599,14-06-2024,C008,Horizon Inc,Corporate,P006,Monitor 27in,Electronics,Displays,Delhi,Delhi,North,4,24000,15,17000
ORD-1600,06-01-2025,C003,Chola Systems,Corporate,P005,Notebook Pack,Stationery,Paper,Kolkata,West Bengal,East,1,350,0,180
ORD-1601,16-02-2024,C008,Horizon Inc,Corporate,P001,Laptop Pro 14,Electronics,Computers,Delhi,Delhi,North,4,72000,0,52000
ORD-1602,05-12-2024,C002,Bright Retail,Retail,P005,Notebook Pack,Stationery,Paper,Hyderabad,Telangana,South,1,350,10,180
ORD-1603,20-03-2025,C004,Delta Stores,Retail,P008,Printer Ink,Stationery,Supplies,Kolkata,West Bengal,East,1,1800,5,1500
ORD-1604,09-01-2024,C002,Bright Retail,Retail,P006,Monitor 27in,Electronics,Displays,Hyderabad,Telangana,South,1,24000,5,17000
ORD-1605,04-10-2025,C004,Delta Stores,Retail,P005,Notebook Pack,Stationery,Paper,Chennai,Tamil Nadu,South,4,350,0,180
ORD-1606,29-01-2024,C007,Ganga Supplies,Retail,P001,Laptop Pro 14,Electronics,Computers,Bangalore,Karnataka,South,1,72000,5,52000
ORD-1607,11-01-2025,C003,Chola Systems,Corporate,P003,Office Chair,Furniture,Seating,Chennai,Tamil Nadu,South,4,8500,5,5600
ORD-1608,23-09-2025,C007,Ganga Supplies,Retail,P006,Monitor 27in,Electronics,Displays,Bangalore,Karnataka,South,3,24000,5,17000
ORD-1609,23-11-2024,C006,Fair Mart,Consumer,P004,Standing Desk,Furniture,Desks,Bangalore,Karnataka,South,2,18000,15,12500
ORD-1610,13-01-2025,C004,Delta Stores,Retail,P005,Notebook Pack,Stationery,Paper,Chennai,Tamil Nadu,South,2,350,0,180
ORD-1611,19-04-2024,C001,Aarav Traders,Corporate,P007,Desk Lamp,Furniture,Lighting,Bangalore,Karnataka,South,3,2200,10,1300
ORD-1612,09-03-2025,C003,Chola Systems,Corporate,P008,Printer Ink,Stationery,Supplies,Mumbai,Maharashtra,West,5,1800,15,1500
ORD-1613,18-08-2025,C003,Chola Systems,Corporate,P002,Wireless Mouse,Electronics,Accessories,Hyderabad,Telangana,South,4,1200,0,700
ORD-1614,16-06-2024,C008,Horizon Inc,Corporate,P003,Office Chair,Furniture,Seating,Hyderabad,Telangana,South,2,8500,10,5600
ORD-1615,01-04-2024,C008,Horizon Inc,Corporate,P001,Laptop Pro 14,Electronics,Computers,Delhi,Delhi,North,4,72000,0,52000
ORD-1616,11-08-2024,C001,Aarav Traders,Corporate,P006,Monitor 27in,Electronics,Displays,Chennai,Tamil Nadu,South,2,24000,15,17000
ORD-1617,07-06-2025,C003,Chola Systems,Corporate,P007,Desk Lamp,Furniture,Lighting,Mumbai,Maharashtra,West,2,2200,0,1300
ORD-1618,08-11-2025,C007,Ganga Supplies,Retail,P001,Laptop Pro 14,Electronics,Computers,Mumbai,Maharashtra,West,6,72000,0,52000
ORD-1619,25-03-2025,C003,Chola Systems,Corporate,P001,Laptop Pro 14,Electronics,Computers,Hyderabad,Telangana,South,5,72000,0,52000
ORD-1620,22-01-2025,C001,Aarav Traders,Corporate,P005,Notebook Pack,Stationery,Paper,Delhi,Delhi,North,2,350,15,180
ORD-1621,22-11-2025,C004,Delta Stores,Retail,P006,Monitor 27in,Electronics,Displays,Delhi,Delhi,North,4,24000,0,17000
ORD-1622,09-07-2025,C008,Horizon Inc,Corporate,P006,Monitor 27in,Electronics,Displays,Delhi,Delhi,North,2,24000,15,17000
ORD-1623,02-10-2025,C007,Ganga Supplies,Retail,P003,Office Chair,Furniture,Seating,Kolkata,West Bengal,East,2,8500,15,5600
ORD-1624,24-03-2024,C006,Fair Mart,Consumer,P001,Laptop Pro 14,Electronics,Computers,Kolkata,West Bengal,East,2,72000,5,52000
ORD-1625,01-08-2025,C006,Fair Mart,Consumer,P007,Desk Lamp,Furniture,Lighting,Delhi,Delhi,North,3,2200,0,1300
ORD-1626,02-11-2024,C001,Aarav Traders,Corporate,P006,Monitor 27in,Electronics,Displays,Bangalore,Karnataka,South,2,24000,0,17000
ORD-1627,25-11-2025,C002,Bright Retail,Retail,P008,Printer Ink,Stationery,Supplies,Bangalore,Karnataka,South,4,1800,15,1500
ORD-1628,15-01-2025,C006,Fair Mart,Consumer,P007,Desk Lamp,Furniture,Lighting,Kolkata,West Bengal,East,4,2200,0,1300
ORD-1629,01-08-2025,C007,Ganga Supplies,Retail,P008,Printer Ink,Stationery,Supplies,Mumbai,Maharashtra,West,3,1800,0,1500
ORD-1630,20-08-2024,C004,Delta Stores,Retail,P003,Office Chair,Furniture,Seating,Kolkata,West Bengal,East,1,8500,0,5600
ORD-1631,14-08-2024,C002,Bright Retail,Retail,P005,Notebook Pack,Stationery,Paper,Bangalore,Karnataka,South,2,350,15,180
ORD-1632,17-11-2025,C008,Horizon Inc,Corporate,P005,Notebook Pack,Stationery,Paper,Bangalore,Karnataka,South,4,350,15,180
ORD-1633,14-04-2025,C002,Bright Retail,Retail,P004,Standing Desk,Furniture,Desks,Hyderabad,Telangana,South,4,18000,15,12500
ORD-1634,25-08-2025,C007,Ganga Supplies,Retail,P002,Wireless Mouse,Electronics,Accessories,Hyderabad,Telangana,South,1,1200,0,700
ORD-1635,26-03-2025,C002,Bright Retail,Retail,P003,Office Chair,Furniture,Seating,Hyderabad,Telangana,South,4,8500,15,5600
ORD-1636,14-04-2024,C007,Ganga Supplies,Retail,P008,Printer Ink,Stationery,Supplies,Kolkata,West Bengal,East,3,1800,0,1500
ORD-1637,15-07-2024,C002,Bright Retail,Retail,P008,Printer Ink,Stationery,Supplies,Bangalore,Karnataka,South,2,1800,5,1500
ORD-1638,25-09-2025,C007,Ganga Supplies,Retail,P001,Laptop Pro 14,Electronics,Computers,Bangalore,Karnataka,South,4,72000,0,52000
ORD-1639,16-01-2025,C001,Aarav Traders,Corporate,P001,Laptop Pro 14,Electronics,Computers,Hyderabad,Telangana,South,1,72000,15,52000
ORD-1640,06-08-2024,C005,Everest Ltd,Corporate,P008,Printer Ink,Stationery,Supplies,Chennai,Tamil Nadu,South,2,1800,0,1500
ORD-1641,12-03-2025,C004,Delta Stores,Retail,P002,Wireless Mouse,Electronics,Accessories,Kolkata,West Bengal,East,1,1200,0,700
ORD-1642,29-12-2024,C006,Fair Mart,Consumer,P003,Office Chair,Furniture,Seating,Hyderabad,Telangana,South,5,8500,5,5600
ORD-1643,27-11-2025,C005,Everest Ltd,Corporate,P001,Laptop Pro 14,Electronics,Computers,Chennai,Tamil Nadu,South,2,72000,0,52000
ORD-1644,16-01-2025,C008,Horizon Inc,Corporate,P006,Monitor 27in,Electronics,Displays,Chennai,Tamil Nadu,South,4,24000,15,17000
ORD-1645,27-12-2024,C006,Fair Mart,Consumer,P002,Wireless Mouse,Electronics,Accessories,Kolkata,West Bengal,East,4,1200,5,700
ORD-1646,09-09-2025,C001,Aarav Traders,Corporate,P002,Wireless Mouse,Electronics,Accessories,Hyderabad,Telangana,South,6,1200,0,700
ORD-1647,17-09-2024,C004,Delta Stores,Retail,P006,Monitor 27in,Electronics,Displays,Hyderabad,Telangana,South,5,24000,10,17000
ORD-1648,22-01-2024,C002,Bright Retail,Retail,P008,Printer Ink,Stationery,Supplies,Chennai,Tamil Nadu,South,2,1800,10,1500
ORD-1649,23-04-2024,C005,Everest Ltd,Corporate,P002,Wireless Mouse,Electronics,Accessories,Bangalore,Karnataka,South,2,1200,0,700
ORD-1650,21-07-2025,C007,Ganga Supplies,Retail,P005,Notebook Pack,Stationery,Paper,Bangalore,Karnataka,South,1,350,15,180
ORD-1651,13-09-2024,C008,Horizon Inc,Corporate,P005,Notebook Pack,Stationery,Paper,Chennai,Tamil Nadu,South,5,350,0,180
ORD-1652,16-12-2024,C008,Horizon Inc,Corporate,P003,Office Chair,Furniture,Seating,Kolkata,West Bengal,East,2,8500,10,5600
ORD-1653,02-02-2024,C002,Bright Retail,Retail,P001,Laptop Pro 14,Electronics,Computers,Bangalore,Karnataka,South,2,72000,15,52000
ORD-1654,22-10-2025,C008,Horizon Inc,Corporate,P007,Desk Lamp,Furniture,Lighting,Bangalore,Karnataka,South,6,2200,10,1300
ORD-1655,06-02-2025,C002,Bright Retail,Retail,P004,Standing Desk,Furniture,Desks,Mumbai,Maharashtra,West,1,18000,5,12500
ORD-1656,24-06-2025,C005,Everest Ltd,Corporate,P004,Standing Desk,Furniture,Desks,Bangalore,Karnataka,South,2,18000,15,12500
ORD-1657,01-10-2025,C004,Delta Stores,Retail,P001,Laptop Pro 14,Electronics,Computers,Bangalore,Karnataka,South,4,72000,5,52000
ORD-1658,23-04-2025,C008,Horizon Inc,Corporate,P006,Monitor 27in,Electronics,Displays,Delhi,Delhi,North,4,24000,5,17000
ORD-1659,17-11-2024,C006,Fair Mart,Consumer,P001,Laptop Pro 14,Electronics,Computers,Kolkata,West Bengal,East,1,72000,10,52000
ORD-1660,07-12-2024,C001,Aarav Traders,Corporate,P004,Standing Desk,Furniture,Desks,Bangalore,Karnataka,South,4,18000,10,12500
ORD-1661,15-09-2025,C003,Chola Systems,Corporate,P001,Laptop Pro 14,Electronics,Computers,Hyderabad,Telangana,South,2,72000,0,52000
ORD-1662,06-10-2024,C005,Everest Ltd,Corporate,P007,Desk Lamp,Furniture,Lighting,Chennai,Tamil Nadu,South,6,2200,15,1300
ORD-1663,25-09-2024,C003,Chola Systems,Corporate,P006,Monitor 27in,Electronics,Displays,Hyderabad,Telangana,South,2,24000,0,17000
ORD-1664,28-07-2025,C004,Delta Stores,Retail,P002,Wireless Mouse,Electronics,Accessories,Delhi,Delhi,North,2,1200,15,700
ORD-1665,11-10-2025,C006,Fair Mart,Consumer,P002,Wireless Mouse,Electronics,Accessories,Mumbai,Maharashtra,West,12,1200,0,700
ORD-1666,24-05-2024,C005,Everest Ltd,Corporate,P002,Wireless Mouse,Electronics,Accessories,Mumbai,Maharashtra,West,1,1200,5,700
ORD-1667,05-06-2025,C006,Fair Mart,Consumer,P004,Standing Desk,Furniture,Desks,Kolkata,West Bengal,East,1,18000,10,12500
ORD-1668,08-12-2024,C006,Fair Mart,Consumer,P001,Laptop Pro 14,Electronics,Computers,Hyderabad,Telangana,South,5,72000,5,52000
ORD-1669,08-05-2025,C004,Delta Stores,Retail,P006,Monitor 27in,Electronics,Displays,Bangalore,Karnataka,South,3,24000,5,17000
ORD-1670,03-06-2024,C004,Delta Stores,Retail,P003,Office Chair,Furniture,Seating,Chennai,Tamil Nadu,South,2,8500,10,5600
ORD-1671,18-02-2025,C007,Ganga Supplies,Retail,P008,Printer Ink,Stationery,Supplies,Kolkata,West Bengal,East,1,1800,5,1500
ORD-1672,21-06-2024,C003,Chola Systems,Corporate,P002,Wireless Mouse,Electronics,Accessories,Mumbai,Maharashtra,West,1,1200,5,700
ORD-1673,15-09-2024,C002,Bright Retail,Retail,P006,Monitor 27in,Electronics,Displays,Bangalore,Karnataka,South,1,24000,15,17000
ORD-1674,22-03-2024,C005,Everest Ltd,Corporate,P003,Office Chair,Furniture,Seating,Kolkata,West Bengal,East,8,8500,5,5600
ORD-1675,24-04-2025,C007,Ganga Supplies,Retail,P006,Monitor 27in,Electronics,Displays,Hyderabad,Telangana,South,1,24000,0,17000
ORD-1676,11-05-2025,C003,Chola Systems,Corporate,P006,Monitor 27in,Electronics,Displays,Mumbai,Maharashtra,West,3,24000,5,17000
ORD-1677,13-07-2025,C003,Chola Systems,Corporate,P001,Laptop Pro 14,Electronics,Computers,Hyderabad,Telangana,South,3,72000,5,52000
ORD-1678,30-08-2024,C004,Delta Stores,Retail,P001,Laptop Pro 14,Electronics,Computers,Chennai,Tamil Nadu,South,6,72000,10,52000
ORD-1679,03-04-2025,C005,Everest Ltd,Corporate,P004,Standing Desk,Furniture,Desks,Kolkata,West Bengal,East,1,18000,0,12500
ORD-1680,20-07-2024,C001,Aarav Traders,Corporate,P004,Standing Desk,Furniture,Desks,Bangalore,Karnataka,South,3,18000,15,12500
ORD-1681,19-02-2024,C002,Bright Retail,Retail,P002,Wireless Mouse,Electronics,Accessories,Kolkata,West Bengal,East,5,1200,5,700
ORD-1682,19-05-2024,C004,Delta Stores,Retail,P001,Laptop Pro 14,Electronics,Computers,Mumbai,Maharashtra,West,3,72000,15,52000
ORD-1683,19-10-2025,C006,Fair Mart,Consumer,P001,Laptop Pro 14,Electronics,Computers,Chennai,Tamil Nadu,South,4,72000,0,52000
ORD-1684,25-11-2024,C001,Aarav Traders,Corporate,P006,Monitor 27in,Electronics,Displays,Hyderabad,Telangana,South,2,24000,10,17000
ORD-1685,19-02-2025,C003,Chola Systems,Corporate,P006,Monitor 27in,Electronics,Displays,Chennai,Tamil Nadu,South,4,24000,10,17000
ORD-1686,16-02-2024,C006,Fair Mart,Consumer,P002,Wireless Mouse,Electronics,Accessories,Delhi,Delhi,North,4,1200,15,700
ORD-1687,13-02-2025,C008,Horizon Inc,Corporate,P005,Notebook Pack,Stationery,Paper,Chennai,Tamil Nadu,South,8,350,0,180
ORD-1688,20-11-2024,C001,Aarav Traders,Corporate,P006,Monitor 27in,Electronics,Displays,Delhi,Delhi,North,12,24000,15,17000
ORD-1689,28-12-2025,C003,Chola Systems,Corporate,P006,Monitor 27in,Electronics,Displays,Chennai,Tamil Nadu,South,1,24000,0,17000
ORD-1690,08-06-2024,C003,Chola Systems,Corporate,P004,Standing Desk,Furniture,Desks,Kolkata,West Bengal,East,2,18000,0,12500
ORD-1691,01-01-2025,C007,Ganga Supplies,Retail,P006,Monitor 27in,Electronics,Displays,Mumbai,Maharashtra,West,6,24000,15,17000
ORD-1692,27-11-2025,C006,Fair Mart,Consumer,P003,Office Chair,Furniture,Seating,Bangalore,Karnataka,South,5,8500,15,5600
ORD-1693,21-09-2024,C001,Aarav Traders,Corporate,P008,Printer Ink,Stationery,Supplies,Hyderabad,Telangana,South,1,1800,5,1500
ORD-1694,29-10-2025,C005,Everest Ltd,Corporate,P008,Printer Ink,Stationery,Supplies,Mumbai,Maharashtra,West,4,1800,15,1500
ORD-1695,26-06-2025,C003,Chola Systems,Corporate,P005,Notebook Pack,Stationery,Paper,Mumbai,Maharashtra,West,3,350,0,180
ORD-1696,25-07-2025,C002,Bright Retail,Retail,P008,Printer Ink,Stationery,Supplies,Hyderabad,Telangana,South,1,1800,5,1500
ORD-1697,03-06-2024,C007,Ganga Supplies,Retail,P004,Standing Desk,Furniture,Desks,Chennai,Tamil Nadu,South,4,18000,0,12500
ORD-1698,01-10-2025,C002,Bright Retail,Retail,P003,Office Chair,Furniture,Seating,Chennai,Tamil Nadu,South,5,8500,15,5600
ORD-1699,28-05-2025,C003,Chola Systems,Corporate,P004,Standing Desk,Furniture,Desks,Mumbai,Maharashtra,West,2,18000,15,12500
ORD-1700,09-01-2025,C003,Chola Systems,Corporate,P003,Office Chair,Furniture,Seating,Hyderabad,Telangana,South,3,8500,0,5600
ORD-1701,25-06-2025,C006,Fair Mart,Consumer,P001,Laptop Pro 14,Electronics,Computers,Hyderabad,Telangana,South,2,72000,0,52000
ORD-1702,28-03-2025,C004,Delta Stores,Retail,P008,Printer Ink,Stationery,Supplies,Hyderabad,Telangana,South,5,1800,5,1500
ORD-1703,02-02-2025,C004,Delta Stores,Retail,P008,Printer Ink,Stationery,Supplies,Mumbai,Maharashtra,West,6,1800,0,1500
ORD-1704,20-04-2024,C002,Bright Retail,Retail,P001,Laptop Pro 14,Electronics,Computers,Hyderabad,Telangana,South,5,72000,10,52000
ORD-1705,21-11-2025,C001,Aarav Traders,Corporate,P006,Monitor 27in,Electronics,Displays,Bangalore,Karnataka,South,2,24000,15,17000
ORD-1706,20-01-2025,C007,Ganga Supplies,Retail,P007,Desk Lamp,Furniture,Lighting,Hyderabad,Telangana,South,4,2200,0,1300
ORD-1707,01-02-2024,C001,Aarav Traders,Corporate,P005,Notebook Pack,Stationery,Paper,Mumbai,Maharashtra,West,4,350,10,180
ORD-1708,04-09-2024,C006,Fair Mart,Consumer,P004,Standing Desk,Furniture,Desks,Bangalore,Karnataka,South,3,18000,5,12500
ORD-1709,11-03-2025,C005,Everest Ltd,Corporate,P005,Notebook Pack,Stationery,Paper,Delhi,Delhi,North,2,350,0,180
ORD-1710,06-08-2025,C008,Horizon Inc,Corporate,P003,Office Chair,Furniture,Seating,Mumbai,Maharashtra,West,2,8500,0,5600
ORD-1711,03-11-2024,C002,Bright Retail,Retail,P005,Notebook Pack,Stationery,Paper,Mumbai,Maharashtra,West,2,350,0,180
ORD-1712,12-05-2025,C003,Chola Systems,Corporate,P004,Standing Desk,Furniture,Desks,Mumbai,Maharashtra,West,3,18000,15,12500
ORD-1713,03-09-2025,C004,Delta Stores,Retail,P008,Printer Ink,Stationery,Supplies,Kolkata,West Bengal,East,4,1800,0,1500
ORD-1714,02-08-2024,C001,Aarav Traders,Corporate,P006,Monitor 27in,Electronics,Displays,Delhi,Delhi,North,1,24000,0,17000
ORD-1715,21-03-2025,C005,Everest Ltd,Corporate,P003,Office Chair,Furniture,Seating,Hyderabad,Telangana,South,3,8500,0,5600
ORD-1716,24-04-2024,C001,Aarav Traders,Corporate,P003,Office Chair,Furniture,Seating,Bangalore,Karnataka,South,7,8500,5,5600
ORD-1717,03-06-2024,C002,Bright Retail,Retail,P006,Monitor 27in,Electronics,Displays,Bangalore,Karnataka,South,1,24000,10,17000
ORD-1718,30-11-2025,C002,Bright Retail,Retail,P007,Desk Lamp,Furniture,Lighting,Delhi,Delhi,North,8,2200,5,1300
ORD-1719,19-10-2025,C006,Fair Mart,Consumer,P007,Desk Lamp,Furniture,Lighting,Chennai,Tamil Nadu,South,2,2200,15,1300
ORD-1720,28-08-2024,C001,Aarav Traders,Corporate,P004,Standing Desk,Furniture,Desks,Chennai,Tamil Nadu,South,2,18000,0,12500
ORD-1721,31-05-2025,C007,Ganga Supplies,Retail,P004,Standing Desk,Furniture,Desks,Hyderabad,Telangana,South,3,18000,0,12500
ORD-1722,21-01-2024,C006,Fair Mart,Consumer,P001,Laptop Pro 14,Electronics,Computers,Chennai,Tamil Nadu,South,1,72000,0,52000
ORD-1723,03-05-2024,C003,Chola Systems,Corporate,P008,Printer Ink,Stationery,Supplies,Kolkata,West Bengal,East,3,1800,10,1500
ORD-1724,03-01-2024,C004,Delta Stores,Retail,P003,Office Chair,Furniture,Seating,Hyderabad,Telangana,South,3,8500,15,5600
ORD-1725,31-05-2024,C006,Fair Mart,Consumer,P002,Wireless Mouse,Electronics,Accessories,Delhi,Delhi,North,4,1200,0,700
ORD-1726,23-12-2024,C004,Delta Stores,Retail,P004,Standing Desk,Furniture,Desks,Hyderabad,Telangana,South,9,18000,0,12500
ORD-1727,06-10-2024,C001,Aarav Traders,Corporate,P003,Office Chair,Furniture,Seating,Mumbai,Maharashtra,West,4,8500,5,5600
ORD-1728,11-03-2024,C004,Delta Stores,Retail,P001,Laptop Pro 14,Electronics,Computers,Kolkata,West Bengal,East,6,72000,0,52000
ORD-1729,21-02-2025,C005,Everest Ltd,Corporate,P006,Monitor 27in,Electronics,Displays,Chennai,Tamil Nadu,South,3,24000,5,17000
ORD-1730,05-12-2025,C008,Horizon Inc,Corporate,P001,Laptop Pro 14,Electronics,Computers,Kolkata,West Bengal,East,1,72000,5,52000
ORD-1731,15-07-2025,C007,Ganga Supplies,Retail,P006,Monitor 27in,Electronics,Displays,Hyderabad,Telangana,South,1,24000,5,17000
ORD-1732,12-02-2025,C006,Fair Mart,Consumer,P007,Desk Lamp,Furniture,Lighting,Kolkata,West Bengal,East,1,2200,10,1300
ORD-1733,27-01-2025,C007,Ganga Supplies,Retail,P003,Office Chair,Furniture,Seating,Delhi,Delhi,North,3,8500,10,5600
ORD-1734,26-05-2024,C004,Delta Stores,Retail,P001,Laptop Pro 14,Electronics,Computers,Kolkata,West Bengal,East,2,72000,15,52000
ORD-1735,17-09-2024,C004,Delta Stores,Retail,P007,Desk Lamp,Furniture,Lighting,Bangalore,Karnataka,South,3,2200,0,1300
ORD-1736,29-03-2024,C001,Aarav Traders,Corporate,P001,Laptop Pro 14,Electronics,Computers,Delhi,Delhi,North,4,72000,15,52000
ORD-1737,28-11-2024,C006,Fair Mart,Consumer,P008,Printer Ink,Stationery,Supplies,Delhi,Delhi,North,4,1800,15,1500
ORD-1738,01-01-2024,C008,Horizon Inc,Corporate,P008,Printer Ink,Stationery,Supplies,Kolkata,West Bengal,East,5,1800,5,1500
ORD-1739,29-08-2025,C004,Delta Stores,Retail,P007,Desk Lamp,Furniture,Lighting,Hyderabad,Telangana,South,3,2200,10,1300
ORD-1740,29-12-2024,C007,Ganga Supplies,Retail,P002,Wireless Mouse,Electronics,Accessories,Kolkata,West Bengal,East,1,1200,5,700
ORD-1741,19-09-2025,C002,Bright Retail,Retail,P006,Monitor 27in,Electronics,Displays,Hyderabad,Telangana,South,3,24000,15,17000
ORD-1742,11-11-2025,C005,Everest Ltd,Corporate,P004,Standing Desk,Furniture,Desks,Mumbai,Maharashtra,West,2,18000,10,12500
ORD-1743,22-12-2024,C004,Delta Stores,Retail,P008,Printer Ink,Stationery,Supplies,Bangalore,Karnataka,South,5,1800,0,1500
ORD-1744,25-06-2025,C004,Delta Stores,Retail,P006,Monitor 27in,Electronics,Displays,Kolkata,West Bengal,East,1,24000,0,17000
ORD-1745,09-01-2025,C003,Chola Systems,Corporate,P004,Standing Desk,Furniture,Desks,Bangalore,Karnataka,South,1,18000,10,12500
ORD-1746,30-06-2024,C006,Fair Mart,Consumer,P001,Laptop Pro 14,Electronics,Computers,Delhi,Delhi,North,3,72000,5,52000
ORD-1747,14-03-2025,C007,Ganga Supplies,Retail,P002,Wireless Mouse,Electronics,Accessories,Bangalore,Karnataka,South,4,1200,5,700
ORD-1748,19-01-2025,C006,Fair Mart,Consumer,P002,Wireless Mouse,Electronics,Accessories,Mumbai,Maharashtra,West,4,1200,15,700
ORD-1749,17-06-2025,C008,Horizon Inc,Corporate,P005,Notebook Pack,Stationery,Paper,Hyderabad,Telangana,South,1,350,0,180
ORD-1750,08-10-2024,C005,Everest Ltd,Corporate,P007,Desk Lamp,Furniture,Lighting,Delhi,Delhi,North,6,2200,0,1300
ORD-1751,05-04-2025,C003,Chola Systems,Corporate,P008,Printer Ink,Stationery,Supplies,Kolkata,West Bengal,East,3,1800,0,1500
ORD-1752,07-01-2024,C006,Fair Mart,Consumer,P003,Office Chair,Furniture,Seating,Delhi,Delhi,North,4,8500,15,5600
ORD-1753,07-11-2025,C006,Fair Mart,Consumer,P004,Standing Desk,Furniture,Desks,Kolkata,West Bengal,East,4,18000,5,12500
ORD-1754,25-01-2025,C001,Aarav Traders,Corporate,P005,Notebook Pack,Stationery,Paper,Kolkata,West Bengal,East,1,350,0,180
ORD-1755,01-01-2024,C001,Aarav Traders,Corporate,P005,Notebook Pack,Stationery,Paper,Kolkata,West Bengal,East,4,350,0,180
ORD-1756,09-11-2024,C006,Fair Mart,Consumer,P005,Notebook Pack,Stationery,Paper,Mumbai,Maharashtra,West,1,350,0,180
ORD-1757,28-09-2024,C002,Bright Retail,Retail,P008,Printer Ink,Stationery,Supplies,Kolkata,West Bengal,East,4,1800,10,1500
ORD-1758,31-03-2024,C003,Chola Systems,Corporate,P004,Standing Desk,Furniture,Desks,Delhi,Delhi,North,4,18000,5,12500
ORD-1759,24-09-2025,C001,Aarav Traders,Corporate,P006,Monitor 27in,Electronics,Displays,Hyderabad,Telangana,South,1,24000,10,17000
ORD-1760,19-01-2025,C001,Aarav Traders,Corporate,P006,Monitor 27in,Electronics,Displays,Hyderabad,Telangana,South,3,24000,5,17000
ORD-1761,21-02-2025,C005,Everest Ltd,Corporate,P007,Desk Lamp,Furniture,Lighting,Mumbai,Maharashtra,West,3,2200,0,1300
ORD-1762,29-01-2025,C004,Delta Stores,Retail,P003,Office Chair,Furniture,Seating,Hyderabad,Telangana,South,5,8500,15,5600
ORD-1763,16-01-2025,C004,Delta Stores,Retail,P002,Wireless Mouse,Electronics,Accessories,Mumbai,Maharashtra,West,5,1200,0,700
ORD-1764,22-03-2024,C007,Ganga Supplies,Retail,P008,Printer Ink,Stationery,Supplies,Delhi,Delhi,North,5,1800,15,1500
ORD-1765,28-02-2025,C001,Aarav Traders,Corporate,P008,Printer Ink,Stationery,Supplies,Chennai,Tamil Nadu,South,3,1800,15,1500
ORD-1766,31-07-2025,C008,Horizon Inc,Corporate,P008,Printer Ink,Stationery,Supplies,Hyderabad,Telangana,South,1,1800,10,1500
ORD-1767,28-02-2025,C003,Chola Systems,Corporate,P008,Printer Ink,Stationery,Supplies,Chennai,Tamil Nadu,South,4,1800,10,1500
ORD-1768,11-02-2025,C003,Chola Systems,Corporate,P008,Printer Ink,Stationery,Supplies,Kolkata,West Bengal,East,4,1800,0,1500
ORD-1769,17-11-2025,C004,Delta Stores,Retail,P004,Standing Desk,Furniture,Desks,Delhi,Delhi,North,2,18000,15,12500
ORD-1770,11-02-2024,C006,Fair Mart,Consumer,P005,Notebook Pack,Stationery,Paper,Delhi,Delhi,North,3,350,10,180
ORD-1771,30-04-2024,C004,Delta Stores,Retail,P002,Wireless Mouse,Electronics,Accessories,Chennai,Tamil Nadu,South,2,1200,15,700
ORD-1772,16-01-2024,C008,Horizon Inc,Corporate,P002,Wireless Mouse,Electronics,Accessories,Chennai,Tamil Nadu,South,4,1200,0,700
ORD-1773,31-07-2025,C001,Aarav Traders,Corporate,P008,Printer Ink,Stationery,Supplies,Hyderabad,Telangana,South,3,1800,0,1500
ORD-1774,29-12-2025,C008,Horizon Inc,Corporate,P006,Monitor 27in,Electronics,Displays,Chennai,Tamil Nadu,South,2,24000,15,17000
ORD-1775,08-12-2025,C003,Chola Systems,Corporate,P007,Desk Lamp,Furniture,Lighting,Delhi,Delhi,North,8,2200,0,1300
ORD-1776,03-10-2025,C006,Fair Mart,Consumer,P003,Office Chair,Furniture,Seating,Mumbai,Maharashtra,West,5,8500,0,5600
ORD-1777,14-06-2025,C003,Chola Systems,Corporate,P001,Laptop Pro 14,Electronics,Computers,Kolkata,West Bengal,East,2,72000,5,52000
ORD-1778,16-06-2025,C002,Bright Retail,Retail,P005,Notebook Pack,Stationery,Paper,Mumbai,Maharashtra,West,1,350,10,180
ORD-1779,18-09-2024,C007,Ganga Supplies,Retail,P005,Notebook Pack,Stationery,Paper,Kolkata,West Bengal,East,3,350,10,180
ORD-1780,28-11-2025,C005,Everest Ltd,Corporate,P001,Laptop Pro 14,Electronics,Computers,Mumbai,Maharashtra,West,2,72000,0,52000
ORD-1781,24-01-2025,C005,Everest Ltd,Corporate,P007,Desk Lamp,Furniture,Lighting,Mumbai,Maharashtra,West,7,2200,0,1300
ORD-1782,14-05-2024,C004,Delta Stores,Retail,P001,Laptop Pro 14,Electronics,Computers,Kolkata,West Bengal,East,6,72000,5,52000
ORD-1783,20-04-2025,C003,Chola Systems,Corporate,P008,Printer Ink,Stationery,Supplies,Mumbai,Maharashtra,West,1,1800,5,1500
ORD-1784,24-07-2024,C001,Aarav Traders,Corporate,P008,Printer Ink,Stationery,Supplies,Hyderabad,Telangana,South,4,1800,5,1500
ORD-1785,09-01-2024,C007,Ganga Supplies,Retail,P002,Wireless Mouse,Electronics,Accessories,Kolkata,West Bengal,East,4,1200,5,700
ORD-1786,06-02-2024,C004,Delta Stores,Retail,P005,Notebook Pack,Stationery,Paper,Delhi,Delhi,North,2,350,5,180
ORD-1787,24-07-2024,C008,Horizon Inc,Corporate,P004,Standing Desk,Furniture,Desks,Delhi,Delhi,North,3,18000,10,12500
ORD-1788,27-07-2024,C001,Aarav Traders,Corporate,P004,Standing Desk,Furniture,Desks,Bangalore,Karnataka,South,1,18000,10,12500
ORD-1789,16-10-2025,C001,Aarav Traders,Corporate,P002,Wireless Mouse,Electronics,Accessories,Bangalore,Karnataka,South,8,1200,0,700
ORD-1790,02-09-2025,C003,Chola Systems,Corporate,P008,Printer Ink,Stationery,Supplies,Chennai,Tamil Nadu,South,4,1800,15,1500
ORD-1791,17-06-2024,C004,Delta Stores,Retail,P008,Printer Ink,Stationery,Supplies,Hyderabad,Telangana,South,1,1800,5,1500
ORD-1792,04-08-2024,C003,Chola Systems,Corporate,P003,Office Chair,Furniture,Seating,Hyderabad,Telangana,South,2,8500,0,5600
ORD-1793,12-06-2025,C008,Horizon Inc,Corporate,P002,Wireless Mouse,Electronics,Accessories,Chennai,Tamil Nadu,South,1,1200,0,700
ORD-1794,03-04-2024,C007,Ganga Supplies,Retail,P001,Laptop Pro 14,Electronics,Computers,Bangalore,Karnataka,South,4,72000,5,52000
ORD-1795,24-12-2025,C007,Ganga Supplies,Retail,P008,Printer Ink,Stationery,Supplies,Bangalore,Karnataka,South,1,1800,0,1500
ORD-1796,13-12-2025,C001,Aarav Traders,Corporate,P003,Office Chair,Furniture,Seating,Bangalore,Karnataka,South,2,8500,10,5600
ORD-1797,27-10-2024,C006,Fair Mart,Consumer,P004,Standing Desk,Furniture,Desks,Hyderabad,Telangana,South,2,18000,15,12500
ORD-1798,06-06-2024,C005,Everest Ltd,Corporate,P005,Notebook Pack,Stationery,Paper,Mumbai,Maharashtra,West,3,350,15,180
ORD-1799,07-08-2024,C004,Delta Stores,Retail,P003,Office Chair,Furniture,Seating,Delhi,Delhi,North,2,8500,0,5600
ORD-1800,01-12-2024,C003,Chola Systems,Corporate,P007,Desk Lamp,Furniture,Lighting,Hyderabad,Telangana,South,2,2200,5,1300
ORD-1801,16-08-2024,C004,Delta Stores,Retail,P002,Wireless Mouse,Electronics,Accessories,Delhi,Delhi,North,2,1200,0,700
ORD-1802,07-07-2024,C006,Fair Mart,Consumer,P007,Desk Lamp,Furniture,Lighting,Hyderabad,Telangana,South,4,2200,10,1300
ORD-1803,27-04-2024,C006,Fair Mart,Consumer,P001,Laptop Pro 14,Electronics,Computers,Chennai,Tamil Nadu,South,5,72000,0,52000
ORD-1804,02-11-2025,C005,Everest Ltd,Corporate,P002,Wireless Mouse,Electronics,Accessories,Delhi,Delhi,North,4,1200,5,700
ORD-1805,19-01-2024,C002,Bright Retail,Retail,P008,Printer Ink,Stationery,Supplies,Bangalore,Karnataka,South,5,1800,10,1500
ORD-1806,13-10-2024,C002,Bright Retail,Retail,P005,Notebook Pack,Stationery,Paper,Bangalore,Karnataka,South,2,350,0,180
ORD-1807,26-04-2025,C004,Delta Stores,Retail,P005,Notebook Pack,Stationery,Paper,Kolkata,West Bengal,East,2,350,5,180
ORD-1808,03-02-2024,C001,Aarav Traders,Corporate,P002,Wireless Mouse,Electronics,Accessories,Mumbai,Maharashtra,West,3,1200,0,700
ORD-1809,04-06-2024,C001,Aarav Traders,Corporate,P005,Notebook Pack,Stationery,Paper,Bangalore,Karnataka,South,3,350,5,180
ORD-1810,24-12-2024,C008,Horizon Inc,Corporate,P008,Printer Ink,Stationery,Supplies,Bangalore,Karnataka,South,4,1800,5,1500
ORD-1811,07-01-2025,C002,Bright Retail,Retail,P003,Office Chair,Furniture,Seating,Mumbai,Maharashtra,West,3,8500,0,5600
ORD-1812,26-07-2025,C002,Bright Retail,Retail,P008,Printer Ink,Stationery,Supplies,Hyderabad,Telangana,South,1,1800,15,1500
ORD-1813,25-04-2024,C007,Ganga Supplies,Retail,P003,Office Chair,Furniture,Seating,Delhi,Delhi,North,1,8500,0,5600
ORD-1814,04-02-2024,C002,Bright Retail,Retail,P001,Laptop Pro 14,Electronics,Computers,Delhi,Delhi,North,4,72000,0,52000
ORD-1815,01-03-2025,C002,Bright Retail,Retail,P006,Monitor 27in,Electronics,Displays,Mumbai,Maharashtra,West,4,24000,0,17000
ORD-1816,03-01-2025,C002,Bright Retail,Retail,P003,Office Chair,Furniture,Seating,Mumbai,Maharashtra,West,8,8500,0,5600
ORD-1817,22-10-2025,C005,Everest Ltd,Corporate,P008,Printer Ink,Stationery,Supplies,Bangalore,Karnataka,South,12,1800,5,1500
ORD-1818,06-04-2024,C004,Delta Stores,Retail,P002,Wireless Mouse,Electronics,Accessories,Chennai,Tamil Nadu,South,5,1200,0,700
ORD-1819,23-05-2025,C002,Bright Retail,Retail,P005,Notebook Pack,Stationery,Paper,Mumbai,Maharashtra,West,9,350,10,180
ORD-1820,08-09-2024,C001,Aarav Traders,Corporate,P003,Office Chair,Furniture,Seating,Kolkata,West Bengal,East,5,8500,5,5600
ORD-1821,10-01-2025,C005,Everest Ltd,Corporate,P004,Standing Desk,Furniture,Desks,Delhi,Delhi,North,1,18000,15,12500
ORD-1822,27-07-2024,C004,Delta Stores,Retail,P003,Office Chair,Furniture,Seating,Hyderabad,Telangana,South,4,8500,15,5600
ORD-1823,28-05-2025,C002,Bright Retail,Retail,P004,Standing Desk,Furniture,Desks,Chennai,Tamil Nadu,South,1,18000,0,12500
ORD-1824,24-02-2024,C004,Delta Stores,Retail,P008,Printer Ink,Stationery,Supplies,Hyderabad,Telangana,South,5,1800,0,1500
ORD-1825,30-03-2024,C003,Chola Systems,Corporate,P003,Office Chair,Furniture,Seating,Mumbai,Maharashtra,West,5,8500,0,5600
ORD-1826,10-03-2025,C002,Bright Retail,Retail,P007,Desk Lamp,Furniture,Lighting,Mumbai,Maharashtra,West,3,2200,15,1300
ORD-1827,03-05-2024,C004,Delta Stores,Retail,P002,Wireless Mouse,Electronics,Accessories,Bangalore,Karnataka,South,2,1200,0,700
ORD-1828,01-09-2025,C004,Delta Stores,Retail,P001,Laptop Pro 14,Electronics,Computers,Chennai,Tamil Nadu,South,3,72000,15,52000
ORD-1829,11-12-2024,C001,Aarav Traders,Corporate,P002,Wireless Mouse,Electronics,Accessories,Bangalore,Karnataka,South,1,1200,15,700
ORD-1830,09-12-2025,C005,Everest Ltd,Corporate,P003,Office Chair,Furniture,Seating,Mumbai,Maharashtra,West,1,8500,0,5600
ORD-1831,17-04-2025,C001,Aarav Traders,Corporate,P003,Office Chair,Furniture,Seating,Mumbai,Maharashtra,West,4,8500,10,5600
ORD-1832,20-02-2025,C002,Bright Retail,Retail,P001,Laptop Pro 14,Electronics,Computers,Bangalore,Karnataka,South,3,72000,0,52000
ORD-1833,07-06-2025,C003,Chola Systems,Corporate,P003,Office Chair,Furniture,Seating,Mumbai,Maharashtra,West,2,8500,0,5600
ORD-1834,27-07-2024,C004,Delta Stores,Retail,P004,Standing Desk,Furniture,Desks,Hyderabad,Telangana,South,1,18000,5,12500
ORD-1835,26-12-2025,C001,Aarav Traders,Corporate,P002,Wireless Mouse,Electronics,Accessories,Delhi,Delhi,North,5,1200,0,700
ORD-1836,24-05-2025,C002,Bright Retail,Retail,P006,Monitor 27in,Electronics,Displays,Kolkata,West Bengal,East,3,24000,0,17000
ORD-1837,22-07-2024,C006,Fair Mart,Consumer,P001,Laptop Pro 14,Electronics,Computers,Delhi,Delhi,North,2,72000,0,52000
ORD-1838,28-10-2025,C003,Chola Systems,Corporate,P006,Monitor 27in,Electronics,Displays,Delhi,Delhi,North,1,24000,10,17000
ORD-1839,18-05-2024,C005,Everest Ltd,Corporate,P005,Notebook Pack,Stationery,Paper,Chennai,Tamil Nadu,South,1,350,10,180
ORD-1840,27-11-2025,C007,Ganga Supplies,Retail,P003,Office Chair,Furniture,Seating,Delhi,Delhi,North,2,8500,15,5600
ORD-1841,02-11-2024,C002,Bright Retail,Retail,P002,Wireless Mouse,Electronics,Accessories,Mumbai,Maharashtra,West,1,1200,0,700
ORD-1842,02-09-2024,C008,Horizon Inc,Corporate,P004,Standing Desk,Furniture,Desks,Kolkata,West Bengal,East,3,18000,0,12500
ORD-1843,19-05-2025,C007,Ganga Supplies,Retail,P001,Laptop Pro 14,Electronics,Computers,Hyderabad,Telangana,South,1,72000,10,52000
ORD-1844,03-10-2025,C007,Ganga Supplies,Retail,P006,Monitor 27in,Electronics,Displays,Delhi,Delhi,North,4,24000,0,17000
ORD-1845,21-08-2024,C007,Ganga Supplies,Retail,P006,Monitor 27in,Electronics,Displays,Mumbai,Maharashtra,West,4,24000,0,17000
ORD-1846,03-11-2024,C001,Aarav Traders,Corporate,P008,Printer Ink,Stationery,Supplies,Chennai,Tamil Nadu,South,5,1800,10,1500
ORD-1847,04-03-2025,C005,Everest Ltd,Corporate,P007,Desk Lamp,Furniture,Lighting,Delhi,Delhi,North,3,2200,0,1300
ORD-1848,09-12-2024,C002,Bright Retail,Retail,P004,Standing Desk,Furniture,Desks,Mumbai,Maharashtra,West,6,18000,10,12500
ORD-1849,22-04-2025,C005,Everest Ltd,Corporate,P001,Laptop Pro 14,Electronics,Computers,Mumbai,Maharashtra,West,4,72000,0,52000
ORD-1850,04-10-2024,C008,Horizon Inc,Corporate,P003,Office Chair,Furniture,Seating,Delhi,Delhi,North,5,8500,15,5600
ORD-1851,04-09-2024,C004,Delta Stores,Retail,P002,Wireless Mouse,Electronics,Accessories,Hyderabad,Telangana,South,5,1200,0,700
ORD-1852,19-01-2025,C007,Ganga Supplies,Retail,P003,Office Chair,Furniture,Seating,Mumbai,Maharashtra,West,2,8500,5,5600
ORD-1853,03-06-2024,C003,Chola Systems,Corporate,P006,Monitor 27in,Electronics,Displays,Bangalore,Karnataka,South,4,24000,5,17000
ORD-1854,16-09-2025,C005,Everest Ltd,Corporate,P007,Desk Lamp,Furniture,Lighting,Delhi,Delhi,North,2,2200,5,1300
ORD-1855,02-06-2025,C003,Chola Systems,Corporate,P004,Standing Desk,Furniture,Desks,Delhi,Delhi,North,4,18000,15,12500
ORD-1856,10-01-2024,C003,Chola Systems,Corporate,P001,Laptop Pro 14,Electronics,Computers,Chennai,Tamil Nadu,South,1,72000,0,52000
ORD-1857,10-04-2025,C006,Fair Mart,Consumer,P005,Notebook Pack,Stationery,Paper,Hyderabad,Telangana,South,4,350,0,180
ORD-1858,19-07-2025,C003,Chola Systems,Corporate,P007,Desk Lamp,Furniture,Lighting,Mumbai,Maharashtra,West,1,2200,10,1300
ORD-1859,18-03-2024,C008,Horizon Inc,Corporate,P006,Monitor 27in,Electronics,Displays,Mumbai,Maharashtra,West,3,24000,5,17000
ORD-1860,05-01-2025,C007,Ganga Supplies,Retail,P005,Notebook Pack,Stationery,Paper,Kolkata,West Bengal,East,4,350,0,180
ORD-1861,01-11-2025,C008,Horizon Inc,Corporate,P008,Printer Ink,Stationery,Supplies,Mumbai,Maharashtra,West,5,1800,0,1500
ORD-1862,28-02-2024,C007,Ganga Supplies,Retail,P002,Wireless Mouse,Electronics,Accessories,Delhi,Delhi,North,3,1200,5,700
ORD-1863,08-06-2025,C008,Horizon Inc,Corporate,P003,Office Chair,Furniture,Seating,Chennai,Tamil Nadu,South,1,8500,5,5600
ORD-1864,09-05-2025,C001,Aarav Traders,Corporate,P003,Office Chair,Furniture,Seating,Mumbai,Maharashtra,West,3,8500,0,5600
ORD-1865,11-07-2024,C007,Ganga Supplies,Retail,P001,Laptop Pro 14,Electronics,Computers,Bangalore,Karnataka,South,4,72000,15,52000
ORD-1866,18-10-2025,C004,Delta Stores,Retail,P005,Notebook Pack,Stationery,Paper,Mumbai,Maharashtra,West,1,350,15,180
ORD-1867,27-01-2024,C007,Ganga Supplies,Retail,P007,Desk Lamp,Furniture,Lighting,Hyderabad,Telangana,South,3,2200,0,1300
ORD-1868,23-11-2025,C008,Horizon Inc,Corporate,P007,Desk Lamp,Furniture,Lighting,Hyderabad,Telangana,South,5,2200,5,1300
ORD-1869,08-12-2025,C006,Fair Mart,Consumer,P005,Notebook Pack,Stationery,Paper,Bangalore,Karnataka,South,4,350,15,180
ORD-1870,22-05-2025,C006,Fair Mart,Consumer,P001,Laptop Pro 14,Electronics,Computers,Bangalore,Karnataka,South,3,72000,0,52000
ORD-1871,12-06-2025,C003,Chola Systems,Corporate,P001,Laptop Pro 14,Electronics,Computers,Mumbai,Maharashtra,West,2,72000,15,52000
ORD-1872,23-06-2024,C001,Aarav Traders,Corporate,P005,Notebook Pack,Stationery,Paper,Kolkata,West Bengal,East,4,350,5,180
ORD-1873,27-01-2025,C003,Chola Systems,Corporate,P006,Monitor 27in,Electronics,Displays,Mumbai,Maharashtra,West,5,24000,5,17000
ORD-1874,01-05-2025,C006,Fair Mart,Consumer,P004,Standing Desk,Furniture,Desks,Delhi,Delhi,North,1,18000,10,12500
ORD-1875,21-04-2024,C006,Fair Mart,Consumer,P005,Notebook Pack,Stationery,Paper,Delhi,Delhi,North,4,350,5,180
ORD-1876,29-01-2025,C005,Everest Ltd,Corporate,P008,Printer Ink,Stationery,Supplies,Chennai,Tamil Nadu,South,3,1800,0,1500
ORD-1877,29-09-2025,C007,Ganga Supplies,Retail,P008,Printer Ink,Stationery,Supplies,Hyderabad,Telangana,South,4,1800,0,1500
ORD-1878,18-11-2024,C003,Chola Systems,Corporate,P001,Laptop Pro 14,Electronics,Computers,Mumbai,Maharashtra,West,6,72000,15,52000
ORD-1879,26-04-2025,C002,Bright Retail,Retail,P007,Desk Lamp,Furniture,Lighting,Mumbai,Maharashtra,West,2,2200,10,1300
ORD-1880,06-01-2025,C005,Everest Ltd,Corporate,P007,Desk Lamp,Furniture,Lighting,Hyderabad,Telangana,South,3,2200,0,1300
ORD-1881,22-09-2024,C001,Aarav Traders,Corporate,P008,Printer Ink,Stationery,Supplies,Chennai,Tamil Nadu,South,3,1800,15,1500
ORD-1882,15-12-2025,C006,Fair Mart,Consumer,P005,Notebook Pack,Stationery,Paper,Kolkata,West Bengal,East,1,350,5,180
ORD-1883,28-09-2024,C002,Bright Retail,Retail,P004,Standing Desk,Furniture,Desks,Kolkata,West Bengal,East,4,18000,0,12500
ORD-1884,09-09-2025,C002,Bright Retail,Retail,P007,Desk Lamp,Furniture,Lighting,Mumbai,Maharashtra,West,3,2200,0,1300
ORD-1885,22-10-2025,C002,Bright Retail,Retail,P003,Office Chair,Furniture,Seating,Delhi,Delhi,North,6,8500,10,5600
ORD-1886,15-12-2024,C007,Ganga Supplies,Retail,P007,Desk Lamp,Furniture,Lighting,Delhi,Delhi,North,5,2200,5,1300
ORD-1887,24-12-2024,C003,Chola Systems,Corporate,P003,Office Chair,Furniture,Seating,Kolkata,West Bengal,East,2,8500,15,5600
ORD-1888,27-02-2025,C003,Chola Systems,Corporate,P005,Notebook Pack,Stationery,Paper,Bangalore,Karnataka,South,5,350,5,180
ORD-1889,29-11-2025,C007,Ganga Supplies,Retail,P002,Wireless Mouse,Electronics,Accessories,Chennai,Tamil Nadu,South,5,1200,15,700
ORD-1890,04-01-2024,C007,Ganga Supplies,Retail,P004,Standing Desk,Furniture,Desks,Delhi,Delhi,North,3,18000,0,12500
ORD-1891,10-08-2025,C003,Chola Systems,Corporate,P005,Notebook Pack,Stationery,Paper,Bangalore,Karnataka,South,4,350,0,180
ORD-1892,18-11-2025,C002,Bright Retail,Retail,P004,Standing Desk,Furniture,Desks,Mumbai,Maharashtra,West,2,18000,0,12500
ORD-1893,26-10-2025,C005,Everest Ltd,Corporate,P007,Desk Lamp,Furniture,Lighting,Bangalore,Karnataka,South,1,2200,10,1300
ORD-1894,19-09-2025,C002,Bright Retail,Retail,P005,Notebook Pack,Stationery,Paper,Kolkata,West Bengal,East,1,350,15,180
ORD-1895,05-06-2025,C004,Delta Stores,Retail,P005,Notebook Pack,Stationery,Paper,Bangalore,Karnataka,South,1,350,5,180
ORD-1896,06-04-2024,C002,Bright Retail,Retail,P006,Monitor 27in,Electronics,Displays,Mumbai,Maharashtra,West,4,24000,0,17000
ORD-1897,17-12-2025,C002,Bright Retail,Retail,P002,Wireless Mouse,Electronics,Accessories,Mumbai,Maharashtra,West,1,1200,0,700
ORD-1898,04-01-2024,C003,Chola Systems,Corporate,P008,Printer Ink,Stationery,Supplies,Delhi,Delhi,North,7,1800,5,1500
ORD-1899,30-05-2025,C008,Horizon Inc,Corporate,P001,Laptop Pro 14,Electronics,Computers,Kolkata,West Bengal,East,8,72000,15,52000
ORD-1900,01-09-2025,C001,Aarav Traders,Corporate,P001,Laptop Pro 14,Electronics,Computers,Kolkata,West Bengal,East,2,72000,10,52000
ORD-1901,23-04-2024,C004,Delta Stores,Retail,P008,Printer Ink,Stationery,Supplies,Mumbai,Maharashtra,West,4,1800,5,1500
ORD-1902,04-12-2024,C004,Delta Stores,Retail,P004,Standing Desk,Furniture,Desks,Kolkata,West Bengal,East,8,18000,0,12500
ORD-1903,15-10-2024,C004,Delta Stores,Retail,P001,Laptop Pro 14,Electronics,Computers,Bangalore,Karnataka,South,5,72000,0,52000
ORD-1904,31-05-2025,C007,Ganga Supplies,Retail,P005,Notebook Pack,Stationery,Paper,Mumbai,Maharashtra,West,4,350,0,180
ORD-1905,07-10-2025,C002,Bright Retail,Retail,P005,Notebook Pack,Stationery,Paper,Kolkata,West Bengal,East,2,350,0,180
ORD-1906,13-02-2025,C007,Ganga Supplies,Retail,P007,Desk Lamp,Furniture,Lighting,Bangalore,Karnataka,South,3,2200,0,1300
ORD-1907,15-01-2025,C005,Everest Ltd,Corporate,P006,Monitor 27in,Electronics,Displays,Chennai,Tamil Nadu,South,5,24000,10,17000
ORD-1908,12-08-2025,C007,Ganga Supplies,Retail,P003,Office Chair,Furniture,Seating,Delhi,Delhi,North,3,8500,15,5600
ORD-1909,10-04-2025,C006,Fair Mart,Consumer,P004,Standing Desk,Furniture,Desks,Kolkata,West Bengal,East,2,18000,0,12500
ORD-1910,24-04-2024,C003,Chola Systems,Corporate,P007,Desk Lamp,Furniture,Lighting,Mumbai,Maharashtra,West,1,2200,0,1300
ORD-1911,19-03-2024,C008,Horizon Inc,Corporate,P001,Laptop Pro 14,Electronics,Computers,Bangalore,Karnataka,South,4,72000,0,52000
ORD-1912,28-09-2024,C005,Everest Ltd,Corporate,P004,Standing Desk,Furniture,Desks,Hyderabad,Telangana,South,3,18000,0,12500
ORD-1913,19-09-2025,C002,Bright Retail,Retail,P001,Laptop Pro 14,Electronics,Computers,Mumbai,Maharashtra,West,5,72000,0,52000
ORD-1914,03-03-2025,C005,Everest Ltd,Corporate,P001,Laptop Pro 14,Electronics,Computers,Kolkata,West Bengal,East,2,72000,5,52000
ORD-1915,04-10-2025,C006,Fair Mart,Consumer,P003,Office Chair,Furniture,Seating,Mumbai,Maharashtra,West,1,8500,5,5600
ORD-1916,17-04-2024,C003,Chola Systems,Corporate,P001,Laptop Pro 14,Electronics,Computers,Hyderabad,Telangana,South,3,72000,5,52000
ORD-1917,07-03-2025,C008,Horizon Inc,Corporate,P001,Laptop Pro 14,Electronics,Computers,Chennai,Tamil Nadu,South,6,72000,5,52000
ORD-1918,19-04-2024,C006,Fair Mart,Consumer,P003,Office Chair,Furniture,Seating,Delhi,Delhi,North,2,8500,10,5600
ORD-1919,25-03-2024,C006,Fair Mart,Consumer,P006,Monitor 27in,Electronics,Displays,Delhi,Delhi,North,7,24000,0,17000
ORD-1920,21-04-2024,C007,Ganga Supplies,Retail,P005,Notebook Pack,Stationery,Paper,Bangalore,Karnataka,South,1,350,5,180
ORD-1921,14-09-2024,C004,Delta Stores,Retail,P001,Laptop Pro 14,Electronics,Computers,Hyderabad,Telangana,South,3,72000,5,52000
ORD-1922,15-06-2025,C007,Ganga Supplies,Retail,P007,Desk Lamp,Furniture,Lighting,Bangalore,Karnataka,South,1,2200,10,1300
ORD-1923,17-05-2024,C001,Aarav Traders,Corporate,P003,Office Chair,Furniture,Seating,Chennai,Tamil Nadu,South,1,8500,0,5600
ORD-1924,22-08-2025,C001,Aarav Traders,Corporate,P007,Desk Lamp,Furniture,Lighting,Chennai,Tamil Nadu,South,2,2200,0,1300
ORD-1925,19-04-2025,C004,Delta Stores,Retail,P001,Laptop Pro 14,Electronics,Computers,Kolkata,West Bengal,East,3,72000,15,52000
ORD-1926,13-03-2024,C006,Fair Mart,Consumer,P006,Monitor 27in,Electronics,Displays,Kolkata,West Bengal,East,5,24000,15,17000
ORD-1927,17-04-2025,C004,Delta Stores,Retail,P008,Printer Ink,Stationery,Supplies,Chennai,Tamil Nadu,South,2,1800,0,1500
ORD-1928,28-07-2024,C007,Ganga Supplies,Retail,P006,Monitor 27in,Electronics,Displays,Chennai,Tamil Nadu,South,4,24000,0,17000
ORD-1929,28-08-2025,C004,Delta Stores,Retail,P003,Office Chair,Furniture,Seating,Delhi,Delhi,North,4,8500,10,5600
ORD-1930,08-08-2025,C002,Bright Retail,Retail,P008,Printer Ink,Stationery,Supplies,Kolkata,West Bengal,East,2,1800,0,1500
ORD-1931,26-04-2025,C007,Ganga Supplies,Retail,P003,Office Chair,Furniture,Seating,Hyderabad,Telangana,South,2,8500,0,5600
ORD-1932,27-10-2025,C008,Horizon Inc,Corporate,P008,Printer Ink,Stationery,Supplies,Kolkata,West Bengal,East,4,1800,0,1500
ORD-1933,01-05-2024,C007,Ganga Supplies,Retail,P008,Printer Ink,Stationery,Supplies,Chennai,Tamil Nadu,South,4,1800,0,1500
ORD-1934,22-08-2024,C007,Ganga Supplies,Retail,P001,Laptop Pro 14,Electronics,Computers,Kolkata,West Bengal,East,3,72000,0,52000
ORD-1935,11-10-2025,C004,Delta Stores,Retail,P001,Laptop Pro 14,Electronics,Computers,Chennai,Tamil Nadu,South,4,72000,0,52000
ORD-1936,01-01-2024,C008,Horizon Inc,Corporate,P001,Laptop Pro 14,Electronics,Computers,Chennai,Tamil Nadu,South,4,72000,10,52000
ORD-1937,03-09-2024,C001,Aarav Traders,Corporate,P004,Standing Desk,Furniture,Desks,Kolkata,West Bengal,East,3,18000,15,12500
ORD-1938,27-02-2025,C001,Aarav Traders,Corporate,P005,Notebook Pack,Stationery,Paper,Bangalore,Karnataka,South,4,350,10,180
ORD-1939,19-01-2024,C002,Bright Retail,Retail,P008,Printer Ink,Stationery,Supplies,Hyderabad,Telangana,South,3,1800,0,1500
ORD-1940,10-07-2024,C003,Chola Systems,Corporate,P003,Office Chair,Furniture,Seating,Kolkata,West Bengal,East,1,8500,15,5600
ORD-1941,27-11-2024,C007,Ganga Supplies,Retail,P002,Wireless Mouse,Electronics,Accessories,Chennai,Tamil Nadu,South,2,1200,0,700
ORD-1942,31-01-2024,C002,Bright Retail,Retail,P002,Wireless Mouse,Electronics,Accessories,Hyderabad,Telangana,South,2,1200,0,700
ORD-1943,08-11-2025,C008,Horizon Inc,Corporate,P005,Notebook Pack,Stationery,Paper,Delhi,Delhi,North,4,350,0,180
ORD-1944,27-07-2025,C001,Aarav Traders,Corporate,P004,Standing Desk,Furniture,Desks,Bangalore,Karnataka,South,1,18000,15,12500
ORD-1945,13-04-2025,C002,Bright Retail,Retail,P004,Standing Desk,Furniture,Desks,Hyderabad,Telangana,South,3,18000,0,12500
ORD-1946,18-11-2025,C002,Bright Retail,Retail,P007,Desk Lamp,Furniture,Lighting,Kolkata,West Bengal,East,4,2200,0,1300
ORD-1947,13-07-2025,C002,Bright Retail,Retail,P006,Monitor 27in,Electronics,Displays,Chennai,Tamil Nadu,South,1,24000,0,17000
ORD-1948,13-04-2024,C006,Fair Mart,Consumer,P002,Wireless Mouse,Electronics,Accessories,Mumbai,Maharashtra,West,3,1200,5,700
ORD-1949,12-11-2024,C003,Chola Systems,Corporate,P005,Notebook Pack,Stationery,Paper,Delhi,Delhi,North,5,350,15,180
ORD-1950,13-08-2025,C004,Delta Stores,Retail,P006,Monitor 27in,Electronics,Displays,Chennai,Tamil Nadu,South,5,24000,0,17000
ORD-1951,17-03-2024,C002,Bright Retail,Retail,P001,Laptop Pro 14,Electronics,Computers,Hyderabad,Telangana,South,1,72000,15,52000
ORD-1952,07-08-2024,C008,Horizon Inc,Corporate,P007,Desk Lamp,Furniture,Lighting,Delhi,Delhi,North,2,2200,15,1300
ORD-1953,11-08-2025,C002,Bright Retail,Retail,P004,Standing Desk,Furniture,Desks,Chennai,Tamil Nadu,South,2,18000,0,12500
ORD-1954,01-02-2024,C007,Ganga Supplies,Retail,P003,Office Chair,Furniture,Seating,Chennai,Tamil Nadu,South,1,8500,0,5600
ORD-1955,25-09-2025,C008,Horizon Inc,Corporate,P005,Notebook Pack,Stationery,Paper,Mumbai,Maharashtra,West,3,350,0,180
ORD-1956,15-09-2024,C006,Fair Mart,Consumer,P005,Notebook Pack,Stationery,Paper,Chennai,Tamil Nadu,South,2,350,5,180
ORD-1957,26-01-2025,C003,Chola Systems,Corporate,P002,Wireless Mouse,Electronics,Accessories,Delhi,Delhi,North,4,1200,0,700
ORD-1958,31-10-2025,C006,Fair Mart,Consumer,P008,Printer Ink,Stationery,Supplies,Mumbai,Maharashtra,West,1,1800,0,1500
ORD-1959,14-01-2024,C001,Aarav Traders,Corporate,P007,Desk Lamp,Furniture,Lighting,Mumbai,Maharashtra,West,6,2200,0,1300
ORD-1960,11-07-2025,C006,Fair Mart,Consumer,P006,Monitor 27in,Electronics,Displays,Chennai,Tamil Nadu,South,1,24000,0,17000
ORD-1961,16-12-2024,C003,Chola Systems,Corporate,P002,Wireless Mouse,Electronics,Accessories,Chennai,Tamil Nadu,South,6,1200,0,700
ORD-1962,17-11-2024,C006,Fair Mart,Consumer,P007,Desk Lamp,Furniture,Lighting,Mumbai,Maharashtra,West,1,2200,0,1300
ORD-1963,04-07-2025,C008,Horizon Inc,Corporate,P002,Wireless Mouse,Electronics,Accessories,Bangalore,Karnataka,South,4,1200,0,700
ORD-1964,27-06-2025,C004,Delta Stores,Retail,P001,Laptop Pro 14,Electronics,Computers,Delhi,Delhi,North,3,72000,15,52000
ORD-1965,07-12-2025,C004,Delta Stores,Retail,P002,Wireless Mouse,Electronics,Accessories,Bangalore,Karnataka,South,2,1200,5,700
ORD-1966,14-01-2024,C007,Ganga Supplies,Retail,P005,Notebook Pack,Stationery,Paper,Hyderabad,Telangana,South,1,350,0,180
ORD-1967,29-06-2024,C003,Chola Systems,Corporate,P008,Printer Ink,Stationery,Supplies,Hyderabad,Telangana,South,5,1800,5,1500
ORD-1968,04-02-2025,C006,Fair Mart,Consumer,P004,Standing Desk,Furniture,Desks,Mumbai,Maharashtra,West,5,18000,0,12500
ORD-1969,03-04-2024,C005,Everest Ltd,Corporate,P004,Standing Desk,Furniture,Desks,Kolkata,West Bengal,East,4,18000,15,12500
ORD-1970,25-05-2024,C002,Bright Retail,Retail,P002,Wireless Mouse,Electronics,Accessories,Hyderabad,Telangana,South,1,1200,10,700
ORD-1971,07-11-2024,C002,Bright Retail,Retail,P002,Wireless Mouse,Electronics,Accessories,Hyderabad,Telangana,South,1,1200,0,700
ORD-1972,02-07-2025,C002,Bright Retail,Retail,P001,Laptop Pro 14,Electronics,Computers,Mumbai,Maharashtra,West,1,72000,0,52000
ORD-1973,25-05-2024,C008,Horizon Inc,Corporate,P002,Wireless Mouse,Electronics,Accessories,Hyderabad,Telangana,South,5,1200,15,700
ORD-1974,05-12-2025,C008,Horizon Inc,Corporate,P005,Notebook Pack,Stationery,Paper,Bangalore,Karnataka,South,4,350,0,180
ORD-1975,18-09-2024,C007,Ganga Supplies,Retail,P005,Notebook Pack,Stationery,Paper,Delhi,Delhi,North,2,350,0,180
ORD-1976,31-03-2025,C008,Horizon Inc,Corporate,P002,Wireless Mouse,Electronics,Accessories,Mumbai,Maharashtra,West,5,1200,5,700
ORD-1977,29-07-2024,C007,Ganga Supplies,Retail,P001,Laptop Pro 14,Electronics,Computers,Bangalore,Karnataka,South,2,72000,0,52000
ORD-1978,01-08-2024,C006,Fair Mart,Consumer,P006,Monitor 27in,Electronics,Displays,Mumbai,Maharashtra,West,1,24000,15,17000
ORD-1979,11-01-2024,C002,Bright Retail,Retail,P004,Standing Desk,Furniture,Desks,Chennai,Tamil Nadu,South,1,18000,0,12500
ORD-1980,06-11-2025,C005,Everest Ltd,Corporate,P005,Notebook Pack,Stationery,Paper,Bangalore,Karnataka,South,6,350,0,180
ORD-1981,27-05-2024,C002,Bright Retail,Retail,P008,Printer Ink,Stationery,Supplies,Chennai,Tamil Nadu,South,1,1800,10,1500
ORD-1982,17-09-2024,C004,Delta Stores,Retail,P002,Wireless Mouse,Electronics,Accessories,Chennai,Tamil Nadu,South,2,1200,0,700
ORD-1983,29-10-2024,C005,Everest Ltd,Corporate,P001,Laptop Pro 14,Electronics,Computers,Bangalore,Karnataka,South,4,72000,5,52000
ORD-1984,07-01-2025,C003,Chola Systems,Corporate,P003,Office Chair,Furniture,Seating,Mumbai,Maharashtra,West,10,8500,5,5600
ORD-1985,14-01-2025,C003,Chola Systems,Corporate,P006,Monitor 27in,Electronics,Displays,Kolkata,West Bengal,East,1,24000,0,17000
ORD-1986,11-09-2024,C005,Everest Ltd,Corporate,P003,Office Chair,Furniture,Seating,Delhi,Delhi,North,3,8500,0,5600
ORD-1987,17-08-2024,C004,Delta Stores,Retail,P004,Standing Desk,Furniture,Desks,Delhi,Delhi,North,4,18000,5,12500
ORD-1988,03-09-2024,C005,Everest Ltd,Corporate,P008,Printer Ink,Stationery,Supplies,Chennai,Tamil Nadu,South,2,1800,0,1500
ORD-1989,11-04-2024,C006,Fair Mart,Consumer,P007,Desk Lamp,Furniture,Lighting,Bangalore,Karnataka,South,3,2200,5,1300
ORD-1990,31-01-2024,C008,Horizon Inc,Corporate,P008,Printer Ink,Stationery,Supplies,Delhi,Delhi,North,3,1800,0,1500
ORD-1991,22-04-2024,C008,Horizon Inc,Corporate,P008,Printer Ink,Stationery,Supplies,Chennai,Tamil Nadu,South,3,1800,10,1500
ORD-1992,30-04-2024,C008,Horizon Inc,Corporate,P008,Printer Ink,Stationery,Supplies,Bangalore,Karnataka,South,4,1800,0,1500
ORD-1993,12-03-2025,C001,Aarav Traders,Corporate,P008,Printer Ink,Stationery,Supplies,Chennai,Tamil Nadu,South,3,1800,0,1500
ORD-1994,10-03-2024,C006,Fair Mart,Consumer,P005,Notebook Pack,Stationery,Paper,Delhi,Delhi,North,4,350,10,180
ORD-1995,01-09-2024,C001,Aarav Traders,Corporate,P006,Monitor 27in,Electronics,Displays,Chennai,Tamil Nadu,South,3,24000,15,17000
ORD-1996,15-08-2024,C004,Delta Stores,Retail,P008,Printer Ink,Stationery,Supplies,Kolkata,West Bengal,East,2,1800,15,1500
ORD-1997,20-01-2025,C001,Aarav Traders,Corporate,P002,Wireless Mouse,Electronics,Accessories,Delhi,Delhi,North,2,1200,15,700
ORD-1998,27-02-2024,C003,Chola Systems,Corporate,P004,Standing Desk,Furniture,Desks,Kolkata,West Bengal,East,4,18000,5,12500
ORD-1999,05-08-2024,C002,Bright Retail,Retail,P002,Wireless Mouse,Electronics,Accessories,Delhi,Delhi,North,1,1200,5,700
ORD-2000,24-04-2025,C003,Chola Systems,Corporate,P008,Printer Ink,Stationery,Supplies,Chennai,Tamil Nadu,South,3,1800,10,1500
ORD-2001,08-10-2025,C002,Bright Retail,Retail,P006,Monitor 27in,Electronics,Displays,Bangalore,Karnataka,South,1,24000,5,17000
ORD-2002,09-11-2025,C002,Bright Retail,Retail,P006,Monitor 27in,Electronics,Displays,Chennai,Tamil Nadu,South,6,24000,10,17000
ORD-2003,08-05-2025,C003,Chola Systems,Corporate,P005,Notebook Pack,Stationery,Paper,Kolkata,West Bengal,East,1,350,0,180
ORD-2004,04-10-2025,C008,Horizon Inc,Corporate,P001,Laptop Pro 14,Electronics,Computers,Hyderabad,Telangana,South,12,72000,0,52000
ORD-2005,04-07-2025,C008,Horizon Inc,Corporate,P004,Standing Desk,Furniture,Desks,Hyderabad,Telangana,South,5,18000,15,12500
ORD-2006,22-05-2024,C003,Chola Systems,Corporate,P006,Monitor 27in,Electronics,Displays,Delhi,Delhi,North,1,24000,5,17000
ORD-2007,12-02-2024,C003,Chola Systems,Corporate,P006,Monitor 27in,Electronics,Displays,Hyderabad,Telangana,South,4,24000,0,17000
ORD-2008,17-01-2024,C002,Bright Retail,Retail,P008,Printer Ink,Stationery,Supplies,Delhi,Delhi,North,2,1800,0,1500
ORD-2009,06-02-2024,C008,Horizon Inc,Corporate,P005,Notebook Pack,Stationery,Paper,Bangalore,Karnataka,South,3,350,0,180
ORD-2010,07-11-2024,C004,Delta Stores,Retail,P006,Monitor 27in,Electronics,Displays,Chennai,Tamil Nadu,South,1,24000,10,17000
ORD-2011,26-01-2024,C001,Aarav Traders,Corporate,P003,Office Chair,Furniture,Seating,Mumbai,Maharashtra,West,4,8500,10,5600
ORD-2012,26-08-2024,C008,Horizon Inc,Corporate,P002,Wireless Mouse,Electronics,Accessories,Mumbai,Maharashtra,West,1,1200,15,700
ORD-2013,18-05-2025,C004,Delta Stores,Retail,P004,Standing Desk,Furniture,Desks,Bangalore,Karnataka,South,6,18000,10,12500
ORD-2014,25-07-2024,C008,Horizon Inc,Corporate,P005,Notebook Pack,Stationery,Paper,Mumbai,Maharashtra,West,1,350,0,180
ORD-2015,25-11-2024,C007,Ganga Supplies,Retail,P001,Laptop Pro 14,Electronics,Computers,Bangalore,Karnataka,South,2,72000,5,52000
ORD-2016,26-02-2025,C006,Fair Mart,Consumer,P001,Laptop Pro 14,Electronics,Computers,Bangalore,Karnataka,South,2,72000,0,52000
ORD-2017,01-01-2024,C005,Everest Ltd,Corporate,P003,Office Chair,Furniture,Seating,Kolkata,West Bengal,East,3,8500,10,5600
ORD-2018,01-05-2025,C003,Chola Systems,Corporate,P007,Desk Lamp,Furniture,Lighting,Mumbai,Maharashtra,West,4,2200,0,1300
ORD-2019,29-07-2025,C005,Everest Ltd,Corporate,P002,Wireless Mouse,Electronics,Accessories,Delhi,Delhi,North,2,1200,0,700
ORD-2020,20-05-2024,C006,Fair Mart,Consumer,P003,Office Chair,Furniture,Seating,Chennai,Tamil Nadu,South,3,8500,0,5600
ORD-2021,27-08-2024,C003,Chola Systems,Corporate,P007,Desk Lamp,Furniture,Lighting,Chennai,Tamil Nadu,South,1,2200,15,1300
ORD-2022,08-04-2025,C005,Everest Ltd,Corporate,P007,Desk Lamp,Furniture,Lighting,Kolkata,West Bengal,East,1,2200,0,1300
ORD-2023,03-06-2024,C007,Ganga Supplies,Retail,P005,Notebook Pack,Stationery,Paper,Chennai,Tamil Nadu,South,3,350,0,180
ORD-2024,22-03-2025,C001,Aarav Traders,Corporate,P002,Wireless Mouse,Electronics,Accessories,Mumbai,Maharashtra,West,3,1200,0,700
ORD-2025,22-10-2024,C003,Chola Systems,Corporate,P003,Office Chair,Furniture,Seating,Delhi,Delhi,North,1,8500,0,5600
ORD-2026,26-06-2025,C005,Everest Ltd,Corporate,P007,Desk Lamp,Furniture,Lighting,Hyderabad,Telangana,South,4,2200,15,1300
ORD-2027,20-08-2025,C008,Horizon Inc,Corporate,P002,Wireless Mouse,Electronics,Accessories,Bangalore,Karnataka,South,3,1200,10,700
ORD-2028,04-11-2025,C004,Delta Stores,Retail,P006,Monitor 27in,Electronics,Displays,Delhi,Delhi,North,8,24000,0,17000
ORD-2029,29-08-2025,C007,Ganga Supplies,Retail,P005,Notebook Pack,Stationery,Paper,Bangalore,Karnataka,South,5,350,5,180
ORD-2030,20-10-2025,C007,Ganga Supplies,Retail,P004,Standing Desk,Furniture,Desks,Mumbai,Maharashtra,West,4,18000,15,12500
ORD-2031,20-09-2024,C001,Aarav Traders,Corporate,P002,Wireless Mouse,Electronics,Accessories,Kolkata,West Bengal,East,7,1200,10,700
ORD-2032,05-08-2024,C001,Aarav Traders,Corporate,P006,Monitor 27in,Electronics,Displays,Delhi,Delhi,North,1,24000,10,17000
ORD-2033,14-12-2024,C008,Horizon Inc,Corporate,P003,Office Chair,Furniture,Seating,Mumbai,Maharashtra,West,4,8500,0,5600
ORD-2034,16-03-2025,C004,Delta Stores,Retail,P002,Wireless Mouse,Electronics,Accessories,Kolkata,West Bengal,East,6,1200,10,700
ORD-2035,14-02-2025,C004,Delta Stores,Retail,P003,Office Chair,Furniture,Seating,Mumbai,Maharashtra,West,1,8500,5,5600
ORD-2036,24-01-2025,C006,Fair Mart,Consumer,P008,Printer Ink,Stationery,Supplies,Bangalore,Karnataka,South,2,1800,0,1500
ORD-2037,17-10-2025,C005,Everest Ltd,Corporate,P004,Standing Desk,Furniture,Desks,Chennai,Tamil Nadu,South,4,18000,0,12500
ORD-2038,06-06-2025,C007,Ganga Supplies,Retail,P003,Office Chair,Furniture,Seating,Kolkata,West Bengal,East,3,8500,10,5600
ORD-2039,23-10-2025,C008,Horizon Inc,Corporate,P002,Wireless Mouse,Electronics,Accessories,Kolkata,West Bengal,East,5,1200,10,700
ORD-2040,06-12-2024,C006,Fair Mart,Consumer,P006,Monitor 27in,Electronics,Displays,Hyderabad,Telangana,South,4,24000,10,17000
ORD-2041,18-11-2024,C008,Horizon Inc,Corporate,P003,Office Chair,Furniture,Seating,Hyderabad,Telangana,South,2,8500,0,5600
ORD-2042,23-11-2025,C007,Ganga Supplies,Retail,P003,Office Chair,Furniture,Seating,Mumbai,Maharashtra,West,2,8500,0,5600
ORD-2043,06-10-2025,C004,Delta Stores,Retail,P005,Notebook Pack,Stationery,Paper,Hyderabad,Telangana,South,2,350,0,180
ORD-2044,22-12-2025,C006,Fair Mart,Consumer,P004,Standing Desk,Furniture,Desks,Mumbai,Maharashtra,West,6,18000,5,12500
ORD-2045,16-06-2024,C008,Horizon Inc,Corporate,P002,Wireless Mouse,Electronics,Accessories,Hyderabad,Telangana,South,4,1200,15,700
ORD-2046,16-02-2024,C001,Aarav Traders,Corporate,P004,Standing Desk,Furniture,Desks,Kolkata,West Bengal,East,2,18000,15,12500
ORD-2047,26-02-2025,C001,Aarav Traders,Corporate,P005,Notebook Pack,Stationery,Paper,Chennai,Tamil Nadu,South,5,350,0,180
ORD-2048,26-06-2024,C004,Delta Stores,Retail,P002,Wireless Mouse,Electronics,Accessories,Chennai,Tamil Nadu,South,3,1200,0,700
ORD-2049,23-08-2024,C005,Everest Ltd,Corporate,P003,Office Chair,Furniture,Seating,Hyderabad,Telangana,South,6,8500,0,5600
ORD-2050,20-01-2024,C002,Bright Retail,Retail,P001,Laptop Pro 14,Electronics,Computers,Chennai,Tamil Nadu,South,3,72000,0,52000
ORD-2051,22-07-2024,C008,Horizon Inc,Corporate,P003,Office Chair,Furniture,Seating,Mumbai,Maharashtra,West,4,8500,0,5600
ORD-2052,18-06-2025,C006,Fair Mart,Consumer,P006,Monitor 27in,Electronics,Displays,Mumbai,Maharashtra,West,1,24000,10,17000
ORD-2053,05-05-2025,C006,Fair Mart,Consumer,P005,Notebook Pack,Stationery,Paper,Chennai,Tamil Nadu,South,4,350,0,180
ORD-2054,27-09-2024,C005,Everest Ltd,Corporate,P003,Office Chair,Furniture,Seating,Chennai,Tamil Nadu,South,2,8500,0,5600
ORD-2055,01-10-2025,C005,Everest Ltd,Corporate,P001,Laptop Pro 14,Electronics,Computers,Bangalore,Karnataka,South,2,72000,5,52000
ORD-2056,15-12-2024,C003,Chola Systems,Corporate,P008,Printer Ink,Stationery,Supplies,Bangalore,Karnataka,South,6,1800,15,1500
ORD-2057,27-07-2025,C003,Chola Systems,Corporate,P001,Laptop Pro 14,Electronics,Computers,Hyderabad,Telangana,South,1,72000,10,52000
ORD-2058,29-01-2025,C001,Aarav Traders,Corporate,P005,Notebook Pack,Stationery,Paper,Bangalore,Karnataka,South,3,350,5,180
ORD-2059,14-03-2024,C002,Bright Retail,Retail,P008,Printer Ink,Stationery,Supplies,Chennai,Tamil Nadu,South,4,1800,15,1500
ORD-2060,04-06-2024,C008,Horizon Inc,Corporate,P004,Standing Desk,Furniture,Desks,Delhi,Delhi,North,1,18000,0,12500
ORD-2061,29-09-2025,C008,Horizon Inc,Corporate,P002,Wireless Mouse,Electronics,Accessories,Kolkata,West Bengal,East,3,1200,10,700
ORD-2062,21-05-2024,C004,Delta Stores,Retail,P001,Laptop Pro 14,Electronics,Computers,Kolkata,West Bengal,East,2,72000,0,52000
ORD-2063,20-04-2024,C004,Delta Stores,Retail,P008,Printer Ink,Stationery,Supplies,Mumbai,Maharashtra,West,4,1800,15,1500
ORD-2064,09-03-2025,C001,Aarav Traders,Corporate,P006,Monitor 27in,Electronics,Displays,Chennai,Tamil Nadu,South,3,24000,0,17000
ORD-2065,25-01-2024,C005,Everest Ltd,Corporate,P004,Standing Desk,Furniture,Desks,Bangalore,Karnataka,South,1,18000,10,12500
ORD-2066,21-09-2025,C003,Chola Systems,Corporate,P004,Standing Desk,Furniture,Desks,Bangalore,Karnataka,South,3,18000,5,12500
ORD-2067,09-11-2025,C003,Chola Systems,Corporate,P005,Notebook Pack,Stationery,Paper,Bangalore,Karnataka,South,6,350,0,180
ORD-2068,19-08-2024,C006,Fair Mart,Consumer,P008,Printer Ink,Stationery,Supplies,Hyderabad,Telangana,South,2,1800,5,1500
ORD-2069,10-02-2025,C005,Everest Ltd,Corporate,P006,Monitor 27in,Electronics,Displays,Chennai,Tamil Nadu,South,5,24000,15,17000
ORD-2070,19-11-2024,C005,Everest Ltd,Corporate,P002,Wireless Mouse,Electronics,Accessories,Chennai,Tamil Nadu,South,6,1200,5,700
ORD-2071,10-06-2025,C003,Chola Systems,Corporate,P004,Standing Desk,Furniture,Desks,Bangalore,Karnataka,South,4,18000,0,12500
ORD-2072,17-04-2025,C004,Delta Stores,Retail,P001,Laptop Pro 14,Electronics,Computers,Mumbai,Maharashtra,West,1,72000,0,52000
ORD-2073,02-06-2025,C008,Horizon Inc,Corporate,P006,Monitor 27in,Electronics,Displays,Kolkata,West Bengal,East,4,24000,5,17000
ORD-2074,17-03-2024,C002,Bright Retail,Retail,P002,Wireless Mouse,Electronics,Accessories,Kolkata,West Bengal,East,5,1200,10,700
ORD-2075,23-03-2025,C002,Bright Retail,Retail,P008,Printer Ink,Stationery,Supplies,Mumbai,Maharashtra,West,2,1800,15,1500
ORD-2076,15-08-2024,C006,Fair Mart,Consumer,P008,Printer Ink,Stationery,Supplies,Delhi,Delhi,North,2,1800,10,1500
ORD-2077,23-12-2025,C008,Horizon Inc,Corporate,P006,Monitor 27in,Electronics,Displays,Hyderabad,Telangana,South,8,24000,5,17000
ORD-2078,25-09-2025,C002,Bright Retail,Retail,P001,Laptop Pro 14,Electronics,Computers,Delhi,Delhi,North,5,72000,0,52000
ORD-2079,14-10-2025,C003,Chola Systems,Corporate,P005,Notebook Pack,Stationery,Paper,Chennai,Tamil Nadu,South,6,350,15,180
ORD-2080,12-05-2024,C008,Horizon Inc,Corporate,P002,Wireless Mouse,Electronics,Accessories,Hyderabad,Telangana,South,4,1200,15,700
ORD-2081,05-02-2024,C002,Bright Retail,Retail,P005,Notebook Pack,Stationery,Paper,Hyderabad,Telangana,South,1,350,5,180
ORD-2082,23-03-2025,C003,Chola Systems,Corporate,P002,Wireless Mouse,Electronics,Accessories,Delhi,Delhi,North,3,1200,0,700
ORD-2083,22-02-2024,C005,Everest Ltd,Corporate,P001,Laptop Pro 14,Electronics,Computers,Hyderabad,Telangana,South,1,72000,0,52000
ORD-2084,26-06-2025,C002,Bright Retail,Retail,P002,Wireless Mouse,Electronics,Accessories,Mumbai,Maharashtra,West,3,1200,0,700
ORD-2085,28-06-2025,C003,Chola Systems,Corporate,P007,Desk Lamp,Furniture,Lighting,Bangalore,Karnataka,South,2,2200,0,1300
ORD-2086,31-01-2025,C006,Fair Mart,Consumer,P007,Desk Lamp,Furniture,Lighting,Mumbai,Maharashtra,West,2,2200,0,1300
ORD-2087,05-09-2024,C002,Bright Retail,Retail,P008,Printer Ink,Stationery,Supplies,Chennai,Tamil Nadu,South,1,1800,5,1500
ORD-2088,30-01-2025,C004,Delta Stores,Retail,P008,Printer Ink,Stationery,Supplies,Bangalore,Karnataka,South,2,1800,15,1500
ORD-2089,22-10-2024,C007,Ganga Supplies,Retail,P008,Printer Ink,Stationery,Supplies,Hyderabad,Telangana,South,4,1800,0,1500
ORD-2090,12-05-2024,C008,Horizon Inc,Corporate,P004,Standing Desk,Furniture,Desks,Chennai,Tamil Nadu,South,3,18000,15,12500
ORD-2091,12-12-2024,C001,Aarav Traders,Corporate,P004,Standing Desk,Furniture,Desks,Mumbai,Maharashtra,West,2,18000,15,12500
ORD-2092,25-04-2025,C006,Fair Mart,Consumer,P003,Office Chair,Furniture,Seating,Mumbai,Maharashtra,West,5,8500,0,5600
ORD-2093,15-12-2024,C007,Ganga Supplies,Retail,P004,Standing Desk,Furniture,Desks,Chennai,Tamil Nadu,South,5,18000,0,12500
ORD-2094,25-08-2024,C001,Aarav Traders,Corporate,P006,Monitor 27in,Electronics,Displays,Mumbai,Maharashtra,West,2,24000,15,17000
ORD-2095,10-02-2024,C006,Fair Mart,Consumer,P001,Laptop Pro 14,Electronics,Computers,Bangalore,Karnataka,South,3,72000,5,52000
ORD-2096,29-09-2024,C005,Everest Ltd,Corporate,P006,Monitor 27in,Electronics,Displays,Mumbai,Maharashtra,West,4,24000,15,17000
ORD-2097,27-12-2024,C007,Ganga Supplies,Retail,P007,Desk Lamp,Furniture,Lighting,Mumbai,Maharashtra,West,6,2200,0,1300
ORD-2098,20-08-2024,C007,Ganga Supplies,Retail,P001,Laptop Pro 14,Electronics,Computers,Hyderabad,Telangana,South,4,72000,15,52000
ORD-2099,07-09-2024,C003,Chola Systems,Corporate,P001,Laptop Pro 14,Electronics,Computers,Bangalore,Karnataka,South,1,72000,5,52000
ORD-2100,16-09-2024,C007,Ganga Supplies,Retail,P006,Monitor 27in,Electronics,Displays,Delhi,Delhi,North,2,24000,5,17000
ORD-2101,16-05-2024,C006,Fair Mart,Consumer,P004,Standing Desk,Furniture,Desks,Hyderabad,Telangana,South,4,18000,0,12500
ORD-2102,19-12-2024,C006,Fair Mart,Consumer,P003,Office Chair,Furniture,Seating,Bangalore,Karnataka,South,4,8500,15,5600
ORD-2103,30-10-2025,C008,Horizon Inc,Corporate,P001,Laptop Pro 14,Electronics,Computers,Mumbai,Maharashtra,West,6,72000,10,52000
ORD-2104,17-04-2025,C006,Fair Mart,Consumer,P004,Standing Desk,Furniture,Desks,Mumbai,Maharashtra,West,1,18000,0,12500
ORD-2105,06-03-2024,C002,Bright Retail,Retail,P002,Wireless Mouse,Electronics,Accessories,Mumbai,Maharashtra,West,5,1200,0,700
ORD-2106,27-01-2024,C006,Fair Mart,Consumer,P004,Standing Desk,Furniture,Desks,Chennai,Tamil Nadu,South,1,18000,15,12500
ORD-2107,10-03-2024,C001,Aarav Traders,Corporate,P008,Printer Ink,Stationery,Supplies,Bangalore,Karnataka,South,2,1800,10,1500
ORD-2108,17-10-2025,C005,Everest Ltd,Corporate,P007,Desk Lamp,Furniture,Lighting,Delhi,Delhi,North,2,2200,10,1300
ORD-2109,13-11-2024,C006,Fair Mart,Consumer,P008,Printer Ink,Stationery,Supplies,Mumbai,Maharashtra,West,2,1800,5,1500
ORD-2110,26-12-2024,C002,Bright Retail,Retail,P002,Wireless Mouse,Electronics,Accessories,Delhi,Delhi,North,4,1200,10,700
ORD-2111,02-03-2025,C004,Delta Stores,Retail,P001,Laptop Pro 14,Electronics,Computers,Bangalore,Karnataka,South,3,72000,0,52000
ORD-2112,06-01-2025,C002,Bright Retail,Retail,P006,Monitor 27in,Electronics,Displays,Hyderabad,Telangana,South,1,24000,15,17000
ORD-2113,05-02-2024,C007,Ganga Supplies,Retail,P008,Printer Ink,Stationery,Supplies,Chennai,Tamil Nadu,South,1,1800,0,1500
ORD-2114,15-03-2025,C003,Chola Systems,Corporate,P002,Wireless Mouse,Electronics,Accessories,Kolkata,West Bengal,East,2,1200,5,700
ORD-2115,11-06-2025,C002,Bright Retail,Retail,P006,Monitor 27in,Electronics,Displays,Bangalore,Karnataka,South,1,24000,15,17000
ORD-2116,29-02-2024,C006,Fair Mart,Consumer,P004,Standing Desk,Furniture,Desks,Hyderabad,Telangana,South,4,18000,10,12500
ORD-2117,10-06-2024,C002,Bright Retail,Retail,P007,Desk Lamp,Furniture,Lighting,Delhi,Delhi,North,2,2200,0,1300
ORD-2118,01-12-2024,C006,Fair Mart,Consumer,P005,Notebook Pack,Stationery,Paper,Kolkata,West Bengal,East,6,350,0,180
ORD-2119,18-05-2025,C003,Chola Systems,Corporate,P001,Laptop Pro 14,Electronics,Computers,Kolkata,West Bengal,East,1,72000,10,52000
ORD-2120,28-07-2025,C003,Chola Systems,Corporate,P003,Office Chair,Furniture,Seating,Chennai,Tamil Nadu,South,1,8500,15,5600
ORD-2121,25-04-2024,C001,Aarav Traders,Corporate,P006,Monitor 27in,Electronics,Displays,Chennai,Tamil Nadu,South,5,24000,0,17000
ORD-2122,01-06-2025,C004,Delta Stores,Retail,P001,Laptop Pro 14,Electronics,Computers,Kolkata,West Bengal,East,4,72000,10,52000
ORD-2123,07-06-2024,C003,Chola Systems,Corporate,P004,Standing Desk,Furniture,Desks,Bangalore,Karnataka,South,1,18000,10,12500
ORD-2124,01-02-2024,C003,Chola Systems,Corporate,P007,Desk Lamp,Furniture,Lighting,Kolkata,West Bengal,East,3,2200,5,1300
ORD-2125,10-09-2025,C004,Delta Stores,Retail,P005,Notebook Pack,Stationery,Paper,Delhi,Delhi,North,4,350,0,180
ORD-2126,09-06-2025,C001,Aarav Traders,Corporate,P008,Printer Ink,Stationery,Supplies,Chennai,Tamil Nadu,South,3,1800,0,1500
ORD-2127,14-12-2024,C004,Delta Stores,Retail,P003,Office Chair,Furniture,Seating,Kolkata,West Bengal,East,5,8500,5,5600
ORD-2128,25-08-2024,C004,Delta Stores,Retail,P003,Office Chair,Furniture,Seating,Kolkata,West Bengal,East,3,8500,0,5600
ORD-2129,25-07-2024,C008,Horizon Inc,Corporate,P002,Wireless Mouse,Electronics,Accessories,Hyderabad,Telangana,South,1,1200,15,700
ORD-2130,28-12-2025,C005,Everest Ltd,Corporate,P004,Standing Desk,Furniture,Desks,Delhi,Delhi,North,2,18000,15,12500
ORD-2131,23-02-2024,C001,Aarav Traders,Corporate,P008,Printer Ink,Stationery,Supplies,Delhi,Delhi,North,4,1800,0,1500
ORD-2132,12-03-2024,C003,Chola Systems,Corporate,P007,Desk Lamp,Furniture,Lighting,Mumbai,Maharashtra,West,5,2200,10,1300
ORD-2133,24-06-2024,C006,Fair Mart,Consumer,P004,Standing Desk,Furniture,Desks,Delhi,Delhi,North,1,18000,0,12500
ORD-2134,22-07-2024,C003,Chola Systems,Corporate,P004,Standing Desk,Furniture,Desks,Delhi,Delhi,North,1,18000,5,12500
ORD-2135,25-09-2025,C005,Everest Ltd,Corporate,P007,Desk Lamp,Furniture,Lighting,Mumbai,Maharashtra,West,5,2200,0,1300
ORD-2136,12-10-2025,C008,Horizon Inc,Corporate,P004,Standing Desk,Furniture,Desks,Chennai,Tamil Nadu,South,4,18000,0,12500
ORD-2137,16-07-2024,C002,Bright Retail,Retail,P006,Monitor 27in,Electronics,Displays,Kolkata,West Bengal,East,1,24000,5,17000
ORD-2138,07-07-2024,C008,Horizon Inc,Corporate,P007,Desk Lamp,Furniture,Lighting,Delhi,Delhi,North,3,2200,15,1300
ORD-2139,12-05-2025,C005,Everest Ltd,Corporate,P008,Printer Ink,Stationery,Supplies,Delhi,Delhi,North,1,1800,15,1500
ORD-2140,21-07-2024,C003,Chola Systems,Corporate,P008,Printer Ink,Stationery,Supplies,Kolkata,West Bengal,East,1,1800,0,1500
ORD-2141,26-08-2024,C006,Fair Mart,Consumer,P002,Wireless Mouse,Electronics,Accessories,Hyderabad,Telangana,South,1,1200,10,700
ORD-2142,12-03-2024,C002,Bright Retail,Retail,P007,Desk Lamp,Furniture,Lighting,Mumbai,Maharashtra,West,2,2200,10,1300
ORD-2143,09-12-2024,C007,Ganga Supplies,Retail,P006,Monitor 27in,Electronics,Displays,Hyderabad,Telangana,South,1,24000,0,17000
ORD-2144,21-04-2025,C001,Aarav Traders,Corporate,P001,Laptop Pro 14,Electronics,Computers,Hyderabad,Telangana,South,3,72000,10,52000
ORD-2145,28-12-2024,C007,Ganga Supplies,Retail,P007,Desk Lamp,Furniture,Lighting,Kolkata,West Bengal,East,5,2200,5,1300
ORD-2146,09-06-2024,C003,Chola Systems,Corporate,P001,Laptop Pro 14,Electronics,Computers,Hyderabad,Telangana,South,4,72000,5,52000
ORD-2147,25-11-2025,C006,Fair Mart,Consumer,P007,Desk Lamp,Furniture,Lighting,Kolkata,West Bengal,East,1,2200,15,1300
ORD-2148,24-11-2025,C006,Fair Mart,Consumer,P004,Standing Desk,Furniture,Desks,Bangalore,Karnataka,South,5,18000,15,12500
ORD-2149,19-07-2025,C003,Chola Systems,Corporate,P007,Desk Lamp,Furniture,Lighting,Mumbai,Maharashtra,West,2,2200,0,1300
ORD-2150,19-05-2024,C006,Fair Mart,Consumer,P001,Laptop Pro 14,Electronics,Computers,Delhi,Delhi,North,6,72000,10,52000
ORD-2151,22-05-2025,C006,Fair Mart,Consumer,P005,Notebook Pack,Stationery,Paper,Kolkata,West Bengal,East,5,350,0,180
ORD-2152,24-12-2024,C008,Horizon Inc,Corporate,P006,Monitor 27in,Electronics,Displays,Chennai,Tamil Nadu,South,2,24000,5,17000
ORD-2153,17-09-2024,C005,Everest Ltd,Corporate,P007,Desk Lamp,Furniture,Lighting,Chennai,Tamil Nadu,South,3,2200,5,1300
ORD-2154,01-02-2025,C006,Fair Mart,Consumer,P002,Wireless Mouse,Electronics,Accessories,Hyderabad,Telangana,South,2,1200,15,700
ORD-2155,13-01-2024,C006,Fair Mart,Consumer,P005,Notebook Pack,Stationery,Paper,Mumbai,Maharashtra,West,5,350,10,180
ORD-2156,13-06-2024,C001,Aarav Traders,Corporate,P007,Desk Lamp,Furniture,Lighting,Chennai,Tamil Nadu,South,2,2200,0,1300
ORD-2157,02-08-2024,C003,Chola Systems,Corporate,P001,Laptop Pro 14,Electronics,Computers,Bangalore,Karnataka,South,2,72000,5,52000
ORD-2158,21-08-2024,C001,Aarav Traders,Corporate,P004,Standing Desk,Furniture,Desks,Delhi,Delhi,North,2,18000,5,12500
ORD-2159,04-05-2024,C003,Chola Systems,Corporate,P002,Wireless Mouse,Electronics,Accessories,Kolkata,West Bengal,East,2,1200,15,700
ORD-2160,01-04-2024,C007,Ganga Supplies,Retail,P003,Office Chair,Furniture,Seating,Bangalore,Karnataka,South,2,8500,0,5600
ORD-2161,23-05-2025,C007,Ganga Supplies,Retail,P007,Desk Lamp,Furniture,Lighting,Chennai,Tamil Nadu,South,4,2200,0,1300
ORD-2162,03-09-2025,C005,Everest Ltd,Corporate,P003,Office Chair,Furniture,Seating,Chennai,Tamil Nadu,South,2,8500,0,5600
ORD-2163,27-02-2024,C002,Bright Retail,Retail,P003,Office Chair,Furniture,Seating,Chennai,Tamil Nadu,South,1,8500,0,5600
ORD-2164,01-12-2024,C002,Bright Retail,Retail,P003,Office Chair,Furniture,Seating,Delhi,Delhi,North,2,8500,0,5600
ORD-2165,19-04-2024,C004,Delta Stores,Retail,P003,Office Chair,Furniture,Seating,Kolkata,West Bengal,East,5,8500,5,5600
ORD-2166,19-11-2025,C006,Fair Mart,Consumer,P004,Standing Desk,Furniture,Desks,Chennai,Tamil Nadu,South,4,18000,10,12500
ORD-2167,29-11-2024,C007,Ganga Supplies,Retail,P007,Desk Lamp,Furniture,Lighting,Mumbai,Maharashtra,West,2,2200,10,1300
ORD-2168,26-08-2024,C001,Aarav Traders,Corporate,P008,Printer Ink,Stationery,Supplies,Hyderabad,Telangana,South,2,1800,0,1500
ORD-2169,18-06-2024,C003,Chola Systems,Corporate,P003,Office Chair,Furniture,Seating,Mumbai,Maharashtra,West,1,8500,0,5600
ORD-2170,01-04-2025,C008,Horizon Inc,Corporate,P001,Laptop Pro 14,Electronics,Computers,Kolkata,West Bengal,East,3,72000,15,52000
ORD-2171,15-01-2024,C008,Horizon Inc,Corporate,P008,Printer Ink,Stationery,Supplies,Chennai,Tamil Nadu,South,3,1800,15,1500
ORD-2172,10-10-2025,C007,Ganga Supplies,Retail,P006,Monitor 27in,Electronics,Displays,Kolkata,West Bengal,East,1,24000,0,17000
ORD-2173,19-02-2024,C008,Horizon Inc,Corporate,P003,Office Chair,Furniture,Seating,Bangalore,Karnataka,South,4,8500,10,5600
ORD-2174,09-06-2024,C001,Aarav Traders,Corporate,P001,Laptop Pro 14,Electronics,Computers,Mumbai,Maharashtra,West,1,72000,10,52000
ORD-2175,23-12-2025,C007,Ganga Supplies,Retail,P004,Standing Desk,Furniture,Desks,Hyderabad,Telangana,South,4,18000,10,12500
ORD-2176,07-12-2024,C003,Chola Systems,Corporate,P008,Printer Ink,Stationery,Supplies,Mumbai,Maharashtra,West,4,1800,10,1500
ORD-2177,14-07-2024,C004,Delta Stores,Retail,P005,Notebook Pack,Stationery,Paper,Hyderabad,Telangana,South,2,350,15,180
ORD-2178,05-01-2024,C006,Fair Mart,Consumer,P006,Monitor 27in,Electronics,Displays,Hyderabad,Telangana,South,1,24000,15,17000
ORD-2179,25-09-2024,C003,Chola Systems,Corporate,P006,Monitor 27in,Electronics,Displays,Kolkata,West Bengal,East,4,24000,15,17000
ORD-2180,15-05-2025,C002,Bright Retail,Retail,P005,Notebook Pack,Stationery,Paper,Delhi,Delhi,North,7,350,0,180
ORD-2181,01-06-2024,C002,Bright Retail,Retail,P007,Desk Lamp,Furniture,Lighting,Kolkata,West Bengal,East,3,2200,10,1300
ORD-2182,28-10-2024,C001,Aarav Traders,Corporate,P007,Desk Lamp,Furniture,Lighting,Chennai,Tamil Nadu,South,1,2200,15,1300
ORD-2183,16-05-2024,C007,Ganga Supplies,Retail,P002,Wireless Mouse,Electronics,Accessories,Mumbai,Maharashtra,West,2,1200,0,700
ORD-2184,12-09-2025,C008,Horizon Inc,Corporate,P007,Desk Lamp,Furniture,Lighting,Hyderabad,Telangana,South,1,2200,5,1300
ORD-2185,24-03-2024,C006,Fair Mart,Consumer,P008,Printer Ink,Stationery,Supplies,Chennai,Tamil Nadu,South,1,1800,0,1500
ORD-2186,20-05-2025,C004,Delta Stores,Retail,P005,Notebook Pack,Stationery,Paper,Chennai,Tamil Nadu,South,2,350,5,180
ORD-2187,11-10-2024,C004,Delta Stores,Retail,P006,Monitor 27in,Electronics,Displays,Kolkata,West Bengal,East,2,24000,15,17000
ORD-2188,23-06-2025,C005,Everest Ltd,Corporate,P007,Desk Lamp,Furniture,Lighting,Delhi,Delhi,North,2,2200,5,1300
ORD-2189,14-02-2025,C002,Bright Retail,Retail,P008,Printer Ink,Stationery,Supplies,Chennai,Tamil Nadu,South,2,1800,0,1500
ORD-2190,26-11-2025,C001,Aarav Traders,Corporate,P005,Notebook Pack,Stationery,Paper,Kolkata,West Bengal,East,1,350,15,180
ORD-2191,14-05-2024,C007,Ganga Supplies,Retail,P006,Monitor 27in,Electronics,Displays,Bangalore,Karnataka,South,1,24000,5,17000
ORD-2192,02-06-2025,C008,Horizon Inc,Corporate,P001,Laptop Pro 14,Electronics,Computers,Delhi,Delhi,North,1,72000,0,52000
ORD-2193,29-03-2024,C001,Aarav Traders,Corporate,P002,Wireless Mouse,Electronics,Accessories,Bangalore,Karnataka,South,5,1200,10,700
ORD-2194,07-09-2025,C002,Bright Retail,Retail,P008,Printer Ink,Stationery,Supplies,Hyderabad,Telangana,South,1,1800,5,1500
ORD-2195,17-12-2024,C003,Chola Systems,Corporate,P003,Office Chair,Furniture,Seating,Hyderabad,Telangana,South,4,8500,0,5600
ORD-2196,22-10-2025,C005,Everest Ltd,Corporate,P003,Office Chair,Furniture,Seating,Mumbai,Maharashtra,West,4,8500,0,5600
ORD-2197,16-06-2024,C008,Horizon Inc,Corporate,P004,Standing Desk,Furniture,Desks,Bangalore,Karnataka,South,2,18000,5,12500
ORD-2198,22-09-2024,C004,Delta Stores,Retail,P001,Laptop Pro 14,Electronics,Computers,Bangalore,Karnataka,South,2,72000,15,52000
ORD-2199,05-11-2024,C007,Ganga Supplies,Retail,P002,Wireless Mouse,Electronics,Accessories,Kolkata,West Bengal,East,4,1200,15,700
ORD-2200,30-03-2025,C002,Bright Retail,Retail,P004,Standing Desk,Furniture,Desks,Delhi,Delhi,North,2,18000,10,12500
ORD-2201,16-11-2024,C007,Ganga Supplies,Retail,P001,Laptop Pro 14,Electronics,Computers,Bangalore,Karnataka,South,4,72000,10,52000
ORD-2202,07-05-2025,C005,Everest Ltd,Corporate,P004,Standing Desk,Furniture,Desks,Bangalore,Karnataka,South,2,18000,15,12500
ORD-2203,01-12-2025,C006,Fair Mart,Consumer,P002,Wireless Mouse,Electronics,Accessories,Delhi,Delhi,North,1,1200,0,700
ORD-2204,20-05-2024,C008,Horizon Inc,Corporate,P008,Printer Ink,Stationery,Supplies,Delhi,Delhi,North,1,1800,5,1500
ORD-2205,30-07-2025,C002,Bright Retail,Retail,P006,Monitor 27in,Electronics,Displays,Kolkata,West Bengal,East,4,24000,10,17000
ORD-2206,26-08-2025,C003,Chola Systems,Corporate,P006,Monitor 27in,Electronics,Displays,Mumbai,Maharashtra,West,3,24000,0,17000
ORD-2207,11-01-2025,C002,Bright Retail,Retail,P007,Desk Lamp,Furniture,Lighting,Bangalore,Karnataka,South,5,2200,10,1300
ORD-2208,19-08-2025,C006,Fair Mart,Consumer,P005,Notebook Pack,Stationery,Paper,Delhi,Delhi,North,2,350,15,180
ORD-2209,14-07-2025,C006,Fair Mart,Consumer,P003,Office Chair,Furniture,Seating,Chennai,Tamil Nadu,South,4,8500,5,5600
ORD-2210,28-07-2024,C002,Bright Retail,Retail,P008,Printer Ink,Stationery,Supplies,Mumbai,Maharashtra,West,2,1800,10,1500
ORD-2211,06-10-2025,C006,Fair Mart,Consumer,P006,Monitor 27in,Electronics,Displays,Delhi,Delhi,North,1,24000,0,17000
ORD-2212,10-07-2025,C006,Fair Mart,Consumer,P003,Office Chair,Furniture,Seating,Bangalore,Karnataka,South,2,8500,15,5600
ORD-2213,13-07-2024,C005,Everest Ltd,Corporate,P005,Notebook Pack,Stationery,Paper,Hyderabad,Telangana,South,1,350,0,180
ORD-2214,27-12-2025,C007,Ganga Supplies,Retail,P002,Wireless Mouse,Electronics,Accessories,Chennai,Tamil Nadu,South,1,1200,0,700
ORD-2215,20-07-2025,C004,Delta Stores,Retail,P002,Wireless Mouse,Electronics,Accessories,Kolkata,West Bengal,East,1,1200,15,700
ORD-2216,09-11-2025,C004,Delta Stores,Retail,P002,Wireless Mouse,Electronics,Accessories,Hyderabad,Telangana,South,1,1200,0,700
ORD-2217,01-12-2025,C002,Bright Retail,Retail,P005,Notebook Pack,Stationery,Paper,Bangalore,Karnataka,South,1,350,15,180
ORD-2218,31-12-2025,C005,Everest Ltd,Corporate,P001,Laptop Pro 14,Electronics,Computers,Chennai,Tamil Nadu,South,8,72000,10,52000
ORD-2219,30-03-2024,C006,Fair Mart,Consumer,P005,Notebook Pack,Stationery,Paper,Kolkata,West Bengal,East,4,350,0,180
ORD-2220,11-06-2025,C006,Fair Mart,Consumer,P007,Desk Lamp,Furniture,Lighting,Hyderabad,Telangana,South,1,2200,15,1300
ORD-2221,29-06-2025,C001,Aarav Traders,Corporate,P003,Office Chair,Furniture,Seating,Kolkata,West Bengal,East,1,8500,0,5600
ORD-2222,02-07-2024,C002,Bright Retail,Retail,P004,Standing Desk,Furniture,Desks,Bangalore,Karnataka,South,1,18000,0,12500
ORD-2223,30-09-2024,C007,Ganga Supplies,Retail,P006,Monitor 27in,Electronics,Displays,Delhi,Delhi,North,4,24000,0,17000
ORD-2224,09-03-2024,C002,Bright Retail,Retail,P007,Desk Lamp,Furniture,Lighting,Hyderabad,Telangana,South,6,2200,5,1300
ORD-2225,10-06-2025,C007,Ganga Supplies,Retail,P003,Office Chair,Furniture,Seating,Mumbai,Maharashtra,West,1,8500,0,5600
ORD-2226,28-01-2024,C007,Ganga Supplies,Retail,P001,Laptop Pro 14,Electronics,Computers,Kolkata,West Bengal,East,3,72000,15,52000
ORD-2227,31-10-2025,C003,Chola Systems,Corporate,P007,Desk Lamp,Furniture,Lighting,Mumbai,Maharashtra,West,4,2200,5,1300
ORD-2228,18-07-2025,C006,Fair Mart,Consumer,P003,Office Chair,Furniture,Seating,Mumbai,Maharashtra,West,1,8500,5,5600
ORD-2229,10-07-2025,C003,Chola Systems,Corporate,P003,Office Chair,Furniture,Seating,Bangalore,Karnataka,South,3,8500,0,5600
ORD-2230,01-06-2024,C002,Bright Retail,Retail,P002,Wireless Mouse,Electronics,Accessories,Bangalore,Karnataka,South,4,1200,5,700
ORD-2231,29-05-2025,C008,Horizon Inc,Corporate,P002,Wireless Mouse,Electronics,Accessories,Delhi,Delhi,North,1,1200,10,700
ORD-2232,10-07-2025,C001,Aarav Traders,Corporate,P001,Laptop Pro 14,Electronics,Computers,Bangalore,Karnataka,South,1,72000,10,52000
ORD-2233,23-05-2024,C001,Aarav Traders,Corporate,P004,Standing Desk,Furniture,Desks,Bangalore,Karnataka,South,3,18000,5,12500
ORD-2234,04-09-2024,C008,Horizon Inc,Corporate,P002,Wireless Mouse,Electronics,Accessories,Kolkata,West Bengal,East,4,1200,10,700
ORD-2235,15-03-2025,C008,Horizon Inc,Corporate,P006,Monitor 27in,Electronics,Displays,Chennai,Tamil Nadu,South,3,24000,0,17000
ORD-2236,17-11-2025,C008,Horizon Inc,Corporate,P001,Laptop Pro 14,Electronics,Computers,Kolkata,West Bengal,East,12,72000,0,52000
ORD-2237,08-02-2024,C004,Delta Stores,Retail,P003,Office Chair,Furniture,Seating,Chennai,Tamil Nadu,South,2,8500,5,5600
ORD-2238,25-03-2024,C002,Bright Retail,Retail,P006,Monitor 27in,Electronics,Displays,Mumbai,Maharashtra,West,4,24000,0,17000
ORD-2239,09-03-2025,C002,Bright Retail,Retail,P005,Notebook Pack,Stationery,Paper,Kolkata,West Bengal,East,1,350,10,180
ORD-2240,07-09-2024,C003,Chola Systems,Corporate,P003,Office Chair,Furniture,Seating,Mumbai,Maharashtra,West,2,8500,10,5600
ORD-2241,28-11-2024,C007,Ganga Supplies,Retail,P002,Wireless Mouse,Electronics,Accessories,Bangalore,Karnataka,South,4,1200,15,700
ORD-2242,16-02-2024,C002,Bright Retail,Retail,P008,Printer Ink,Stationery,Supplies,Hyderabad,Telangana,South,2,1800,0,1500
ORD-2243,02-10-2025,C005,Everest Ltd,Corporate,P001,Laptop Pro 14,Electronics,Computers,Kolkata,West Bengal,East,4,72000,0,52000
ORD-2244,09-12-2024,C002,Bright Retail,Retail,P001,Laptop Pro 14,Electronics,Computers,Kolkata,West Bengal,East,6,72000,0,52000
ORD-2245,06-06-2025,C003,Chola Systems,Corporate,P007,Desk Lamp,Furniture,Lighting,Bangalore,Karnataka,South,2,2200,0,1300
ORD-2246,19-03-2025,C008,Horizon Inc,Corporate,P005,Notebook Pack,Stationery,Paper,Chennai,Tamil Nadu,South,6,350,0,180
ORD-2247,23-04-2025,C004,Delta Stores,Retail,P001,Laptop Pro 14,Electronics,Computers,Hyderabad,Telangana,South,1,72000,10,52000
ORD-2248,13-04-2024,C007,Ganga Supplies,Retail,P004,Standing Desk,Furniture,Desks,Chennai,Tamil Nadu,South,4,18000,15,12500
ORD-2249,04-12-2025,C006,Fair Mart,Consumer,P005,Notebook Pack,Stationery,Paper,Mumbai,Maharashtra,West,4,350,0,180
ORD-2250,29-09-2024,C004,Delta Stores,Retail,P006,Monitor 27in,Electronics,Displays,Chennai,Tamil Nadu,South,6,24000,10,17000
ORD-2251,02-03-2025,C002,Bright Retail,Retail,P007,Desk Lamp,Furniture,Lighting,Bangalore,Karnataka,South,4,2200,0,1300
ORD-2252,13-03-2024,C004,Delta Stores,Retail,P001,Laptop Pro 14,Electronics,Computers,Mumbai,Maharashtra,West,3,72000,0,52000
ORD-2253,26-01-2025,C005,Everest Ltd,Corporate,P008,Printer Ink,Stationery,Supplies,Bangalore,Karnataka,South,2,1800,0,1500
ORD-2254,16-11-2025,C008,Horizon Inc,Corporate,P008,Printer Ink,Stationery,Supplies,Mumbai,Maharashtra,West,1,1800,0,1500
ORD-2255,26-08-2025,C003,Chola Systems,Corporate,P008,Printer Ink,Stationery,Supplies,Bangalore,Karnataka,South,3,1800,0,1500
ORD-2256,10-05-2025,C003,Chola Systems,Corporate,P007,Desk Lamp,Furniture,Lighting,Hyderabad,Telangana,South,6,2200,0,1300
ORD-2257,15-12-2025,C001,Aarav Traders,Corporate,P003,Office Chair,Furniture,Seating,Hyderabad,Telangana,South,2,8500,0,5600
ORD-2258,25-04-2024,C004,Delta Stores,Retail,P006,Monitor 27in,Electronics,Displays,Chennai,Tamil Nadu,South,2,24000,0,17000
ORD-2259,19-08-2025,C006,Fair Mart,Consumer,P005,Notebook Pack,Stationery,Paper,Bangalore,Karnataka,South,3,350,5,180
ORD-2260,20-02-2025,C003,Chola Systems,Corporate,P005,Notebook Pack,Stationery,Paper,Delhi,Delhi,North,2,350,10,180
ORD-2261,02-07-2024,C003,Chola Systems,Corporate,P001,Laptop Pro 14,Electronics,Computers,Chennai,Tamil Nadu,South,1,72000,15,52000
ORD-2262,17-03-2025,C003,Chola Systems,Corporate,P004,Standing Desk,Furniture,Desks,Hyderabad,Telangana,South,1,18000,5,12500
ORD-2263,29-04-2024,C007,Ganga Supplies,Retail,P002,Wireless Mouse,Electronics,Accessories,Chennai,Tamil Nadu,South,1,1200,0,700
ORD-2264,04-01-2024,C001,Aarav Traders,Corporate,P003,Office Chair,Furniture,Seating,Mumbai,Maharashtra,West,4,8500,0,5600
ORD-2265,09-11-2024,C008,Horizon Inc,Corporate,P006,Monitor 27in,Electronics,Displays,Hyderabad,Telangana,South,2,24000,15,17000
ORD-2266,29-06-2025,C005,Everest Ltd,Corporate,P004,Standing Desk,Furniture,Desks,Kolkata,West Bengal,East,2,18000,0,12500
ORD-2267,09-05-2025,C003,Chola Systems,Corporate,P006,Monitor 27in,Electronics,Displays,Mumbai,Maharashtra,West,2,24000,5,17000
ORD-2268,06-06-2025,C005,Everest Ltd,Corporate,P004,Standing Desk,Furniture,Desks,Hyderabad,Telangana,South,3,18000,15,12500
ORD-2269,11-05-2024,C007,Ganga Supplies,Retail,P001,Laptop Pro 14,Electronics,Computers,Delhi,Delhi,North,5,72000,15,52000
ORD-2270,08-07-2024,C005,Everest Ltd,Corporate,P001,Laptop Pro 14,Electronics,Computers,Mumbai,Maharashtra,West,2,72000,0,52000
ORD-2271,05-10-2025,C006,Fair Mart,Consumer,P008,Printer Ink,Stationery,Supplies,Kolkata,West Bengal,East,2,1800,10,1500
ORD-2272,11-09-2024,C005,Everest Ltd,Corporate,P007,Desk Lamp,Furniture,Lighting,Mumbai,Maharashtra,West,5,2200,10,1300
ORD-2273,26-12-2025,C005,Everest Ltd,Corporate,P001,Laptop Pro 14,Electronics,Computers,Delhi,Delhi,North,5,72000,5,52000
ORD-2274,29-11-2025,C008,Horizon Inc,Corporate,P004,Standing Desk,Furniture,Desks,Mumbai,Maharashtra,West,4,18000,5,12500
ORD-2275,10-04-2025,C002,Bright Retail,Retail,P006,Monitor 27in,Electronics,Displays,Mumbai,Maharashtra,West,6,24000,0,17000
ORD-2276,27-08-2024,C005,Everest Ltd,Corporate,P007,Desk Lamp,Furniture,Lighting,Hyderabad,Telangana,South,2,2200,5,1300
ORD-2277,11-12-2025,C005,Everest Ltd,Corporate,P001,Laptop Pro 14,Electronics,Computers,Kolkata,West Bengal,East,4,72000,0,52000
ORD-2278,15-12-2024,C007,Ganga Supplies,Retail,P006,Monitor 27in,Electronics,Displays,Chennai,Tamil Nadu,South,4,24000,10,17000
ORD-2279,14-09-2025,C004,Delta Stores,Retail,P005,Notebook Pack,Stationery,Paper,Mumbai,Maharashtra,West,2,350,5,180
ORD-2280,28-04-2025,C003,Chola Systems,Corporate,P002,Wireless Mouse,Electronics,Accessories,Delhi,Delhi,North,2,1200,0,700
ORD-2281,13-01-2025,C005,Everest Ltd,Corporate,P004,Standing Desk,Furniture,Desks,Delhi,Delhi,North,1,18000,0,12500
ORD-2282,30-12-2025,C006,Fair Mart,Consumer,P003,Office Chair,Furniture,Seating,Delhi,Delhi,North,6,8500,10,5600
ORD-2283,22-10-2024,C003,Chola Systems,Corporate,P007,Desk Lamp,Furniture,Lighting,Mumbai,Maharashtra,West,2,2200,0,1300
ORD-2284,18-10-2025,C003,Chola Systems,Corporate,P003,Office Chair,Furniture,Seating,Mumbai,Maharashtra,West,5,8500,5,5600
ORD-2285,03-03-2024,C006,Fair Mart,Consumer,P004,Standing Desk,Furniture,Desks,Chennai,Tamil Nadu,South,8,18000,0,12500
ORD-2286,25-02-2024,C007,Ganga Supplies,Retail,P007,Desk Lamp,Furniture,Lighting,Bangalore,Karnataka,South,6,2200,0,1300
ORD-2287,18-01-2025,C002,Bright Retail,Retail,P002,Wireless Mouse,Electronics,Accessories,Mumbai,Maharashtra,West,2,1200,10,700
ORD-2288,06-06-2025,C005,Everest Ltd,Corporate,P007,Desk Lamp,Furniture,Lighting,Chennai,Tamil Nadu,South,1,2200,10,1300
ORD-2289,03-02-2025,C007,Ganga Supplies,Retail,P003,Office Chair,Furniture,Seating,Chennai,Tamil Nadu,South,4,8500,5,5600
ORD-2290,26-04-2024,C006,Fair Mart,Consumer,P006,Monitor 27in,Electronics,Displays,Bangalore,Karnataka,South,2,24000,0,17000
ORD-2291,01-10-2025,C004,Delta Stores,Retail,P004,Standing Desk,Furniture,Desks,Chennai,Tamil Nadu,South,5,18000,15,12500
ORD-2292,21-11-2025,C005,Everest Ltd,Corporate,P004,Standing Desk,Furniture,Desks,Chennai,Tamil Nadu,South,6,18000,0,12500
ORD-2293,26-12-2025,C004,Delta Stores,Retail,P004,Standing Desk,Furniture,Desks,Delhi,Delhi,North,6,18000,15,12500
ORD-2294,11-08-2025,C002,Bright Retail,Retail,P006,Monitor 27in,Electronics,Displays,Chennai,Tamil Nadu,South,3,24000,15,17000
ORD-2295,29-11-2024,C008,Horizon Inc,Corporate,P002,Wireless Mouse,Electronics,Accessories,Chennai,Tamil Nadu,South,2,1200,0,700
ORD-2296,05-08-2024,C005,Everest Ltd,Corporate,P008,Printer Ink,Stationery,Supplies,Delhi,Delhi,North,3,1800,5,1500
ORD-2297,16-01-2024,C002,Bright Retail,Retail,P004,Standing Desk,Furniture,Desks,Mumbai,Maharashtra,West,1,18000,10,12500
ORD-2298,03-09-2024,C004,Delta Stores,Retail,P007,Desk Lamp,Furniture,Lighting,Mumbai,Maharashtra,West,1,2200,15,1300
ORD-2299,03-09-2024,C001,Aarav Traders,Corporate,P007,Desk Lamp,Furniture,Lighting,Kolkata,West Bengal,East,2,2200,15,1300
ORD-2300,07-11-2024,C008,Horizon Inc,Corporate,P005,Notebook Pack,Stationery,Paper,Hyderabad,Telangana,South,6,350,10,180
ORD-2301,24-04-2025,C001,Aarav Traders,Corporate,P001,Laptop Pro 14,Electronics,Computers,Hyderabad,Telangana,South,4,72000,10,52000
ORD-2302,18-04-2025,C003,Chola Systems,Corporate,P004,Standing Desk,Furniture,Desks,Kolkata,West Bengal,East,3,18000,10,12500
ORD-2303,15-07-2025,C003,Chola Systems,Corporate,P007,Desk Lamp,Furniture,Lighting,Chennai,Tamil Nadu,South,3,2200,5,1300
ORD-2304,26-03-2025,C005,Everest Ltd,Corporate,P002,Wireless Mouse,Electronics,Accessories,Delhi,Delhi,North,1,1200,0,700
ORD-2305,10-12-2025,C002,Bright Retail,Retail,P001,Laptop Pro 14,Electronics,Computers,Chennai,Tamil Nadu,South,6,72000,0,52000
ORD-2306,07-07-2024,C001,Aarav Traders,Corporate,P006,Monitor 27in,Electronics,Displays,Delhi,Delhi,North,2,24000,10,17000
ORD-2307,03-06-2025,C005,Everest Ltd,Corporate,P008,Printer Ink,Stationery,Supplies,Hyderabad,Telangana,South,4,1800,5,1500
ORD-2308,12-06-2025,C003,Chola Systems,Corporate,P006,Monitor 27in,Electronics,Displays,Chennai,Tamil Nadu,South,1,24000,15,17000
ORD-2309,24-06-2025,C002,Bright Retail,Retail,P008,Printer Ink,Stationery,Supplies,Mumbai,Maharashtra,West,4,1800,5,1500
ORD-2310,08-07-2025,C004,Delta Stores,Retail,P004,Standing Desk,Furniture,Desks,Delhi,Delhi,North,4,18000,5,12500
ORD-2311,09-12-2024,C005,Everest Ltd,Corporate,P005,Notebook Pack,Stationery,Paper,Chennai,Tamil Nadu,South,5,350,15,180
ORD-2312,13-01-2025,C006,Fair Mart,Consumer,P002,Wireless Mouse,Electronics,Accessories,Hyderabad,Telangana,South,5,1200,15,700
ORD-2313,19-10-2025,C003,Chola Systems,Corporate,P006,Monitor 27in,Electronics,Displays,Mumbai,Maharashtra,West,1,24000,0,17000
ORD-2314,12-12-2024,C007,Ganga Supplies,Retail,P003,Office Chair,Furniture,Seating,Chennai,Tamil Nadu,South,5,8500,5,5600
ORD-2315,15-08-2024,C001,Aarav Traders,Corporate,P007,Desk Lamp,Furniture,Lighting,Bangalore,Karnataka,South,7,2200,0,1300
ORD-2316,11-11-2025,C006,Fair Mart,Consumer,P008,Printer Ink,Stationery,Supplies,Delhi,Delhi,North,2,1800,5,1500
ORD-2317,26-08-2024,C008,Horizon Inc,Corporate,P003,Office Chair,Furniture,Seating,Bangalore,Karnataka,South,3,8500,5,5600
ORD-2318,29-02-2024,C007,Ganga Supplies,Retail,P001,Laptop Pro 14,Electronics,Computers,Bangalore,Karnataka,South,2,72000,5,52000
ORD-2319,29-11-2025,C001,Aarav Traders,Corporate,P007,Desk Lamp,Furniture,Lighting,Delhi,Delhi,North,2,2200,15,1300
ORD-2320,28-04-2025,C003,Chola Systems,Corporate,P004,Standing Desk,Furniture,Desks,Chennai,Tamil Nadu,South,2,18000,0,12500
ORD-2321,11-12-2025,C005,Everest Ltd,Corporate,P003,Office Chair,Furniture,Seating,Hyderabad,Telangana,South,8,8500,15,5600
ORD-2322,19-05-2024,C006,Fair Mart,Consumer,P003,Office Chair,Furniture,Seating,Mumbai,Maharashtra,West,3,8500,15,5600
ORD-2323,01-07-2025,C008,Horizon Inc,Corporate,P003,Office Chair,Furniture,Seating,Hyderabad,Telangana,South,2,8500,15,5600
ORD-2324,23-04-2024,C005,Everest Ltd,Corporate,P003,Office Chair,Furniture,Seating,Mumbai,Maharashtra,West,3,8500,5,5600
ORD-2325,25-11-2025,C004,Delta Stores,Retail,P004,Standing Desk,Furniture,Desks,Hyderabad,Telangana,South,1,18000,10,12500
ORD-2326,23-11-2024,C006,Fair Mart,Consumer,P003,Office Chair,Furniture,Seating,Delhi,Delhi,North,1,8500,10,5600
ORD-2327,17-07-2025,C001,Aarav Traders,Corporate,P003,Office Chair,Furniture,Seating,Hyderabad,Telangana,South,2,8500,0,5600
ORD-2328,23-03-2024,C003,Chola Systems,Corporate,P001,Laptop Pro 14,Electronics,Computers,Mumbai,Maharashtra,West,3,72000,0,52000
ORD-2329,30-06-2024,C001,Aarav Traders,Corporate,P001,Laptop Pro 14,Electronics,Computers,Kolkata,West Bengal,East,2,72000,0,52000
ORD-2330,26-03-2025,C008,Horizon Inc,Corporate,P002,Wireless Mouse,Electronics,Accessories,Kolkata,West Bengal,East,3,1200,0,700
ORD-2331,05-07-2024,C006,Fair Mart,Consumer,P004,Standing Desk,Furniture,Desks,Hyderabad,Telangana,South,1,18000,5,12500
ORD-2332,09-09-2025,C003,Chola Systems,Corporate,P001,Laptop Pro 14,Electronics,Computers,Mumbai,Maharashtra,West,1,72000,5,52000
ORD-2333,08-03-2024,C001,Aarav Traders,Corporate,P002,Wireless Mouse,Electronics,Accessories,Kolkata,West Bengal,East,2,1200,0,700
ORD-2334,21-02-2024,C005,Everest Ltd,Corporate,P003,Office Chair,Furniture,Seating,Hyderabad,Telangana,South,3,8500,5,5600
ORD-2335,03-11-2024,C004,Delta Stores,Retail,P002,Wireless Mouse,Electronics,Accessories,Delhi,Delhi,North,2,1200,15,700
ORD-2336,14-10-2024,C001,Aarav Traders,Corporate,P001,Laptop Pro 14,Electronics,Computers,Hyderabad,Telangana,South,8,72000,5,52000
ORD-2337,21-08-2024,C002,Bright Retail,Retail,P005,Notebook Pack,Stationery,Paper,Hyderabad,Telangana,South,1,350,15,180
ORD-2338,10-05-2025,C007,Ganga Supplies,Retail,P003,Office Chair,Furniture,Seating,Hyderabad,Telangana,South,1,8500,15,5600
ORD-2339,20-04-2025,C008,Horizon Inc,Corporate,P007,Desk Lamp,Furniture,Lighting,Bangalore,Karnataka,South,7,2200,0,1300
ORD-2340,14-10-2024,C004,Delta Stores,Retail,P005,Notebook Pack,Stationery,Paper,Bangalore,Karnataka,South,2,350,5,180
ORD-2341,09-02-2025,C004,Delta Stores,Retail,P001,Laptop Pro 14,Electronics,Computers,Chennai,Tamil Nadu,South,1,72000,0,52000
ORD-2342,26-03-2025,C008,Horizon Inc,Corporate,P006,Monitor 27in,Electronics,Displays,Kolkata,West Bengal,East,4,24000,5,17000
ORD-2343,28-05-2025,C001,Aarav Traders,Corporate,P008,Printer Ink,Stationery,Supplies,Kolkata,West Bengal,East,3,1800,5,1500
ORD-2344,14-02-2025,C003,Chola Systems,Corporate,P004,Standing Desk,Furniture,Desks,Mumbai,Maharashtra,West,5,18000,10,12500
ORD-2345,04-11-2025,C003,Chola Systems,Corporate,P007,Desk Lamp,Furniture,Lighting,Kolkata,West Bengal,East,4,2200,0,1300
ORD-2346,11-03-2025,C008,Horizon Inc,Corporate,P003,Office Chair,Furniture,Seating,Kolkata,West Bengal,East,3,8500,0,5600
ORD-2347,21-07-2024,C006,Fair Mart,Consumer,P004,Standing Desk,Furniture,Desks,Kolkata,West Bengal,East,1,18000,0,12500
ORD-2348,27-09-2024,C006,Fair Mart,Consumer,P005,Notebook Pack,Stationery,Paper,Hyderabad,Telangana,South,4,350,0,180
ORD-2349,08-05-2025,C007,Ganga Supplies,Retail,P005,Notebook Pack,Stationery,Paper,Kolkata,West Bengal,East,4,350,15,180
ORD-2350,10-08-2024,C007,Ganga Supplies,Retail,P006,Monitor 27in,Electronics,Displays,Chennai,Tamil Nadu,South,3,24000,5,17000
ORD-2351,17-09-2024,C003,Chola Systems,Corporate,P003,Office Chair,Furniture,Seating,Hyderabad,Telangana,South,3,8500,0,5600
ORD-2352,26-10-2024,C007,Ganga Supplies,Retail,P002,Wireless Mouse,Electronics,Accessories,Delhi,Delhi,North,4,1200,10,700
ORD-2353,20-11-2025,C004,Delta Stores,Retail,P007,Desk Lamp,Furniture,Lighting,Chennai,Tamil Nadu,South,5,2200,0,1300
ORD-2354,25-02-2025,C003,Chola Systems,Corporate,P003,Office Chair,Furniture,Seating,Mumbai,Maharashtra,West,3,8500,0,5600
ORD-2355,21-10-2025,C007,Ganga Supplies,Retail,P007,Desk Lamp,Furniture,Lighting,Mumbai,Maharashtra,West,2,2200,0,1300
ORD-2356,12-04-2024,C004,Delta Stores,Retail,P003,Office Chair,Furniture,Seating,Bangalore,Karnataka,South,1,8500,10,5600
ORD-2357,23-08-2025,C008,Horizon Inc,Corporate,P004,Standing Desk,Furniture,Desks,Hyderabad,Telangana,South,2,18000,15,12500
ORD-2358,12-05-2025,C001,Aarav Traders,Corporate,P002,Wireless Mouse,Electronics,Accessories,Bangalore,Karnataka,South,2,1200,10,700
ORD-2359,09-02-2024,C007,Ganga Supplies,Retail,P002,Wireless Mouse,Electronics,Accessories,Bangalore,Karnataka,South,1,1200,5,700
ORD-2360,07-10-2025,C003,Chola Systems,Corporate,P004,Standing Desk,Furniture,Desks,Hyderabad,Telangana,South,4,18000,5,12500
ORD-2361,15-01-2025,C008,Horizon Inc,Corporate,P002,Wireless Mouse,Electronics,Accessories,Chennai,Tamil Nadu,South,1,1200,0,700
ORD-2362,08-12-2025,C003,Chola Systems,Corporate,P005,Notebook Pack,Stationery,Paper,Mumbai,Maharashtra,West,1,350,15,180
ORD-2363,13-04-2024,C001,Aarav Traders,Corporate,P001,Laptop Pro 14,Electronics,Computers,Bangalore,Karnataka,South,4,72000,0,52000
ORD-2364,29-07-2024,C005,Everest Ltd,Corporate,P002,Wireless Mouse,Electronics,Accessories,Mumbai,Maharashtra,West,1,1200,0,700
ORD-2365,26-09-2024,C003,Chola Systems,Corporate,P008,Printer Ink,Stationery,Supplies,Mumbai,Maharashtra,West,1,1800,0,1500
ORD-2366,03-11-2024,C004,Delta Stores,Retail,P008,Printer Ink,Stationery,Supplies,Mumbai,Maharashtra,West,4,1800,0,1500
ORD-2367,27-02-2025,C004,Delta Stores,Retail,P002,Wireless Mouse,Electronics,Accessories,Chennai,Tamil Nadu,South,4,1200,0,700
ORD-2368,03-12-2024,C008,Horizon Inc,Corporate,P002,Wireless Mouse,Electronics,Accessories,Hyderabad,Telangana,South,2,1200,10,700
ORD-2369,24-01-2024,C004,Delta Stores,Retail,P004,Standing Desk,Furniture,Desks,Mumbai,Maharashtra,West,5,18000,0,12500
ORD-2370,16-11-2024,C007,Ganga Supplies,Retail,P007,Desk Lamp,Furniture,Lighting,Hyderabad,Telangana,South,5,2200,15,1300
ORD-2371,05-02-2025,C005,Everest Ltd,Corporate,P004,Standing Desk,Furniture,Desks,Delhi,Delhi,North,1,18000,0,12500
ORD-2372,25-09-2025,C007,Ganga Supplies,Retail,P008,Printer Ink,Stationery,Supplies,Kolkata,West Bengal,East,3,1800,15,1500
ORD-2373,02-05-2025,C003,Chola Systems,Corporate,P005,Notebook Pack,Stationery,Paper,Delhi,Delhi,North,2,350,10,180
ORD-2374,04-08-2024,C004,Delta Stores,Retail,P001,Laptop Pro 14,Electronics,Computers,Delhi,Delhi,North,1,72000,15,52000
ORD-2375,07-09-2024,C002,Bright Retail,Retail,P002,Wireless Mouse,Electronics,Accessories,Hyderabad,Telangana,South,2,1200,5,700
ORD-2376,17-03-2025,C001,Aarav Traders,Corporate,P001,Laptop Pro 14,Electronics,Computers,Mumbai,Maharashtra,West,1,72000,10,52000
ORD-2377,09-10-2025,C004,Delta Stores,Retail,P003,Office Chair,Furniture,Seating,Delhi,Delhi,North,5,8500,0,5600
ORD-2378,03-11-2024,C004,Delta Stores,Retail,P007,Desk Lamp,Furniture,Lighting,Bangalore,Karnataka,South,4,2200,10,1300
ORD-2379,03-11-2025,C005,Everest Ltd,Corporate,P001,Laptop Pro 14,Electronics,Computers,Chennai,Tamil Nadu,South,9,72000,10,52000
ORD-2380,28-03-2025,C004,Delta Stores,Retail,P006,Monitor 27in,Electronics,Displays,Mumbai,Maharashtra,West,8,24000,0,17000
ORD-2381,11-05-2024,C002,Bright Retail,Retail,P001,Laptop Pro 14,Electronics,Computers,Mumbai,Maharashtra,West,2,72000,0,52000
ORD-2382,29-10-2024,C003,Chola Systems,Corporate,P005,Notebook Pack,Stationery,Paper,Chennai,Tamil Nadu,South,4,350,0,180
ORD-2383,19-10-2025,C005,Everest Ltd,Corporate,P002,Wireless Mouse,Electronics,Accessories,Chennai,Tamil Nadu,South,5,1200,5,700
ORD-2384,22-12-2025,C007,Ganga Supplies,Retail,P003,Office Chair,Furniture,Seating,Hyderabad,Telangana,South,4,8500,15,5600
ORD-2385,28-02-2025,C002,Bright Retail,Retail,P002,Wireless Mouse,Electronics,Accessories,Kolkata,West Bengal,East,1,1200,10,700
ORD-2386,03-11-2024,C008,Horizon Inc,Corporate,P008,Printer Ink,Stationery,Supplies,Delhi,Delhi,North,2,1800,0,1500
ORD-2387,21-03-2025,C007,Ganga Supplies,Retail,P004,Standing Desk,Furniture,Desks,Bangalore,Karnataka,South,1,18000,5,12500
ORD-2388,06-05-2025,C007,Ganga Supplies,Retail,P007,Desk Lamp,Furniture,Lighting,Kolkata,West Bengal,East,5,2200,15,1300
ORD-2389,12-10-2024,C001,Aarav Traders,Corporate,P002,Wireless Mouse,Electronics,Accessories,Hyderabad,Telangana,South,1,1200,10,700
ORD-2390,25-09-2024,C003,Chola Systems,Corporate,P004,Standing Desk,Furniture,Desks,Delhi,Delhi,North,5,18000,10,12500
ORD-2391,16-09-2025,C006,Fair Mart,Consumer,P005,Notebook Pack,Stationery,Paper,Bangalore,Karnataka,South,4,350,15,180
ORD-2392,15-06-2025,C007,Ganga Supplies,Retail,P003,Office Chair,Furniture,Seating,Bangalore,Karnataka,South,1,8500,5,5600
ORD-2393,31-08-2024,C001,Aarav Traders,Corporate,P002,Wireless Mouse,Electronics,Accessories,Delhi,Delhi,North,9,1200,0,700
ORD-2394,04-02-2024,C005,Everest Ltd,Corporate,P008,Printer Ink,Stationery,Supplies,Kolkata,West Bengal,East,6,1800,10,1500
ORD-2395,28-12-2025,C002,Bright Retail,Retail,P002,Wireless Mouse,Electronics,Accessories,Chennai,Tamil Nadu,South,2,1200,10,700
ORD-2396,04-11-2024,C007,Ganga Supplies,Retail,P001,Laptop Pro 14,Electronics,Computers,Mumbai,Maharashtra,West,4,72000,0,52000
ORD-2397,29-04-2025,C001,Aarav Traders,Corporate,P002,Wireless Mouse,Electronics,Accessories,Chennai,Tamil Nadu,South,1,1200,0,700
ORD-2398,30-05-2025,C002,Bright Retail,Retail,P004,Standing Desk,Furniture,Desks,Chennai,Tamil Nadu,South,1,18000,15,12500
ORD-2399,18-07-2024,C003,Chola Systems,Corporate,P002,Wireless Mouse,Electronics,Accessories,Mumbai,Maharashtra,West,1,1200,10,700
ORD-2400,27-03-2025,C004,Delta Stores,Retail,P005,Notebook Pack,Stationery,Paper,Mumbai,Maharashtra,West,2,350,0,180
ORD-2401,30-07-2025,C007,Ganga Supplies,Retail,P002,Wireless Mouse,Electronics,Accessories,Mumbai,Maharashtra,West,2,1200,15,700
ORD-2402,29-02-2024,C002,Bright Retail,Retail,P002,Wireless Mouse,Electronics,Accessories,Delhi,Delhi,North,3,1200,0,700
ORD-2403,08-08-2025,C005,Everest Ltd,Corporate,P004,Standing Desk,Furniture,Desks,Hyderabad,Telangana,South,1,18000,10,12500
ORD-2404,23-10-2024,C007,Ganga Supplies,Retail,P003,Office Chair,Furniture,Seating,Chennai,Tamil Nadu,South,1,8500,5,5600
ORD-2405,12-04-2025,C005,Everest Ltd,Corporate,P006,Monitor 27in,Electronics,Displays,Kolkata,West Bengal,East,3,24000,5,17000
ORD-2406,15-10-2025,C002,Bright Retail,Retail,P002,Wireless Mouse,Electronics,Accessories,Kolkata,West Bengal,East,4,1200,10,700
ORD-2407,14-12-2024,C006,Fair Mart,Consumer,P004,Standing Desk,Furniture,Desks,Chennai,Tamil Nadu,South,9,18000,5,12500
ORD-2408,04-06-2025,C005,Everest Ltd,Corporate,P005,Notebook Pack,Stationery,Paper,Mumbai,Maharashtra,West,1,350,0,180
ORD-2409,26-02-2025,C004,Delta Stores,Retail,P005,Notebook Pack,Stationery,Paper,Delhi,Delhi,North,2,350,10,180
ORD-2410,20-09-2024,C003,Chola Systems,Corporate,P004,Standing Desk,Furniture,Desks,Kolkata,West Bengal,East,2,18000,0,12500
ORD-2411,25-07-2025,C002,Bright Retail,Retail,P001,Laptop Pro 14,Electronics,Computers,Mumbai,Maharashtra,West,4,72000,0,52000
ORD-2412,04-01-2025,C004,Delta Stores,Retail,P005,Notebook Pack,Stationery,Paper,Delhi,Delhi,North,2,350,10,180
ORD-2413,27-06-2024,C005,Everest Ltd,Corporate,P002,Wireless Mouse,Electronics,Accessories,Hyderabad,Telangana,South,1,1200,0,700
ORD-2414,07-07-2024,C007,Ganga Supplies,Retail,P008,Printer Ink,Stationery,Supplies,Chennai,Tamil Nadu,South,3,1800,0,1500
ORD-2415,05-02-2025,C007,Ganga Supplies,Retail,P007,Desk Lamp,Furniture,Lighting,Bangalore,Karnataka,South,4,2200,5,1300
ORD-2416,13-11-2025,C007,Ganga Supplies,Retail,P005,Notebook Pack,Stationery,Paper,Hyderabad,Telangana,South,1,350,15,180
ORD-2417,13-02-2025,C004,Delta Stores,Retail,P007,Desk Lamp,Furniture,Lighting,Delhi,Delhi,North,5,2200,0,1300
ORD-2418,08-06-2025,C008,Horizon Inc,Corporate,P006,Monitor 27in,Electronics,Displays,Chennai,Tamil Nadu,South,3,24000,0,17000
ORD-2419,03-09-2024,C003,Chola Systems,Corporate,P002,Wireless Mouse,Electronics,Accessories,Mumbai,Maharashtra,West,3,1200,5,700
ORD-2420,15-04-2025,C006,Fair Mart,Consumer,P008,Printer Ink,Stationery,Supplies,Mumbai,Maharashtra,West,5,1800,15,1500
ORD-2421,12-01-2025,C003,Chola Systems,Corporate,P003,Office Chair,Furniture,Seating,Bangalore,Karnataka,South,5,8500,0,5600
ORD-2422,08-06-2024,C008,Horizon Inc,Corporate,P004,Standing Desk,Furniture,Desks,Mumbai,Maharashtra,West,1,18000,0,12500
ORD-2423,21-06-2025,C003,Chola Systems,Corporate,P003,Office Chair,Furniture,Seating,Hyderabad,Telangana,South,1,8500,15,5600
ORD-2424,17-08-2024,C005,Everest Ltd,Corporate,P006,Monitor 27in,Electronics,Displays,Mumbai,Maharashtra,West,1,24000,0,17000
ORD-2425,30-09-2024,C007,Ganga Supplies,Retail,P004,Standing Desk,Furniture,Desks,Chennai,Tamil Nadu,South,3,18000,10,12500
ORD-2426,13-08-2024,C008,Horizon Inc,Corporate,P007,Desk Lamp,Furniture,Lighting,Chennai,Tamil Nadu,South,4,2200,10,1300
ORD-2427,08-10-2025,C001,Aarav Traders,Corporate,P007,Desk Lamp,Furniture,Lighting,Chennai,Tamil Nadu,South,9,2200,0,1300
ORD-2428,16-02-2025,C004,Delta Stores,Retail,P005,Notebook Pack,Stationery,Paper,Chennai,Tamil Nadu,South,3,350,15,180
ORD-2429,11-04-2024,C007,Ganga Supplies,Retail,P008,Printer Ink,Stationery,Supplies,Kolkata,West Bengal,East,2,1800,15,1500
ORD-2430,02-04-2024,C008,Horizon Inc,Corporate,P004,Standing Desk,Furniture,Desks,Mumbai,Maharashtra,West,6,18000,0,12500
ORD-2431,29-02-2024,C001,Aarav Traders,Corporate,P006,Monitor 27in,Electronics,Displays,Chennai,Tamil Nadu,South,1,24000,15,17000
ORD-2432,22-01-2024,C003,Chola Systems,Corporate,P008,Printer Ink,Stationery,Supplies,Delhi,Delhi,North,5,1800,0,1500
ORD-2433,06-07-2025,C005,Everest Ltd,Corporate,P008,Printer Ink,Stationery,Supplies,Mumbai,Maharashtra,West,1,1800,10,1500
ORD-2434,13-06-2024,C002,Bright Retail,Retail,P004,Standing Desk,Furniture,Desks,Hyderabad,Telangana,South,2,18000,15,12500
ORD-2435,10-11-2025,C007,Ganga Supplies,Retail,P006,Monitor 27in,Electronics,Displays,Bangalore,Karnataka,South,4,24000,5,17000
ORD-2436,03-08-2025,C001,Aarav Traders,Corporate,P006,Monitor 27in,Electronics,Displays,Kolkata,West Bengal,East,4,24000,5,17000
ORD-2437,03-06-2025,C001,Aarav Traders,Corporate,P002,Wireless Mouse,Electronics,Accessories,Mumbai,Maharashtra,West,1,1200,5,700
ORD-2438,24-12-2025,C005,Everest Ltd,Corporate,P005,Notebook Pack,Stationery,Paper,Delhi,Delhi,North,2,350,15,180
ORD-2439,01-04-2025,C008,Horizon Inc,Corporate,P008,Printer Ink,Stationery,Supplies,Delhi,Delhi,North,6,1800,15,1500
ORD-2440,21-11-2024,C003,Chola Systems,Corporate,P002,Wireless Mouse,Electronics,Accessories,Chennai,Tamil Nadu,South,5,1200,0,700
ORD-2441,01-12-2025,C004,Delta Stores,Retail,P003,Office Chair,Furniture,Seating,Bangalore,Karnataka,South,1,8500,0,5600
ORD-2442,19-05-2025,C004,Delta Stores,Retail,P006,Monitor 27in,Electronics,Displays,Mumbai,Maharashtra,West,2,24000,10,17000
ORD-2443,08-05-2025,C003,Chola Systems,Corporate,P001,Laptop Pro 14,Electronics,Computers,Chennai,Tamil Nadu,South,4,72000,0,52000
ORD-2444,01-04-2025,C002,Bright Retail,Retail,P002,Wireless Mouse,Electronics,Accessories,Delhi,Delhi,North,4,1200,0,700
ORD-2445,19-01-2024,C007,Ganga Supplies,Retail,P008,Printer Ink,Stationery,Supplies,Kolkata,West Bengal,East,5,1800,0,1500
ORD-2446,27-02-2025,C003,Chola Systems,Corporate,P004,Standing Desk,Furniture,Desks,Chennai,Tamil Nadu,South,5,18000,15,12500
ORD-2447,24-02-2025,C006,Fair Mart,Consumer,P004,Standing Desk,Furniture,Desks,Mumbai,Maharashtra,West,4,18000,10,12500
ORD-2448,01-03-2025,C001,Aarav Traders,Corporate,P007,Desk Lamp,Furniture,Lighting,Hyderabad,Telangana,South,5,2200,15,1300
ORD-2449,10-01-2024,C001,Aarav Traders,Corporate,P006,Monitor 27in,Electronics,Displays,Kolkata,West Bengal,East,2,24000,10,17000
ORD-2450,26-07-2024,C006,Fair Mart,Consumer,P004,Standing Desk,Furniture,Desks,Chennai,Tamil Nadu,South,2,18000,0,12500
ORD-2451,06-04-2024,C007,Ganga Supplies,Retail,P001,Laptop Pro 14,Electronics,Computers,Delhi,Delhi,North,3,72000,10,52000
ORD-2452,17-01-2025,C007,Ganga Supplies,Retail,P002,Wireless Mouse,Electronics,Accessories,Kolkata,West Bengal,East,3,1200,5,700
ORD-2453,13-01-2024,C005,Everest Ltd,Corporate,P007,Desk Lamp,Furniture,Lighting,Delhi,Delhi,North,3,2200,15,1300
ORD-2454,08-03-2024,C007,Ganga Supplies,Retail,P008,Printer Ink,Stationery,Supplies,Chennai,Tamil Nadu,South,2,1800,10,1500
ORD-2455,10-04-2024,C002,Bright Retail,Retail,P007,Desk Lamp,Furniture,Lighting,Delhi,Delhi,North,3,2200,10,1300
ORD-2456,31-05-2025,C002,Bright Retail,Retail,P001,Laptop Pro 14,Electronics,Computers,Hyderabad,Telangana,South,2,72000,15,52000
ORD-2457,25-04-2025,C001,Aarav Traders,Corporate,P005,Notebook Pack,Stationery,Paper,Kolkata,West Bengal,East,1,350,10,180
ORD-2458,11-11-2025,C001,Aarav Traders,Corporate,P005,Notebook Pack,Stationery,Paper,Delhi,Delhi,North,1,350,0,180
ORD-2459,25-12-2024,C007,Ganga Supplies,Retail,P008,Printer Ink,Stationery,Supplies,Chennai,Tamil Nadu,South,6,1800,5,1500
ORD-2460,05-10-2025,C006,Fair Mart,Consumer,P001,Laptop Pro 14,Electronics,Computers,Mumbai,Maharashtra,West,2,72000,15,52000
ORD-2461,28-08-2024,C001,Aarav Traders,Corporate,P007,Desk Lamp,Furniture,Lighting,Delhi,Delhi,North,6,2200,10,1300
ORD-2462,19-07-2025,C008,Horizon Inc,Corporate,P003,Office Chair,Furniture,Seating,Mumbai,Maharashtra,West,2,8500,15,5600
ORD-2463,16-02-2024,C001,Aarav Traders,Corporate,P005,Notebook Pack,Stationery,Paper,Bangalore,Karnataka,South,4,350,5,180
ORD-2464,27-12-2025,C004,Delta Stores,Retail,P001,Laptop Pro 14,Electronics,Computers,Chennai,Tamil Nadu,South,1,72000,0,52000
ORD-2465,25-09-2024,C007,Ganga Supplies,Retail,P004,Standing Desk,Furniture,Desks,Bangalore,Karnataka,South,1,18000,15,12500
ORD-2466,12-09-2025,C003,Chola Systems,Corporate,P006,Monitor 27in,Electronics,Displays,Chennai,Tamil Nadu,South,1,24000,0,17000
ORD-2467,25-03-2025,C006,Fair Mart,Consumer,P007,Desk Lamp,Furniture,Lighting,Bangalore,Karnataka,South,3,2200,10,1300
ORD-2468,28-06-2024,C006,Fair Mart,Consumer,P005,Notebook Pack,Stationery,Paper,Chennai,Tamil Nadu,South,2,350,15,180
ORD-2469,04-10-2024,C001,Aarav Traders,Corporate,P008,Printer Ink,Stationery,Supplies,Chennai,Tamil Nadu,South,2,1800,0,1500
ORD-2470,01-01-2024,C002,Bright Retail,Retail,P007,Desk Lamp,Furniture,Lighting,Mumbai,Maharashtra,West,2,2200,5,1300
ORD-2471,13-03-2024,C007,Ganga Supplies,Retail,P003,Office Chair,Furniture,Seating,Bangalore,Karnataka,South,4,8500,5,5600
ORD-2472,08-07-2025,C002,Bright Retail,Retail,P001,Laptop Pro 14,Electronics,Computers,Delhi,Delhi,North,1,72000,15,52000
ORD-2473,26-05-2024,C002,Bright Retail,Retail,P008,Printer Ink,Stationery,Supplies,Bangalore,Karnataka,South,6,1800,0,1500
ORD-2474,10-11-2024,C001,Aarav Traders,Corporate,P004,Standing Desk,Furniture,Desks,Chennai,Tamil Nadu,South,1,18000,5,12500
ORD-2475,09-04-2024,C008,Horizon Inc,Corporate,P003,Office Chair,Furniture,Seating,Hyderabad,Telangana,South,3,8500,15,5600
ORD-2476,01-12-2024,C003,Chola Systems,Corporate,P003,Office Chair,Furniture,Seating,Mumbai,Maharashtra,West,4,8500,10,5600
ORD-2477,01-12-2025,C008,Horizon Inc,Corporate,P003,Office Chair,Furniture,Seating,Mumbai,Maharashtra,West,5,8500,5,5600
ORD-2478,11-09-2025,C003,Chola Systems,Corporate,P003,Office Chair,Furniture,Seating,Kolkata,West Bengal,East,2,8500,5,5600
ORD-2479,04-06-2024,C001,Aarav Traders,Corporate,P004,Standing Desk,Furniture,Desks,Hyderabad,Telangana,South,3,18000,0,12500
ORD-2480,25-07-2024,C001,Aarav Traders,Corporate,P005,Notebook Pack,Stationery,Paper,Mumbai,Maharashtra,West,3,350,5,180
ORD-2481,10-04-2024,C008,Horizon Inc,Corporate,P005,Notebook Pack,Stationery,Paper,Kolkata,West Bengal,East,3,350,0,180
ORD-2482,29-03-2025,C002,Bright Retail,Retail,P002,Wireless Mouse,Electronics,Accessories,Mumbai,Maharashtra,West,5,1200,10,700
ORD-2483,03-07-2024,C004,Delta Stores,Retail,P003,Office Chair,Furniture,Seating,Chennai,Tamil Nadu,South,1,8500,0,5600
ORD-2484,03-04-2024,C002,Bright Retail,Retail,P007,Desk Lamp,Furniture,Lighting,Bangalore,Karnataka,South,2,2200,0,1300
ORD-2485,09-04-2025,C007,Ganga Supplies,Retail,P001,Laptop Pro 14,Electronics,Computers,Hyderabad,Telangana,South,1,72000,10,52000
ORD-2486,29-04-2024,C007,Ganga Supplies,Retail,P001,Laptop Pro 14,Electronics,Computers,Mumbai,Maharashtra,West,1,72000,0,52000
ORD-2487,04-09-2024,C006,Fair Mart,Consumer,P007,Desk Lamp,Furniture,Lighting,Delhi,Delhi,North,4,2200,15,1300
ORD-2488,05-01-2025,C007,Ganga Supplies,Retail,P003,Office Chair,Furniture,Seating,Chennai,Tamil Nadu,South,2,8500,5,5600
ORD-2489,04-03-2025,C005,Everest Ltd,Corporate,P005,Notebook Pack,Stationery,Paper,Hyderabad,Telangana,South,4,350,0,180
ORD-2490,07-08-2024,C006,Fair Mart,Consumer,P007,Desk Lamp,Furniture,Lighting,Delhi,Delhi,North,1,2200,5,1300
ORD-2491,11-07-2024,C005,Everest Ltd,Corporate,P008,Printer Ink,Stationery,Supplies,Delhi,Delhi,North,4,1800,15,1500
ORD-2492,01-04-2024,C008,Horizon Inc,Corporate,P002,Wireless Mouse,Electronics,Accessories,Chennai,Tamil Nadu,South,7,1200,15,700
ORD-2493,30-03-2025,C005,Everest Ltd,Corporate,P007,Desk Lamp,Furniture,Lighting,Delhi,Delhi,North,5,2200,5,1300
ORD-2494,08-02-2025,C004,Delta Stores,Retail,P002,Wireless Mouse,Electronics,Accessories,Kolkata,West Bengal,East,5,1200,0,700
ORD-2495,07-06-2025,C004,Delta Stores,Retail,P007,Desk Lamp,Furniture,Lighting,Chennai,Tamil Nadu,South,1,2200,10,1300
ORD-2496,26-01-2025,C007,Ganga Supplies,Retail,P006,Monitor 27in,Electronics,Displays,Hyderabad,Telangana,South,2,24000,0,17000
ORD-2497,24-07-2025,C007,Ganga Supplies,Retail,P002,Wireless Mouse,Electronics,Accessories,Hyderabad,Telangana,South,3,1200,0,700
ORD-2498,11-11-2024,C003,Chola Systems,Corporate,P007,Desk Lamp,Furniture,Lighting,Mumbai,Maharashtra,West,1,2200,5,1300
ORD-2499,01-04-2025,C005,Everest Ltd,Corporate,P008,Printer Ink,Stationery,Supplies,Kolkata,West Bengal,East,2,1800,10,1500
ORD-2500,18-09-2025,C003,Chola Systems,Corporate,P003,Office Chair,Furniture,Seating,Mumbai,Maharashtra,West,2,8500,15,5600
ORD-2501,17-01-2024,C001,Aarav Traders,Corporate,P007,Desk Lamp,Furniture,Lighting,Mumbai,Maharashtra,West,2,2200,15,1300
ORD-2502,23-05-2025,C004,Delta Stores,Retail,P006,Monitor 27in,Electronics,Displays,Delhi,Delhi,North,3,24000,0,17000
ORD-2503,24-04-2025,C004,Delta Stores,Retail,P007,Desk Lamp,Furniture,Lighting,Hyderabad,Telangana,South,2,2200,0,1300
ORD-2504,01-04-2024,C005,Everest Ltd,Corporate,P004,Standing Desk,Furniture,Desks,Delhi,Delhi,North,5,18000,0,12500
ORD-2505,28-02-2025,C008,Horizon Inc,Corporate,P006,Monitor 27in,Electronics,Displays,Hyderabad,Telangana,South,3,24000,10,17000
ORD-2506,09-01-2025,C002,Bright Retail,Retail,P007,Desk Lamp,Furniture,Lighting,Bangalore,Karnataka,South,5,2200,0,1300
ORD-2507,11-11-2024,C008,Horizon Inc,Corporate,P002,Wireless Mouse,Electronics,Accessories,Delhi,Delhi,North,6,1200,5,700
ORD-2508,07-08-2025,C003,Chola Systems,Corporate,P007,Desk Lamp,Furniture,Lighting,Bangalore,Karnataka,South,1,2200,15,1300
ORD-2509,03-06-2025,C006,Fair Mart,Consumer,P007,Desk Lamp,Furniture,Lighting,Mumbai,Maharashtra,West,3,2200,10,1300
ORD-2510,18-11-2024,C008,Horizon Inc,Corporate,P008,Printer Ink,Stationery,Supplies,Chennai,Tamil Nadu,South,6,1800,10,1500
ORD-2511,30-07-2025,C001,Aarav Traders,Corporate,P004,Standing Desk,Furniture,Desks,Bangalore,Karnataka,South,4,18000,0,12500
ORD-2512,20-12-2024,C002,Bright Retail,Retail,P005,Notebook Pack,Stationery,Paper,Bangalore,Karnataka,South,4,350,0,180
ORD-2513,25-05-2025,C008,Horizon Inc,Corporate,P005,Notebook Pack,Stationery,Paper,Kolkata,West Bengal,East,1,350,10,180
ORD-2514,29-06-2025,C001,Aarav Traders,Corporate,P002,Wireless Mouse,Electronics,Accessories,Hyderabad,Telangana,South,4,1200,0,700
ORD-2515,25-06-2024,C002,Bright Retail,Retail,P004,Standing Desk,Furniture,Desks,Delhi,Delhi,North,2,18000,0,12500
ORD-2516,24-06-2025,C006,Fair Mart,Consumer,P005,Notebook Pack,Stationery,Paper,Chennai,Tamil Nadu,South,3,350,0,180
ORD-2517,20-07-2025,C007,Ganga Supplies,Retail,P006,Monitor 27in,Electronics,Displays,Bangalore,Karnataka,South,1,24000,0,17000
ORD-2518,14-02-2024,C008,Horizon Inc,Corporate,P002,Wireless Mouse,Electronics,Accessories,Mumbai,Maharashtra,West,1,1200,0,700
ORD-2519,16-02-2025,C006,Fair Mart,Consumer,P005,Notebook Pack,Stationery,Paper,Delhi,Delhi,North,5,350,0,180
ORD-2520,30-09-2024,C008,Horizon Inc,Corporate,P003,Office Chair,Furniture,Seating,Bangalore,Karnataka,South,8,8500,0,5600
ORD-2521,09-04-2025,C003,Chola Systems,Corporate,P006,Monitor 27in,Electronics,Displays,Kolkata,West Bengal,East,3,24000,10,17000
ORD-2522,29-07-2025,C004,Delta Stores,Retail,P002,Wireless Mouse,Electronics,Accessories,Mumbai,Maharashtra,West,2,1200,5,700
ORD-2523,19-11-2025,C004,Delta Stores,Retail,P005,Notebook Pack,Stationery,Paper,Hyderabad,Telangana,South,1,350,0,180
ORD-2524,22-07-2025,C007,Ganga Supplies,Retail,P006,Monitor 27in,Electronics,Displays,Bangalore,Karnataka,South,1,24000,15,17000
ORD-2525,22-11-2024,C001,Aarav Traders,Corporate,P001,Laptop Pro 14,Electronics,Computers,Delhi,Delhi,North,1,72000,10,52000
ORD-2526,09-10-2025,C005,Everest Ltd,Corporate,P006,Monitor 27in,Electronics,Displays,Delhi,Delhi,North,1,24000,0,17000
ORD-2527,09-08-2025,C005,Everest Ltd,Corporate,P004,Standing Desk,Furniture,Desks,Bangalore,Karnataka,South,3,18000,5,12500
ORD-2528,28-07-2025,C006,Fair Mart,Consumer,P008,Printer Ink,Stationery,Supplies,Hyderabad,Telangana,South,1,1800,10,1500
ORD-2529,25-03-2024,C001,Aarav Traders,Corporate,P001,Laptop Pro 14,Electronics,Computers,Kolkata,West Bengal,East,3,72000,15,52000
ORD-2530,10-12-2025,C006,Fair Mart,Consumer,P007,Desk Lamp,Furniture,Lighting,Delhi,Delhi,North,1,2200,0,1300
ORD-2531,21-03-2025,C008,Horizon Inc,Corporate,P004,Standing Desk,Furniture,Desks,Chennai,Tamil Nadu,South,1,18000,10,12500
ORD-2532,11-08-2024,C008,Horizon Inc,Corporate,P006,Monitor 27in,Electronics,Displays,Chennai,Tamil Nadu,South,3,24000,5,17000
ORD-2533,26-10-2024,C008,Horizon Inc,Corporate,P003,Office Chair,Furniture,Seating,Hyderabad,Telangana,South,8,8500,15,5600
ORD-2534,15-11-2025,C005,Everest Ltd,Corporate,P004,Standing Desk,Furniture,Desks,Kolkata,West Bengal,East,4,18000,10,12500
ORD-2535,04-09-2025,C004,Delta Stores,Retail,P003,Office Chair,Furniture,Seating,Mumbai,Maharashtra,West,3,8500,10,5600
ORD-2536,17-12-2024,C002,Bright Retail,Retail,P001,Laptop Pro 14,Electronics,Computers,Mumbai,Maharashtra,West,9,72000,5,52000
ORD-2537,16-07-2024,C003,Chola Systems,Corporate,P003,Office Chair,Furniture,Seating,Delhi,Delhi,North,6,8500,5,5600
ORD-2538,29-04-2024,C003,Chola Systems,Corporate,P006,Monitor 27in,Electronics,Displays,Chennai,Tamil Nadu,South,2,24000,5,17000
ORD-2539,14-09-2024,C005,Everest Ltd,Corporate,P007,Desk Lamp,Furniture,Lighting,Hyderabad,Telangana,South,3,2200,10,1300
ORD-2540,17-10-2024,C005,Everest Ltd,Corporate,P006,Monitor 27in,Electronics,Displays,Hyderabad,Telangana,South,4,24000,0,17000
ORD-2541,15-08-2024,C004,Delta Stores,Retail,P006,Monitor 27in,Electronics,Displays,Mumbai,Maharashtra,West,1,24000,0,17000
ORD-2542,16-03-2025,C006,Fair Mart,Consumer,P005,Notebook Pack,Stationery,Paper,Chennai,Tamil Nadu,South,4,350,5,180
ORD-2543,15-10-2024,C005,Everest Ltd,Corporate,P001,Laptop Pro 14,Electronics,Computers,Bangalore,Karnataka,South,4,72000,0,52000
ORD-2544,09-01-2025,C006,Fair Mart,Consumer,P002,Wireless Mouse,Electronics,Accessories,Mumbai,Maharashtra,West,4,1200,0,700
ORD-2545,04-06-2025,C007,Ganga Supplies,Retail,P003,Office Chair,Furniture,Seating,Mumbai,Maharashtra,West,2,8500,0,5600
ORD-2546,15-08-2025,C008,Horizon Inc,Corporate,P008,Printer Ink,Stationery,Supplies,Mumbai,Maharashtra,West,5,1800,5,1500
ORD-2547,22-06-2025,C006,Fair Mart,Consumer,P001,Laptop Pro 14,Electronics,Computers,Delhi,Delhi,North,1,72000,15,52000
ORD-2548,25-09-2024,C008,Horizon Inc,Corporate,P003,Office Chair,Furniture,Seating,Delhi,Delhi,North,5,8500,5,5600
ORD-2549,17-05-2024,C005,Everest Ltd,Corporate,P004,Standing Desk,Furniture,Desks,Kolkata,West Bengal,East,3,18000,0,12500
ORD-2550,29-08-2024,C004,Delta Stores,Retail,P004,Standing Desk,Furniture,Desks,Chennai,Tamil Nadu,South,2,18000,0,12500
ORD-2551,18-12-2025,C003,Chola Systems,Corporate,P004,Standing Desk,Furniture,Desks,Kolkata,West Bengal,East,1,18000,10,12500
ORD-2552,24-12-2024,C006,Fair Mart,Consumer,P008,Printer Ink,Stationery,Supplies,Hyderabad,Telangana,South,1,1800,0,1500
ORD-2553,15-07-2024,C007,Ganga Supplies,Retail,P004,Standing Desk,Furniture,Desks,Kolkata,West Bengal,East,4,18000,10,12500
ORD-2554,11-07-2024,C006,Fair Mart,Consumer,P001,Laptop Pro 14,Electronics,Computers,Chennai,Tamil Nadu,South,1,72000,0,52000
ORD-2555,07-10-2024,C002,Bright Retail,Retail,P006,Monitor 27in,Electronics,Displays,Delhi,Delhi,North,1,24000,0,17000
ORD-2556,09-06-2025,C002,Bright Retail,Retail,P003,Office Chair,Furniture,Seating,Kolkata,West Bengal,East,1,8500,15,5600
ORD-2557,01-06-2024,C003,Chola Systems,Corporate,P007,Desk Lamp,Furniture,Lighting,Mumbai,Maharashtra,West,1,2200,0,1300
ORD-2558,19-08-2025,C008,Horizon Inc,Corporate,P006,Monitor 27in,Electronics,Displays,Chennai,Tamil Nadu,South,2,24000,10,17000
ORD-2559,12-12-2024,C004,Delta Stores,Retail,P007,Desk Lamp,Furniture,Lighting,Mumbai,Maharashtra,West,2,2200,0,1300
ORD-2560,18-05-2025,C004,Delta Stores,Retail,P008,Printer Ink,Stationery,Supplies,Bangalore,Karnataka,South,3,1800,15,1500
ORD-2561,29-05-2025,C008,Horizon Inc,Corporate,P002,Wireless Mouse,Electronics,Accessories,Hyderabad,Telangana,South,2,1200,0,700
ORD-2562,07-09-2025,C006,Fair Mart,Consumer,P002,Wireless Mouse,Electronics,Accessories,Bangalore,Karnataka,South,1,1200,0,700
ORD-2563,14-07-2024,C006,Fair Mart,Consumer,P006,Monitor 27in,Electronics,Displays,Hyderabad,Telangana,South,1,24000,0,17000
ORD-2564,24-02-2025,C001,Aarav Traders,Corporate,P002,Wireless Mouse,Electronics,Accessories,Mumbai,Maharashtra,West,2,1200,10,700
ORD-2565,18-04-2025,C005,Everest Ltd,Corporate,P008,Printer Ink,Stationery,Supplies,Mumbai,Maharashtra,West,5,1800,5,1500
ORD-2566,12-07-2025,C004,Delta Stores,Retail,P001,Laptop Pro 14,Electronics,Computers,Delhi,Delhi,North,1,72000,0,52000
ORD-2567,22-03-2024,C006,Fair Mart,Consumer,P004,Standing Desk,Furniture,Desks,Hyderabad,Telangana,South,4,18000,15,12500
ORD-2568,11-03-2025,C002,Bright Retail,Retail,P004,Standing Desk,Furniture,Desks,Hyderabad,Telangana,South,2,18000,0,12500
ORD-2569,25-06-2025,C003,Chola Systems,Corporate,P001,Laptop Pro 14,Electronics,Computers,Chennai,Tamil Nadu,South,3,72000,15,52000
ORD-2570,14-05-2025,C005,Everest Ltd,Corporate,P008,Printer Ink,Stationery,Supplies,Mumbai,Maharashtra,West,6,1800,0,1500
ORD-2571,24-02-2025,C001,Aarav Traders,Corporate,P005,Notebook Pack,Stationery,Paper,Mumbai,Maharashtra,West,5,350,0,180
ORD-2572,17-04-2025,C004,Delta Stores,Retail,P004,Standing Desk,Furniture,Desks,Bangalore,Karnataka,South,2,18000,0,12500
ORD-2573,29-01-2024,C003,Chola Systems,Corporate,P005,Notebook Pack,Stationery,Paper,Delhi,Delhi,North,2,350,10,180
ORD-2574,05-01-2025,C007,Ganga Supplies,Retail,P001,Laptop Pro 14,Electronics,Computers,Delhi,Delhi,North,5,72000,0,52000
ORD-2575,02-06-2025,C008,Horizon Inc,Corporate,P002,Wireless Mouse,Electronics,Accessories,Kolkata,West Bengal,East,3,1200,0,700
ORD-2576,18-02-2025,C008,Horizon Inc,Corporate,P003,Office Chair,Furniture,Seating,Delhi,Delhi,North,3,8500,0,5600
ORD-2577,28-05-2024,C003,Chola Systems,Corporate,P007,Desk Lamp,Furniture,Lighting,Kolkata,West Bengal,East,7,2200,10,1300
ORD-2578,11-10-2024,C002,Bright Retail,Retail,P005,Notebook Pack,Stationery,Paper,Bangalore,Karnataka,South,4,350,0,180
ORD-2579,15-04-2025,C002,Bright Retail,Retail,P006,Monitor 27in,Electronics,Displays,Kolkata,West Bengal,East,3,24000,15,17000
ORD-2580,08-06-2025,C004,Delta Stores,Retail,P003,Office Chair,Furniture,Seating,Bangalore,Karnataka,South,3,8500,0,5600
ORD-2581,04-04-2024,C004,Delta Stores,Retail,P006,Monitor 27in,Electronics,Displays,Mumbai,Maharashtra,West,3,24000,0,17000
ORD-2582,06-05-2024,C007,Ganga Supplies,Retail,P001,Laptop Pro 14,Electronics,Computers,Bangalore,Karnataka,South,3,72000,0,52000
ORD-2583,04-04-2024,C008,Horizon Inc,Corporate,P008,Printer Ink,Stationery,Supplies,Hyderabad,Telangana,South,4,1800,0,1500
ORD-2584,21-02-2025,C004,Delta Stores,Retail,P005,Notebook Pack,Stationery,Paper,Bangalore,Karnataka,South,3,350,15,180
ORD-2585,28-11-2025,C008,Horizon Inc,Corporate,P008,Printer Ink,Stationery,Supplies,Bangalore,Karnataka,South,4,1800,0,1500
ORD-2586,18-12-2024,C006,Fair Mart,Consumer,P004,Standing Desk,Furniture,Desks,Chennai,Tamil Nadu,South,1,18000,0,12500
ORD-2587,27-03-2025,C002,Bright Retail,Retail,P002,Wireless Mouse,Electronics,Accessories,Hyderabad,Telangana,South,3,1200,5,700
ORD-2588,25-10-2025,C001,Aarav Traders,Corporate,P003,Office Chair,Furniture,Seating,Hyderabad,Telangana,South,5,8500,5,5600
ORD-2589,25-08-2025,C008,Horizon Inc,Corporate,P001,Laptop Pro 14,Electronics,Computers,Kolkata,West Bengal,East,2,72000,10,52000
ORD-2590,09-08-2025,C003,Chola Systems,Corporate,P001,Laptop Pro 14,Electronics,Computers,Mumbai,Maharashtra,West,4,72000,10,52000
ORD-2591,05-10-2025,C002,Bright Retail,Retail,P007,Desk Lamp,Furniture,Lighting,Delhi,Delhi,North,5,2200,0,1300
ORD-2592,28-07-2025,C007,Ganga Supplies,Retail,P006,Monitor 27in,Electronics,Displays,Bangalore,Karnataka,South,3,24000,10,17000
ORD-2593,24-09-2024,C005,Everest Ltd,Corporate,P006,Monitor 27in,Electronics,Displays,Kolkata,West Bengal,East,4,24000,0,17000
ORD-2594,27-03-2025,C006,Fair Mart,Consumer,P001,Laptop Pro 14,Electronics,Computers,Hyderabad,Telangana,South,2,72000,0,52000
ORD-2595,08-02-2025,C008,Horizon Inc,Corporate,P008,Printer Ink,Stationery,Supplies,Bangalore,Karnataka,South,2,1800,15,1500
ORD-2596,02-05-2024,C001,Aarav Traders,Corporate,P006,Monitor 27in,Electronics,Displays,Bangalore,Karnataka,South,2,24000,15,17000
ORD-2597,16-01-2024,C001,Aarav Traders,Corporate,P003,Office Chair,Furniture,Seating,Hyderabad,Telangana,South,6,8500,5,5600
ORD-2598,21-04-2025,C001,Aarav Traders,Corporate,P006,Monitor 27in,Electronics,Displays,Bangalore,Karnataka,South,4,24000,0,17000
ORD-2599,04-04-2025,C008,Horizon Inc,Corporate,P005,Notebook Pack,Stationery,Paper,Delhi,Delhi,North,6,350,10,180
ORD-2600,29-04-2024,C003,Chola Systems,Corporate,P004,Standing Desk,Furniture,Desks,Mumbai,Maharashtra,West,2,18000,0,12500
ORD-2601,23-12-2024,C003,Chola Systems,Corporate,P008,Printer Ink,Stationery,Supplies,Chennai,Tamil Nadu,South,6,1800,10,1500
ORD-2602,08-08-2024,C008,Horizon Inc,Corporate,P002,Wireless Mouse,Electronics,Accessories,Hyderabad,Telangana,South,5,1200,15,700
ORD-2603,29-04-2025,C002,Bright Retail,Retail,P003,Office Chair,Furniture,Seating,Hyderabad,Telangana,South,2,8500,15,5600
ORD-2604,09-01-2024,C007,Ganga Supplies,Retail,P007,Desk Lamp,Furniture,Lighting,Bangalore,Karnataka,South,3,2200,15,1300
ORD-2605,04-05-2024,C008,Horizon Inc,Corporate,P004,Standing Desk,Furniture,Desks,Mumbai,Maharashtra,West,1,18000,0,12500
ORD-2606,09-08-2025,C002,Bright Retail,Retail,P006,Monitor 27in,Electronics,Displays,Delhi,Delhi,North,5,24000,15,17000
ORD-2607,05-07-2024,C002,Bright Retail,Retail,P006,Monitor 27in,Electronics,Displays,Mumbai,Maharashtra,West,3,24000,15,17000
ORD-2608,20-01-2024,C005,Everest Ltd,Corporate,P002,Wireless Mouse,Electronics,Accessories,Delhi,Delhi,North,1,1200,15,700
ORD-2609,28-06-2024,C001,Aarav Traders,Corporate,P006,Monitor 27in,Electronics,Displays,Delhi,Delhi,North,4,24000,0,17000
ORD-2610,25-11-2024,C003,Chola Systems,Corporate,P004,Standing Desk,Furniture,Desks,Mumbai,Maharashtra,West,2,18000,15,12500
ORD-2611,25-09-2025,C005,Everest Ltd,Corporate,P003,Office Chair,Furniture,Seating,Mumbai,Maharashtra,West,1,8500,15,5600
ORD-2612,01-12-2025,C008,Horizon Inc,Corporate,P005,Notebook Pack,Stationery,Paper,Hyderabad,Telangana,South,2,350,0,180
ORD-2613,27-10-2024,C008,Horizon Inc,Corporate,P005,Notebook Pack,Stationery,Paper,Bangalore,Karnataka,South,8,350,15,180
ORD-2614,18-06-2024,C008,Horizon Inc,Corporate,P004,Standing Desk,Furniture,Desks,Bangalore,Karnataka,South,2,18000,0,12500
ORD-2615,06-12-2024,C007,Ganga Supplies,Retail,P003,Office Chair,Furniture,Seating,Mumbai,Maharashtra,West,1,8500,10,5600
ORD-2616,01-05-2025,C003,Chola Systems,Corporate,P007,Desk Lamp,Furniture,Lighting,Mumbai,Maharashtra,West,1,2200,0,1300
ORD-2617,11-03-2025,C003,Chola Systems,Corporate,P005,Notebook Pack,Stationery,Paper,Kolkata,West Bengal,East,3,350,5,180
ORD-2618,29-11-2025,C007,Ganga Supplies,Retail,P004,Standing Desk,Furniture,Desks,Mumbai,Maharashtra,West,4,18000,0,12500
ORD-2619,11-05-2024,C008,Horizon Inc,Corporate,P006,Monitor 27in,Electronics,Displays,Kolkata,West Bengal,East,1,24000,15,17000
ORD-2620,03-09-2025,C003,Chola Systems,Corporate,P004,Standing Desk,Furniture,Desks,Bangalore,Karnataka,South,1,18000,5,12500
ORD-2621,28-11-2025,C001,Aarav Traders,Corporate,P005,Notebook Pack,Stationery,Paper,Hyderabad,Telangana,South,4,350,10,180
ORD-2622,09-07-2024,C005,Everest Ltd,Corporate,P002,Wireless Mouse,Electronics,Accessories,Chennai,Tamil Nadu,South,1,1200,0,700
ORD-2623,21-04-2024,C008,Horizon Inc,Corporate,P005,Notebook Pack,Stationery,Paper,Mumbai,Maharashtra,West,3,350,15,180
ORD-2624,11-09-2024,C005,Everest Ltd,Corporate,P005,Notebook Pack,Stationery,Paper,Mumbai,Maharashtra,West,3,350,0,180
ORD-2625,15-12-2025,C001,Aarav Traders,Corporate,P002,Wireless Mouse,Electronics,Accessories,Chennai,Tamil Nadu,South,6,1200,0,700
ORD-2626,02-08-2025,C002,Bright Retail,Retail,P005,Notebook Pack,Stationery,Paper,Hyderabad,Telangana,South,8,350,15,180
ORD-2627,16-03-2025,C004,Delta Stores,Retail,P004,Standing Desk,Furniture,Desks,Delhi,Delhi,North,8,18000,15,12500
ORD-2628,15-12-2024,C001,Aarav Traders,Corporate,P008,Printer Ink,Stationery,Supplies,Mumbai,Maharashtra,West,2,1800,5,1500
ORD-2629,30-04-2024,C006,Fair Mart,Consumer,P007,Desk Lamp,Furniture,Lighting,Kolkata,West Bengal,East,1,2200,5,1300
ORD-2630,27-12-2025,C004,Delta Stores,Retail,P002,Wireless Mouse,Electronics,Accessories,Kolkata,West Bengal,East,8,1200,5,700
ORD-2631,15-10-2024,C005,Everest Ltd,Corporate,P005,Notebook Pack,Stationery,Paper,Kolkata,West Bengal,East,1,350,0,180
ORD-2632,27-08-2024,C002,Bright Retail,Retail,P001,Laptop Pro 14,Electronics,Computers,Kolkata,West Bengal,East,5,72000,10,52000
ORD-2633,24-12-2024,C007,Ganga Supplies,Retail,P003,Office Chair,Furniture,Seating,Mumbai,Maharashtra,West,4,8500,5,5600
ORD-2634,10-09-2024,C005,Everest Ltd,Corporate,P003,Office Chair,Furniture,Seating,Bangalore,Karnataka,South,4,8500,15,5600
ORD-2635,23-04-2024,C001,Aarav Traders,Corporate,P003,Office Chair,Furniture,Seating,Bangalore,Karnataka,South,3,8500,5,5600
ORD-2636,10-06-2025,C003,Chola Systems,Corporate,P008,Printer Ink,Stationery,Supplies,Kolkata,West Bengal,East,3,1800,10,1500
ORD-2637,17-08-2025,C003,Chola Systems,Corporate,P008,Printer Ink,Stationery,Supplies,Chennai,Tamil Nadu,South,3,1800,5,1500
ORD-2638,29-03-2024,C006,Fair Mart,Consumer,P001,Laptop Pro 14,Electronics,Computers,Bangalore,Karnataka,South,3,72000,0,52000
ORD-2639,08-09-2025,C003,Chola Systems,Corporate,P001,Laptop Pro 14,Electronics,Computers,Bangalore,Karnataka,South,1,72000,5,52000
ORD-2640,28-10-2024,C003,Chola Systems,Corporate,P002,Wireless Mouse,Electronics,Accessories,Delhi,Delhi,North,2,1200,0,700
ORD-2641,09-07-2025,C006,Fair Mart,Consumer,P005,Notebook Pack,Stationery,Paper,Bangalore,Karnataka,South,2,350,0,180
ORD-2642,04-04-2025,C008,Horizon Inc,Corporate,P003,Office Chair,Furniture,Seating,Delhi,Delhi,North,3,8500,0,5600
ORD-2643,09-05-2024,C007,Ganga Supplies,Retail,P005,Notebook Pack,Stationery,Paper,Bangalore,Karnataka,South,2,350,15,180
ORD-2644,27-11-2024,C007,Ganga Supplies,Retail,P004,Standing Desk,Furniture,Desks,Mumbai,Maharashtra,West,2,18000,0,12500
ORD-2645,25-06-2025,C008,Horizon Inc,Corporate,P006,Monitor 27in,Electronics,Displays,Hyderabad,Telangana,South,3,24000,0,17000
ORD-2646,02-07-2025,C005,Everest Ltd,Corporate,P002,Wireless Mouse,Electronics,Accessories,Kolkata,West Bengal,East,1,1200,0,700
ORD-2647,04-06-2024,C006,Fair Mart,Consumer,P006,Monitor 27in,Electronics,Displays,Delhi,Delhi,North,1,24000,0,17000
ORD-2648,05-07-2025,C002,Bright Retail,Retail,P002,Wireless Mouse,Electronics,Accessories,Bangalore,Karnataka,South,4,1200,10,700
ORD-2649,23-09-2024,C001,Aarav Traders,Corporate,P006,Monitor 27in,Electronics,Displays,Bangalore,Karnataka,South,3,24000,5,17000
ORD-2650,10-12-2025,C006,Fair Mart,Consumer,P002,Wireless Mouse,Electronics,Accessories,Mumbai,Maharashtra,West,2,1200,5,700
ORD-2651,29-10-2025,C008,Horizon Inc,Corporate,P003,Office Chair,Furniture,Seating,Delhi,Delhi,North,4,8500,0,5600
ORD-2652,13-12-2024,C006,Fair Mart,Consumer,P005,Notebook Pack,Stationery,Paper,Hyderabad,Telangana,South,5,350,15,180
ORD-2653,13-04-2024,C001,Aarav Traders,Corporate,P006,Monitor 27in,Electronics,Displays,Mumbai,Maharashtra,West,5,24000,15,17000
ORD-2654,17-02-2025,C006,Fair Mart,Consumer,P006,Monitor 27in,Electronics,Displays,Delhi,Delhi,North,1,24000,5,17000
ORD-2655,21-05-2024,C005,Everest Ltd,Corporate,P002,Wireless Mouse,Electronics,Accessories,Hyderabad,Telangana,South,4,1200,0,700
ORD-2656,11-12-2025,C007,Ganga Supplies,Retail,P004,Standing Desk,Furniture,Desks,Chennai,Tamil Nadu,South,4,18000,0,12500
ORD-2657,25-06-2025,C003,Chola Systems,Corporate,P005,Notebook Pack,Stationery,Paper,Delhi,Delhi,North,1,350,15,180
ORD-2658,05-07-2025,C003,Chola Systems,Corporate,P002,Wireless Mouse,Electronics,Accessories,Bangalore,Karnataka,South,1,1200,0,700
ORD-2659,27-11-2025,C008,Horizon Inc,Corporate,P003,Office Chair,Furniture,Seating,Hyderabad,Telangana,South,2,8500,15,5600
ORD-2660,10-12-2025,C004,Delta Stores,Retail,P001,Laptop Pro 14,Electronics,Computers,Chennai,Tamil Nadu,South,6,72000,0,52000
ORD-2661,11-01-2024,C003,Chola Systems,Corporate,P004,Standing Desk,Furniture,Desks,Delhi,Delhi,North,3,18000,15,12500
ORD-2662,01-06-2024,C007,Ganga Supplies,Retail,P003,Office Chair,Furniture,Seating,Delhi,Delhi,North,1,8500,5,5600
ORD-2663,05-01-2024,C006,Fair Mart,Consumer,P004,Standing Desk,Furniture,Desks,Mumbai,Maharashtra,West,1,18000,15,12500
ORD-2664,13-05-2025,C006,Fair Mart,Consumer,P001,Laptop Pro 14,Electronics,Computers,Delhi,Delhi,North,1,72000,0,52000
ORD-2665,02-12-2025,C003,Chola Systems,Corporate,P008,Printer Ink,Stationery,Supplies,Kolkata,West Bengal,East,5,1800,15,1500
ORD-2666,07-11-2025,C001,Aarav Traders,Corporate,P006,Monitor 27in,Electronics,Displays,Hyderabad,Telangana,South,2,24000,10,17000
ORD-2667,19-07-2025,C001,Aarav Traders,Corporate,P003,Office Chair,Furniture,Seating,Mumbai,Maharashtra,West,3,8500,10,5600
ORD-2668,11-02-2025,C001,Aarav Traders,Corporate,P006,Monitor 27in,Electronics,Displays,Hyderabad,Telangana,South,4,24000,10,17000
ORD-2669,16-02-2024,C008,Horizon Inc,Corporate,P002,Wireless Mouse,Electronics,Accessories,Chennai,Tamil Nadu,South,2,1200,0,700
ORD-2670,06-08-2025,C006,Fair Mart,Consumer,P007,Desk Lamp,Furniture,Lighting,Bangalore,Karnataka,South,1,2200,5,1300
ORD-2671,01-11-2025,C002,Bright Retail,Retail,P008,Printer Ink,Stationery,Supplies,Delhi,Delhi,North,4,1800,15,1500
ORD-2672,26-07-2025,C005,Everest Ltd,Corporate,P008,Printer Ink,Stationery,Supplies,Kolkata,West Bengal,East,3,1800,15,1500
ORD-2673,06-07-2025,C008,Horizon Inc,Corporate,P006,Monitor 27in,Electronics,Displays,Hyderabad,Telangana,South,3,24000,0,17000
ORD-2674,17-03-2025,C007,Ganga Supplies,Retail,P002,Wireless Mouse,Electronics,Accessories,Chennai,Tamil Nadu,South,1,1200,15,700
ORD-2675,19-12-2024,C007,Ganga Supplies,Retail,P003,Office Chair,Furniture,Seating,Hyderabad,Telangana,South,2,8500,0,5600
ORD-2676,01-09-2024,C004,Delta Stores,Retail,P004,Standing Desk,Furniture,Desks,Bangalore,Karnataka,South,2,18000,5,12500
ORD-2677,24-01-2024,C005,Everest Ltd,Corporate,P007,Desk Lamp,Furniture,Lighting,Mumbai,Maharashtra,West,4,2200,0,1300
ORD-2678,16-01-2024,C005,Everest Ltd,Corporate,P007,Desk Lamp,Furniture,Lighting,Hyderabad,Telangana,South,5,2200,15,1300
ORD-2679,02-02-2025,C003,Chola Systems,Corporate,P005,Notebook Pack,Stationery,Paper,Delhi,Delhi,North,1,350,10,180
ORD-2680,20-04-2025,C007,Ganga Supplies,Retail,P005,Notebook Pack,Stationery,Paper,Chennai,Tamil Nadu,South,3,350,0,180
ORD-2681,22-04-2025,C003,Chola Systems,Corporate,P006,Monitor 27in,Electronics,Displays,Hyderabad,Telangana,South,6,24000,15,17000
ORD-2682,29-01-2024,C003,Chola Systems,Corporate,P008,Printer Ink,Stationery,Supplies,Bangalore,Karnataka,South,3,1800,5,1500
ORD-2683,13-01-2025,C006,Fair Mart,Consumer,P002,Wireless Mouse,Electronics,Accessories,Chennai,Tamil Nadu,South,2,1200,15,700
ORD-2684,27-12-2024,C007,Ganga Supplies,Retail,P006,Monitor 27in,Electronics,Displays,Kolkata,West Bengal,East,2,24000,0,17000
ORD-2685,12-12-2024,C006,Fair Mart,Consumer,P006,Monitor 27in,Electronics,Displays,Mumbai,Maharashtra,West,5,24000,0,17000
ORD-2686,29-06-2024,C002,Bright Retail,Retail,P001,Laptop Pro 14,Electronics,Computers,Delhi,Delhi,North,3,72000,15,52000
ORD-2687,17-11-2024,C002,Bright Retail,Retail,P004,Standing Desk,Furniture,Desks,Chennai,Tamil Nadu,South,6,18000,5,12500
ORD-2688,08-08-2024,C005,Everest Ltd,Corporate,P007,Desk Lamp,Furniture,Lighting,Mumbai,Maharashtra,West,4,2200,5,1300
ORD-2689,01-07-2025,C002,Bright Retail,Retail,P001,Laptop Pro 14,Electronics,Computers,Kolkata,West Bengal,East,2,72000,5,52000
ORD-2690,13-12-2025,C002,Bright Retail,Retail,P006,Monitor 27in,Electronics,Displays,Kolkata,West Bengal,East,1,24000,15,17000
ORD-2691,27-12-2025,C005,Everest Ltd,Corporate,P007,Desk Lamp,Furniture,Lighting,Chennai,Tamil Nadu,South,1,2200,5,1300
ORD-2692,02-03-2025,C005,Everest Ltd,Corporate,P001,Laptop Pro 14,Electronics,Computers,Mumbai,Maharashtra,West,1,72000,0,52000
ORD-2693,11-01-2025,C001,Aarav Traders,Corporate,P001,Laptop Pro 14,Electronics,Computers,Bangalore,Karnataka,South,4,72000,15,52000
ORD-2694,26-12-2025,C002,Bright Retail,Retail,P008,Printer Ink,Stationery,Supplies,Kolkata,West Bengal,East,2,1800,5,1500
ORD-2695,14-03-2024,C006,Fair Mart,Consumer,P005,Notebook Pack,Stationery,Paper,Chennai,Tamil Nadu,South,5,350,0,180
ORD-2696,20-03-2024,C008,Horizon Inc,Corporate,P008,Printer Ink,Stationery,Supplies,Bangalore,Karnataka,South,3,1800,0,1500
ORD-2697,29-06-2025,C006,Fair Mart,Consumer,P005,Notebook Pack,Stationery,Paper,Hyderabad,Telangana,South,1,350,10,180
ORD-2698,16-11-2025,C007,Ganga Supplies,Retail,P005,Notebook Pack,Stationery,Paper,Kolkata,West Bengal,East,2,350,15,180
ORD-2699,10-08-2025,C002,Bright Retail,Retail,P004,Standing Desk,Furniture,Desks,Chennai,Tamil Nadu,South,3,18000,15,12500
ORD-2700,03-07-2025,C003,Chola Systems,Corporate,P001,Laptop Pro 14,Electronics,Computers,Delhi,Delhi,North,1,72000,5,52000
ORD-2701,08-07-2024,C007,Ganga Supplies,Retail,P007,Desk Lamp,Furniture,Lighting,Kolkata,West Bengal,East,1,2200,5,1300
ORD-2702,15-03-2025,C001,Aarav Traders,Corporate,P004,Standing Desk,Furniture,Desks,Hyderabad,Telangana,South,2,18000,0,12500
ORD-2703,31-12-2025,C003,Chola Systems,Corporate,P003,Office Chair,Furniture,Seating,Mumbai,Maharashtra,West,4,8500,10,5600
ORD-2704,29-08-2025,C001,Aarav Traders,Corporate,P003,Office Chair,Furniture,Seating,Chennai,Tamil Nadu,South,2,8500,15,5600
ORD-2705,08-01-2025,C001,Aarav Traders,Corporate,P006,Monitor 27in,Electronics,Displays,Chennai,Tamil Nadu,South,2,24000,10,17000
ORD-2706,26-09-2024,C004,Delta Stores,Retail,P004,Standing Desk,Furniture,Desks,Kolkata,West Bengal,East,5,18000,0,12500
ORD-2707,06-04-2025,C002,Bright Retail,Retail,P004,Standing Desk,Furniture,Desks,Hyderabad,Telangana,South,2,18000,0,12500
ORD-2708,20-04-2024,C004,Delta Stores,Retail,P004,Standing Desk,Furniture,Desks,Chennai,Tamil Nadu,South,2,18000,10,12500
ORD-2709,21-08-2025,C006,Fair Mart,Consumer,P002,Wireless Mouse,Electronics,Accessories,Delhi,Delhi,North,5,1200,5,700
ORD-2710,01-05-2025,C007,Ganga Supplies,Retail,P003,Office Chair,Furniture,Seating,Delhi,Delhi,North,5,8500,0,5600
ORD-2711,27-11-2024,C008,Horizon Inc,Corporate,P007,Desk Lamp,Furniture,Lighting,Bangalore,Karnataka,South,5,2200,15,1300
ORD-2712,13-04-2024,C008,Horizon Inc,Corporate,P002,Wireless Mouse,Electronics,Accessories,Kolkata,West Bengal,East,1,1200,10,700
ORD-2713,17-04-2024,C004,Delta Stores,Retail,P002,Wireless Mouse,Electronics,Accessories,Hyderabad,Telangana,South,4,1200,5,700
ORD-2714,11-05-2024,C007,Ganga Supplies,Retail,P002,Wireless Mouse,Electronics,Accessories,Delhi,Delhi,North,2,1200,10,700
ORD-2715,21-01-2025,C007,Ganga Supplies,Retail,P003,Office Chair,Furniture,Seating,Delhi,Delhi,North,1,8500,0,5600
ORD-2716,19-04-2025,C002,Bright Retail,Retail,P005,Notebook Pack,Stationery,Paper,Kolkata,West Bengal,East,6,350,15,180
ORD-2717,12-06-2024,C006,Fair Mart,Consumer,P006,Monitor 27in,Electronics,Displays,Bangalore,Karnataka,South,1,24000,15,17000
ORD-2718,07-10-2025,C004,Delta Stores,Retail,P004,Standing Desk,Furniture,Desks,Delhi,Delhi,North,2,18000,10,12500
ORD-2719,30-05-2025,C007,Ganga Supplies,Retail,P008,Printer Ink,Stationery,Supplies,Kolkata,West Bengal,East,3,1800,0,1500
ORD-2720,27-07-2024,C006,Fair Mart,Consumer,P004,Standing Desk,Furniture,Desks,Mumbai,Maharashtra,West,3,18000,0,12500
ORD-2721,13-03-2024,C002,Bright Retail,Retail,P005,Notebook Pack,Stationery,Paper,Delhi,Delhi,North,3,350,0,180
ORD-2722,18-04-2025,C001,Aarav Traders,Corporate,P008,Printer Ink,Stationery,Supplies,Delhi,Delhi,North,2,1800,0,1500
ORD-2723,16-08-2025,C007,Ganga Supplies,Retail,P001,Laptop Pro 14,Electronics,Computers,Bangalore,Karnataka,South,3,72000,0,52000
ORD-2724,22-06-2025,C004,Delta Stores,Retail,P003,Office Chair,Furniture,Seating,Mumbai,Maharashtra,West,2,8500,10,5600
ORD-2725,29-11-2024,C006,Fair Mart,Consumer,P004,Standing Desk,Furniture,Desks,Hyderabad,Telangana,South,1,18000,15,12500
ORD-2726,16-07-2024,C004,Delta Stores,Retail,P005,Notebook Pack,Stationery,Paper,Chennai,Tamil Nadu,South,2,350,0,180
ORD-2727,24-11-2024,C001,Aarav Traders,Corporate,P001,Laptop Pro 14,Electronics,Computers,Hyderabad,Telangana,South,5,72000,5,52000
ORD-2728,15-01-2024,C001,Aarav Traders,Corporate,P002,Wireless Mouse,Electronics,Accessories,Delhi,Delhi,North,1,1200,15,700
ORD-2729,07-03-2025,C006,Fair Mart,Consumer,P008,Printer Ink,Stationery,Supplies,Chennai,Tamil Nadu,South,3,1800,15,1500
ORD-2730,17-12-2025,C003,Chola Systems,Corporate,P008,Printer Ink,Stationery,Supplies,Kolkata,West Bengal,East,2,1800,0,1500
ORD-2731,10-06-2024,C006,Fair Mart,Consumer,P008,Printer Ink,Stationery,Supplies,Kolkata,West Bengal,East,2,1800,5,1500
ORD-2732,28-06-2025,C001,Aarav Traders,Corporate,P008,Printer Ink,Stationery,Supplies,Mumbai,Maharashtra,West,4,1800,5,1500
ORD-2733,23-12-2024,C002,Bright Retail,Retail,P001,Laptop Pro 14,Electronics,Computers,Chennai,Tamil Nadu,South,5,72000,10,52000
ORD-2734,05-01-2024,C002,Bright Retail,Retail,P007,Desk Lamp,Furniture,Lighting,Hyderabad,Telangana,South,5,2200,10,1300
ORD-2735,03-04-2024,C005,Everest Ltd,Corporate,P002,Wireless Mouse,Electronics,Accessories,Chennai,Tamil Nadu,South,2,1200,10,700
ORD-2736,05-04-2024,C007,Ganga Supplies,Retail,P004,Standing Desk,Furniture,Desks,Bangalore,Karnataka,South,4,18000,0,12500
ORD-2737,03-12-2025,C001,Aarav Traders,Corporate,P006,Monitor 27in,Electronics,Displays,Hyderabad,Telangana,South,5,24000,15,17000
ORD-2738,28-02-2025,C001,Aarav Traders,Corporate,P003,Office Chair,Furniture,Seating,Chennai,Tamil Nadu,South,2,8500,0,5600
ORD-2739,26-08-2024,C003,Chola Systems,Corporate,P004,Standing Desk,Furniture,Desks,Mumbai,Maharashtra,West,5,18000,5,12500
ORD-2740,04-02-2025,C006,Fair Mart,Consumer,P001,Laptop Pro 14,Electronics,Computers,Delhi,Delhi,North,1,72000,0,52000
ORD-2741,27-05-2025,C004,Delta Stores,Retail,P008,Printer Ink,Stationery,Supplies,Hyderabad,Telangana,South,5,1800,5,1500
ORD-2742,16-06-2025,C004,Delta Stores,Retail,P001,Laptop Pro 14,Electronics,Computers,Mumbai,Maharashtra,West,1,72000,10,52000
ORD-2743,29-07-2024,C004,Delta Stores,Retail,P008,Printer Ink,Stationery,Supplies,Mumbai,Maharashtra,West,1,1800,0,1500
ORD-2744,12-12-2024,C004,Delta Stores,Retail,P007,Desk Lamp,Furniture,Lighting,Delhi,Delhi,North,5,2200,15,1300
ORD-2745,29-01-2025,C002,Bright Retail,Retail,P002,Wireless Mouse,Electronics,Accessories,Chennai,Tamil Nadu,South,1,1200,0,700
ORD-2746,14-11-2024,C008,Horizon Inc,Corporate,P002,Wireless Mouse,Electronics,Accessories,Chennai,Tamil Nadu,South,2,1200,0,700
ORD-2747,11-12-2025,C004,Delta Stores,Retail,P001,Laptop Pro 14,Electronics,Computers,Chennai,Tamil Nadu,South,5,72000,0,52000
ORD-2748,26-09-2025,C007,Ganga Supplies,Retail,P004,Standing Desk,Furniture,Desks,Delhi,Delhi,North,3,18000,0,12500
ORD-2749,02-10-2024,C003,Chola Systems,Corporate,P006,Monitor 27in,Electronics,Displays,Hyderabad,Telangana,South,1,24000,5,17000
ORD-2750,09-10-2025,C003,Chola Systems,Corporate,P008,Printer Ink,Stationery,Supplies,Delhi,Delhi,North,10,1800,5,1500
ORD-2751,05-06-2025,C001,Aarav Traders,Corporate,P008,Printer Ink,Stationery,Supplies,Mumbai,Maharashtra,West,4,1800,0,1500
ORD-2752,07-07-2025,C008,Horizon Inc,Corporate,P004,Standing Desk,Furniture,Desks,Mumbai,Maharashtra,West,2,18000,15,12500
ORD-2753,11-11-2025,C001,Aarav Traders,Corporate,P006,Monitor 27in,Electronics,Displays,Hyderabad,Telangana,South,4,24000,15,17000
ORD-2754,09-05-2024,C002,Bright Retail,Retail,P002,Wireless Mouse,Electronics,Accessories,Bangalore,Karnataka,South,5,1200,0,700
ORD-2755,21-01-2024,C008,Horizon Inc,Corporate,P003,Office Chair,Furniture,Seating,Bangalore,Karnataka,South,5,8500,0,5600
ORD-2756,09-07-2025,C006,Fair Mart,Consumer,P005,Notebook Pack,Stationery,Paper,Delhi,Delhi,North,1,350,0,180
ORD-2757,10-05-2025,C005,Everest Ltd,Corporate,P001,Laptop Pro 14,Electronics,Computers,Hyderabad,Telangana,South,3,72000,0,52000
ORD-2758,28-11-2024,C007,Ganga Supplies,Retail,P003,Office Chair,Furniture,Seating,Mumbai,Maharashtra,West,6,8500,5,5600
ORD-2759,30-11-2024,C003,Chola Systems,Corporate,P006,Monitor 27in,Electronics,Displays,Chennai,Tamil Nadu,South,4,24000,15,17000
ORD-2760,12-11-2024,C001,Aarav Traders,Corporate,P008,Printer Ink,Stationery,Supplies,Hyderabad,Telangana,South,4,1800,0,1500
ORD-2761,23-03-2024,C008,Horizon Inc,Corporate,P008,Printer Ink,Stationery,Supplies,Hyderabad,Telangana,South,2,1800,0,1500
ORD-2762,10-05-2025,C002,Bright Retail,Retail,P003,Office Chair,Furniture,Seating,Kolkata,West Bengal,East,1,8500,10,5600
ORD-2763,28-07-2025,C001,Aarav Traders,Corporate,P002,Wireless Mouse,Electronics,Accessories,Mumbai,Maharashtra,West,3,1200,0,700
ORD-2764,25-09-2025,C007,Ganga Supplies,Retail,P004,Standing Desk,Furniture,Desks,Kolkata,West Bengal,East,2,18000,0,12500
ORD-2765,04-11-2025,C004,Delta Stores,Retail,P001,Laptop Pro 14,Electronics,Computers,Kolkata,West Bengal,East,8,72000,5,52000
ORD-2766,18-03-2024,C003,Chola Systems,Corporate,P002,Wireless Mouse,Electronics,Accessories,Delhi,Delhi,North,1,1200,5,700
ORD-2767,28-04-2024,C007,Ganga Supplies,Retail,P004,Standing Desk,Furniture,Desks,Mumbai,Maharashtra,West,3,18000,0,12500
ORD-2768,23-09-2024,C002,Bright Retail,Retail,P007,Desk Lamp,Furniture,Lighting,Hyderabad,Telangana,South,1,2200,10,1300
ORD-2769,27-08-2024,C007,Ganga Supplies,Retail,P005,Notebook Pack,Stationery,Paper,Delhi,Delhi,North,1,350,0,180
ORD-2770,10-03-2025,C003,Chola Systems,Corporate,P003,Office Chair,Furniture,Seating,Bangalore,Karnataka,South,3,8500,5,5600
ORD-2771,02-06-2024,C004,Delta Stores,Retail,P003,Office Chair,Furniture,Seating,Delhi,Delhi,North,4,8500,15,5600
ORD-2772,22-06-2024,C004,Delta Stores,Retail,P004,Standing Desk,Furniture,Desks,Bangalore,Karnataka,South,1,18000,0,12500
ORD-2773,04-02-2025,C008,Horizon Inc,Corporate,P002,Wireless Mouse,Electronics,Accessories,Mumbai,Maharashtra,West,1,1200,5,700
ORD-2774,02-11-2025,C004,Delta Stores,Retail,P002,Wireless Mouse,Electronics,Accessories,Chennai,Tamil Nadu,South,4,1200,15,700
ORD-2775,26-06-2025,C001,Aarav Traders,Corporate,P001,Laptop Pro 14,Electronics,Computers,Hyderabad,Telangana,South,3,72000,0,52000
ORD-2776,11-08-2025,C002,Bright Retail,Retail,P002,Wireless Mouse,Electronics,Accessories,Mumbai,Maharashtra,West,2,1200,0,700
ORD-2777,26-08-2025,C006,Fair Mart,Consumer,P007,Desk Lamp,Furniture,Lighting,Mumbai,Maharashtra,West,4,2200,10,1300
ORD-2778,01-08-2025,C003,Chola Systems,Corporate,P007,Desk Lamp,Furniture,Lighting,Hyderabad,Telangana,South,1,2200,15,1300
ORD-2779,15-10-2025,C005,Everest Ltd,Corporate,P001,Laptop Pro 14,Electronics,Computers,Bangalore,Karnataka,South,4,72000,0,52000
ORD-2780,17-06-2024,C008,Horizon Inc,Corporate,P007,Desk Lamp,Furniture,Lighting,Bangalore,Karnataka,South,2,2200,10,1300
ORD-2781,25-04-2025,C002,Bright Retail,Retail,P004,Standing Desk,Furniture,Desks,Delhi,Delhi,North,5,18000,10,12500
ORD-2782,26-02-2025,C005,Everest Ltd,Corporate,P005,Notebook Pack,Stationery,Paper,Delhi,Delhi,North,6,350,5,180
ORD-2783,28-12-2025,C001,Aarav Traders,Corporate,P008,Printer Ink,Stationery,Supplies,Delhi,Delhi,North,5,1800,10,1500
ORD-2784,01-01-2025,C008,Horizon Inc,Corporate,P001,Laptop Pro 14,Electronics,Computers,Bangalore,Karnataka,South,1,72000,15,52000
ORD-2785,11-11-2024,C002,Bright Retail,Retail,P005,Notebook Pack,Stationery,Paper,Delhi,Delhi,North,2,350,10,180
ORD-2786,17-03-2024,C003,Chola Systems,Corporate,P002,Wireless Mouse,Electronics,Accessories,Delhi,Delhi,North,3,1200,10,700
ORD-2787,22-12-2024,C005,Everest Ltd,Corporate,P008,Printer Ink,Stationery,Supplies,Kolkata,West Bengal,East,2,1800,5,1500
ORD-2788,01-02-2025,C008,Horizon Inc,Corporate,P003,Office Chair,Furniture,Seating,Chennai,Tamil Nadu,South,1,8500,15,5600
ORD-2789,29-03-2024,C005,Everest Ltd,Corporate,P006,Monitor 27in,Electronics,Displays,Bangalore,Karnataka,South,3,24000,5,17000
ORD-2790,23-11-2024,C007,Ganga Supplies,Retail,P006,Monitor 27in,Electronics,Displays,Delhi,Delhi,North,5,24000,15,17000
ORD-2791,06-01-2024,C003,Chola Systems,Corporate,P003,Office Chair,Furniture,Seating,Bangalore,Karnataka,South,3,8500,5,5600
ORD-2792,18-08-2024,C006,Fair Mart,Consumer,P007,Desk Lamp,Furniture,Lighting,Delhi,Delhi,North,5,2200,0,1300
ORD-2793,31-07-2025,C001,Aarav Traders,Corporate,P008,Printer Ink,Stationery,Supplies,Hyderabad,Telangana,South,1,1800,15,1500
ORD-2794,31-08-2025,C006,Fair Mart,Consumer,P004,Standing Desk,Furniture,Desks,Hyderabad,Telangana,South,3,18000,0,12500
ORD-2795,26-05-2024,C005,Everest Ltd,Corporate,P002,Wireless Mouse,Electronics,Accessories,Mumbai,Maharashtra,West,5,1200,10,700
ORD-2796,20-10-2025,C005,Everest Ltd,Corporate,P008,Printer Ink,Stationery,Supplies,Delhi,Delhi,North,4,1800,15,1500
ORD-2797,12-01-2025,C005,Everest Ltd,Corporate,P004,Standing Desk,Furniture,Desks,Kolkata,West Bengal,East,3,18000,0,12500
ORD-2798,15-08-2024,C005,Everest Ltd,Corporate,P008,Printer Ink,Stationery,Supplies,Bangalore,Karnataka,South,1,1800,10,1500
ORD-2799,14-07-2025,C004,Delta Stores,Retail,P002,Wireless Mouse,Electronics,Accessories,Delhi,Delhi,North,4,1200,0,700
ORD-2800,28-02-2025,C002,Bright Retail,Retail,P005,Notebook Pack,Stationery,Paper,Chennai,Tamil Nadu,South,3,350,0,180
ORD-2801,31-12-2024,C004,Delta Stores,Retail,P008,Printer Ink,Stationery,Supplies,Delhi,Delhi,North,5,1800,0,1500
ORD-2802,04-05-2025,C005,Everest Ltd,Corporate,P006,Monitor 27in,Electronics,Displays,Bangalore,Karnataka,South,2,24000,10,17000
ORD-2803,09-05-2024,C003,Chola Systems,Corporate,P001,Laptop Pro 14,Electronics,Computers,Hyderabad,Telangana,South,2,72000,0,52000
ORD-2804,10-08-2025,C003,Chola Systems,Corporate,P008,Printer Ink,Stationery,Supplies,Bangalore,Karnataka,South,1,1800,10,1500
ORD-2805,29-09-2024,C001,Aarav Traders,Corporate,P008,Printer Ink,Stationery,Supplies,Chennai,Tamil Nadu,South,3,1800,10,1500
ORD-2806,26-09-2024,C005,Everest Ltd,Corporate,P004,Standing Desk,Furniture,Desks,Chennai,Tamil Nadu,South,4,18000,5,12500
ORD-2807,31-08-2025,C005,Everest Ltd,Corporate,P001,Laptop Pro 14,Electronics,Computers,Hyderabad,Telangana,South,5,72000,0,52000
ORD-2808,02-09-2024,C008,Horizon Inc,Corporate,P003,Office Chair,Furniture,Seating,Bangalore,Karnataka,South,4,8500,10,5600
ORD-2809,10-01-2024,C004,Delta Stores,Retail,P003,Office Chair,Furniture,Seating,Hyderabad,Telangana,South,4,8500,15,5600
ORD-2810,18-12-2024,C005,Everest Ltd,Corporate,P005,Notebook Pack,Stationery,Paper,Chennai,Tamil Nadu,South,4,350,5,180
ORD-2811,19-04-2025,C004,Delta Stores,Retail,P002,Wireless Mouse,Electronics,Accessories,Delhi,Delhi,North,2,1200,5,700
ORD-2812,05-04-2025,C005,Everest Ltd,Corporate,P003,Office Chair,Furniture,Seating,Hyderabad,Telangana,South,4,8500,0,5600
ORD-2813,21-05-2024,C004,Delta Stores,Retail,P004,Standing Desk,Furniture,Desks,Delhi,Delhi,North,3,18000,0,12500
ORD-2814,17-04-2024,C008,Horizon Inc,Corporate,P006,Monitor 27in,Electronics,Displays,Mumbai,Maharashtra,West,5,24000,15,17000
ORD-2815,22-01-2025,C003,Chola Systems,Corporate,P003,Office Chair,Furniture,Seating,Bangalore,Karnataka,South,3,8500,5,5600
ORD-2816,16-02-2025,C008,Horizon Inc,Corporate,P001,Laptop Pro 14,Electronics,Computers,Chennai,Tamil Nadu,South,5,72000,0,52000
ORD-2817,26-03-2024,C003,Chola Systems,Corporate,P007,Desk Lamp,Furniture,Lighting,Bangalore,Karnataka,South,3,2200,0,1300
ORD-2818,21-08-2024,C001,Aarav Traders,Corporate,P004,Standing Desk,Furniture,Desks,Mumbai,Maharashtra,West,5,18000,0,12500
ORD-2819,30-10-2025,C007,Ganga Supplies,Retail,P002,Wireless Mouse,Electronics,Accessories,Kolkata,West Bengal,East,4,1200,5,700
ORD-2820,10-04-2024,C003,Chola Systems,Corporate,P001,Laptop Pro 14,Electronics,Computers,Kolkata,West Bengal,East,2,72000,15,52000
ORD-2821,10-04-2024,C008,Horizon Inc,Corporate,P008,Printer Ink,Stationery,Supplies,Mumbai,Maharashtra,West,3,1800,0,1500
ORD-2822,01-12-2024,C002,Bright Retail,Retail,P002,Wireless Mouse,Electronics,Accessories,Delhi,Delhi,North,6,1200,0,700
ORD-2823,11-12-2024,C004,Delta Stores,Retail,P001,Laptop Pro 14,Electronics,Computers,Mumbai,Maharashtra,West,5,72000,15,52000
ORD-2824,13-10-2025,C006,Fair Mart,Consumer,P001,Laptop Pro 14,Electronics,Computers,Mumbai,Maharashtra,West,8,72000,0,52000
ORD-2825,03-10-2025,C004,Delta Stores,Retail,P008,Printer Ink,Stationery,Supplies,Kolkata,West Bengal,East,5,1800,10,1500
ORD-2826,01-05-2024,C004,Delta Stores,Retail,P004,Standing Desk,Furniture,Desks,Hyderabad,Telangana,South,4,18000,0,12500
ORD-2827,05-01-2024,C001,Aarav Traders,Corporate,P003,Office Chair,Furniture,Seating,Chennai,Tamil Nadu,South,2,8500,0,5600
ORD-2828,28-06-2024,C005,Everest Ltd,Corporate,P005,Notebook Pack,Stationery,Paper,Bangalore,Karnataka,South,3,350,0,180
ORD-2829,06-04-2024,C004,Delta Stores,Retail,P006,Monitor 27in,Electronics,Displays,Kolkata,West Bengal,East,1,24000,15,17000
ORD-2830,07-01-2024,C004,Delta Stores,Retail,P003,Office Chair,Furniture,Seating,Kolkata,West Bengal,East,5,8500,10,5600
ORD-2831,03-06-2025,C002,Bright Retail,Retail,P001,Laptop Pro 14,Electronics,Computers,Chennai,Tamil Nadu,South,2,72000,0,52000
ORD-2832,01-07-2024,C002,Bright Retail,Retail,P001,Laptop Pro 14,Electronics,Computers,Hyderabad,Telangana,South,1,72000,0,52000
ORD-2833,22-10-2024,C007,Ganga Supplies,Retail,P005,Notebook Pack,Stationery,Paper,Kolkata,West Bengal,East,1,350,10,180
ORD-2834,31-12-2024,C001,Aarav Traders,Corporate,P008,Printer Ink,Stationery,Supplies,Kolkata,West Bengal,East,6,1800,0,1500
ORD-2835,12-03-2024,C001,Aarav Traders,Corporate,P008,Printer Ink,Stationery,Supplies,Mumbai,Maharashtra,West,3,1800,10,1500
ORD-2836,19-04-2025,C007,Ganga Supplies,Retail,P007,Desk Lamp,Furniture,Lighting,Bangalore,Karnataka,South,4,2200,0,1300
ORD-2837,19-08-2025,C008,Horizon Inc,Corporate,P006,Monitor 27in,Electronics,Displays,Chennai,Tamil Nadu,South,5,24000,0,17000
ORD-2838,21-01-2024,C006,Fair Mart,Consumer,P005,Notebook Pack,Stationery,Paper,Kolkata,West Bengal,East,5,350,15,180
ORD-2839,25-05-2025,C002,Bright Retail,Retail,P008,Printer Ink,Stationery,Supplies,Mumbai,Maharashtra,West,3,1800,0,1500
ORD-2840,19-09-2024,C001,Aarav Traders,Corporate,P003,Office Chair,Furniture,Seating,Kolkata,West Bengal,East,5,8500,0,5600
ORD-2841,29-01-2025,C004,Delta Stores,Retail,P008,Printer Ink,Stationery,Supplies,Mumbai,Maharashtra,West,2,1800,5,1500
ORD-2842,16-09-2024,C005,Everest Ltd,Corporate,P003,Office Chair,Furniture,Seating,Hyderabad,Telangana,South,1,8500,5,5600
ORD-2843,10-09-2024,C002,Bright Retail,Retail,P005,Notebook Pack,Stationery,Paper,Kolkata,West Bengal,East,5,350,15,180
ORD-2844,26-01-2024,C005,Everest Ltd,Corporate,P001,Laptop Pro 14,Electronics,Computers,Mumbai,Maharashtra,West,6,72000,15,52000
ORD-2845,28-03-2025,C005,Everest Ltd,Corporate,P005,Notebook Pack,Stationery,Paper,Bangalore,Karnataka,South,3,350,10,180
ORD-2846,08-01-2025,C002,Bright Retail,Retail,P004,Standing Desk,Furniture,Desks,Hyderabad,Telangana,South,5,18000,10,12500
ORD-2847,22-08-2025,C002,Bright Retail,Retail,P002,Wireless Mouse,Electronics,Accessories,Bangalore,Karnataka,South,2,1200,15,700
ORD-2848,19-09-2024,C005,Everest Ltd,Corporate,P001,Laptop Pro 14,Electronics,Computers,Hyderabad,Telangana,South,5,72000,15,52000
ORD-2849,15-05-2025,C007,Ganga Supplies,Retail,P008,Printer Ink,Stationery,Supplies,Delhi,Delhi,North,2,1800,0,1500
ORD-2850,13-06-2025,C005,Everest Ltd,Corporate,P006,Monitor 27in,Electronics,Displays,Chennai,Tamil Nadu,South,4,24000,10,17000
ORD-2851,24-02-2024,C007,Ganga Supplies,Retail,P008,Printer Ink,Stationery,Supplies,Chennai,Tamil Nadu,South,2,1800,5,1500
ORD-2852,28-12-2024,C002,Bright Retail,Retail,P004,Standing Desk,Furniture,Desks,Kolkata,West Bengal,East,5,18000,0,12500
ORD-2853,05-06-2025,C006,Fair Mart,Consumer,P008,Printer Ink,Stationery,Supplies,Bangalore,Karnataka,South,3,1800,0,1500
ORD-2854,30-03-2024,C001,Aarav Traders,Corporate,P007,Desk Lamp,Furniture,Lighting,Mumbai,Maharashtra,West,4,2200,10,1300
ORD-2855,03-09-2025,C001,Aarav Traders,Corporate,P002,Wireless Mouse,Electronics,Accessories,Chennai,Tamil Nadu,South,1,1200,10,700
ORD-2856,07-04-2025,C003,Chola Systems,Corporate,P001,Laptop Pro 14,Electronics,Computers,Chennai,Tamil Nadu,South,1,72000,5,52000
ORD-2857,07-05-2024,C003,Chola Systems,Corporate,P002,Wireless Mouse,Electronics,Accessories,Bangalore,Karnataka,South,3,1200,0,700
ORD-2858,02-10-2024,C007,Ganga Supplies,Retail,P008,Printer Ink,Stationery,Supplies,Mumbai,Maharashtra,West,1,1800,0,1500
ORD-2859,05-07-2024,C001,Aarav Traders,Corporate,P006,Monitor 27in,Electronics,Displays,Chennai,Tamil Nadu,South,2,24000,0,17000
ORD-2860,24-07-2025,C002,Bright Retail,Retail,P008,Printer Ink,Stationery,Supplies,Kolkata,West Bengal,East,3,1800,15,1500
ORD-2861,01-12-2024,C006,Fair Mart,Consumer,P003,Office Chair,Furniture,Seating,Bangalore,Karnataka,South,4,8500,10,5600
ORD-2862,28-12-2025,C004,Delta Stores,Retail,P001,Laptop Pro 14,Electronics,Computers,Bangalore,Karnataka,South,4,72000,0,52000
ORD-2863,18-03-2024,C006,Fair Mart,Consumer,P007,Desk Lamp,Furniture,Lighting,Delhi,Delhi,North,5,2200,0,1300
ORD-2864,24-11-2024,C003,Chola Systems,Corporate,P003,Office Chair,Furniture,Seating,Delhi,Delhi,North,6,8500,15,5600
ORD-2865,30-11-2024,C005,Everest Ltd,Corporate,P005,Notebook Pack,Stationery,Paper,Hyderabad,Telangana,South,1,350,0,180
ORD-2866,16-04-2025,C007,Ganga Supplies,Retail,P005,Notebook Pack,Stationery,Paper,Mumbai,Maharashtra,West,5,350,15,180
ORD-2867,21-08-2024,C003,Chola Systems,Corporate,P003,Office Chair,Furniture,Seating,Mumbai,Maharashtra,West,1,8500,10,5600
ORD-2868,07-01-2025,C002,Bright Retail,Retail,P007,Desk Lamp,Furniture,Lighting,Mumbai,Maharashtra,West,2,2200,10,1300
ORD-2869,01-03-2024,C005,Everest Ltd,Corporate,P005,Notebook Pack,Stationery,Paper,Chennai,Tamil Nadu,South,3,350,0,180
ORD-2870,07-04-2024,C003,Chola Systems,Corporate,P008,Printer Ink,Stationery,Supplies,Mumbai,Maharashtra,West,5,1800,0,1500
ORD-2871,21-12-2025,C008,Horizon Inc,Corporate,P007,Desk Lamp,Furniture,Lighting,Hyderabad,Telangana,South,4,2200,0,1300
ORD-2872,18-06-2025,C002,Bright Retail,Retail,P003,Office Chair,Furniture,Seating,Hyderabad,Telangana,South,1,8500,10,5600
ORD-2873,11-05-2024,C005,Everest Ltd,Corporate,P005,Notebook Pack,Stationery,Paper,Chennai,Tamil Nadu,South,5,350,15,180
ORD-2874,07-06-2025,C008,Horizon Inc,Corporate,P008,Printer Ink,Stationery,Supplies,Bangalore,Karnataka,South,1,1800,10,1500
ORD-2875,19-07-2025,C006,Fair Mart,Consumer,P001,Laptop Pro 14,Electronics,Computers,Delhi,Delhi,North,1,72000,0,52000
ORD-2876,19-09-2024,C006,Fair Mart,Consumer,P002,Wireless Mouse,Electronics,Accessories,Bangalore,Karnataka,South,3,1200,10,700
ORD-2877,04-09-2024,C008,Horizon Inc,Corporate,P005,Notebook Pack,Stationery,Paper,Chennai,Tamil Nadu,South,6,350,0,180
ORD-2878,11-09-2025,C005,Everest Ltd,Corporate,P005,Notebook Pack,Stationery,Paper,Kolkata,West Bengal,East,3,350,0,180
ORD-2879,17-09-2024,C007,Ganga Supplies,Retail,P001,Laptop Pro 14,Electronics,Computers,Mumbai,Maharashtra,West,2,72000,5,52000
ORD-2880,22-07-2025,C005,Everest Ltd,Corporate,P002,Wireless Mouse,Electronics,Accessories,Delhi,Delhi,North,4,1200,10,700
ORD-2881,12-07-2025,C002,Bright Retail,Retail,P008,Printer Ink,Stationery,Supplies,Chennai,Tamil Nadu,South,2,1800,5,1500
ORD-2882,15-03-2024,C001,Aarav Traders,Corporate,P003,Office Chair,Furniture,Seating,Delhi,Delhi,North,1,8500,5,5600
ORD-2883,16-08-2024,C006,Fair Mart,Consumer,P001,Laptop Pro 14,Electronics,Computers,Chennai,Tamil Nadu,South,4,72000,15,52000
ORD-2884,16-12-2025,C005,Everest Ltd,Corporate,P006,Monitor 27in,Electronics,Displays,Kolkata,West Bengal,East,6,24000,15,17000
ORD-2885,26-07-2024,C002,Bright Retail,Retail,P002,Wireless Mouse,Electronics,Accessories,Mumbai,Maharashtra,West,1,1200,5,700
ORD-2886,17-03-2024,C008,Horizon Inc,Corporate,P002,Wireless Mouse,Electronics,Accessories,Bangalore,Karnataka,South,4,1200,5,700
ORD-2887,09-10-2024,C004,Delta Stores,Retail,P001,Laptop Pro 14,Electronics,Computers,Chennai,Tamil Nadu,South,8,72000,0,52000
ORD-2888,02-02-2025,C005,Everest Ltd,Corporate,P007,Desk Lamp,Furniture,Lighting,Kolkata,West Bengal,East,1,2200,5,1300
ORD-2889,23-06-2025,C006,Fair Mart,Consumer,P006,Monitor 27in,Electronics,Displays,Bangalore,Karnataka,South,2,24000,0,17000
ORD-2890,24-07-2025,C008,Horizon Inc,Corporate,P002,Wireless Mouse,Electronics,Accessories,Chennai,Tamil Nadu,South,4,1200,0,700
ORD-2891,07-01-2025,C001,Aarav Traders,Corporate,P008,Printer Ink,Stationery,Supplies,Bangalore,Karnataka,South,4,1800,15,1500
ORD-2892,12-10-2025,C001,Aarav Traders,Corporate,P004,Standing Desk,Furniture,Desks,Mumbai,Maharashtra,West,4,18000,15,12500
ORD-2893,10-06-2025,C003,Chola Systems,Corporate,P003,Office Chair,Furniture,Seating,Mumbai,Maharashtra,West,4,8500,0,5600
ORD-2894,28-12-2024,C008,Horizon Inc,Corporate,P004,Standing Desk,Furniture,Desks,Hyderabad,Telangana,South,1,18000,15,12500
ORD-2895,01-07-2024,C002,Bright Retail,Retail,P006,Monitor 27in,Electronics,Displays,Mumbai,Maharashtra,West,1,24000,10,17000
ORD-2896,23-07-2024,C008,Horizon Inc,Corporate,P005,Notebook Pack,Stationery,Paper,Kolkata,West Bengal,East,2,350,0,180
ORD-2897,23-02-2024,C008,Horizon Inc,Corporate,P001,Laptop Pro 14,Electronics,Computers,Mumbai,Maharashtra,West,2,72000,0,52000
ORD-2898,15-08-2025,C006,Fair Mart,Consumer,P003,Office Chair,Furniture,Seating,Delhi,Delhi,North,3,8500,5,5600
ORD-2899,11-03-2024,C008,Horizon Inc,Corporate,P004,Standing Desk,Furniture,Desks,Kolkata,West Bengal,East,1,18000,10,12500
ORD-2900,20-07-2025,C008,Horizon Inc,Corporate,P005,Notebook Pack,Stationery,Paper,Bangalore,Karnataka,South,2,350,0,180
ORD-2901,29-05-2024,C007,Ganga Supplies,Retail,P002,Wireless Mouse,Electronics,Accessories,Delhi,Delhi,North,2,1200,0,700
ORD-2902,01-03-2024,C003,Chola Systems,Corporate,P007,Desk Lamp,Furniture,Lighting,Hyderabad,Telangana,South,2,2200,0,1300
ORD-2903,27-10-2025,C005,Everest Ltd,Corporate,P003,Office Chair,Furniture,Seating,Kolkata,West Bengal,East,4,8500,10,5600
ORD-2904,21-04-2024,C007,Ganga Supplies,Retail,P008,Printer Ink,Stationery,Supplies,Hyderabad,Telangana,South,1,1800,10,1500
ORD-2905,30-11-2024,C005,Everest Ltd,Corporate,P007,Desk Lamp,Furniture,Lighting,Chennai,Tamil Nadu,South,2,2200,15,1300
ORD-2906,13-07-2024,C006,Fair Mart,Consumer,P003,Office Chair,Furniture,Seating,Bangalore,Karnataka,South,4,8500,5,5600
ORD-2907,10-02-2024,C006,Fair Mart,Consumer,P006,Monitor 27in,Electronics,Displays,Bangalore,Karnataka,South,6,24000,5,17000
ORD-2908,19-03-2025,C006,Fair Mart,Consumer,P004,Standing Desk,Furniture,Desks,Kolkata,West Bengal,East,2,18000,15,12500
ORD-2909,03-05-2024,C008,Horizon Inc,Corporate,P005,Notebook Pack,Stationery,Paper,Delhi,Delhi,North,3,350,5,180
ORD-2910,25-10-2024,C008,Horizon Inc,Corporate,P004,Standing Desk,Furniture,Desks,Kolkata,West Bengal,East,1,18000,15,12500
ORD-2911,28-12-2024,C007,Ganga Supplies,Retail,P007,Desk Lamp,Furniture,Lighting,Chennai,Tamil Nadu,South,1,2200,5,1300
ORD-2912,24-04-2024,C003,Chola Systems,Corporate,P008,Printer Ink,Stationery,Supplies,Mumbai,Maharashtra,West,2,1800,0,1500
ORD-2913,19-09-2025,C006,Fair Mart,Consumer,P003,Office Chair,Furniture,Seating,Bangalore,Karnataka,South,3,8500,0,5600
ORD-2914,08-09-2024,C008,Horizon Inc,Corporate,P003,Office Chair,Furniture,Seating,Bangalore,Karnataka,South,1,8500,15,5600
ORD-2915,14-09-2024,C002,Bright Retail,Retail,P002,Wireless Mouse,Electronics,Accessories,Hyderabad,Telangana,South,3,1200,10,700
ORD-2916,14-03-2025,C002,Bright Retail,Retail,P008,Printer Ink,Stationery,Supplies,Mumbai,Maharashtra,West,1,1800,10,1500
ORD-2917,17-01-2025,C002,Bright Retail,Retail,P002,Wireless Mouse,Electronics,Accessories,Chennai,Tamil Nadu,South,6,1200,10,700
ORD-2918,05-03-2024,C005,Everest Ltd,Corporate,P006,Monitor 27in,Electronics,Displays,Mumbai,Maharashtra,West,3,24000,15,17000
ORD-2919,15-09-2024,C004,Delta Stores,Retail,P001,Laptop Pro 14,Electronics,Computers,Bangalore,Karnataka,South,2,72000,0,52000
ORD-2920,04-12-2025,C006,Fair Mart,Consumer,P004,Standing Desk,Furniture,Desks,Delhi,Delhi,North,5,18000,0,12500
ORD-2921,19-03-2025,C003,Chola Systems,Corporate,P001,Laptop Pro 14,Electronics,Computers,Bangalore,Karnataka,South,4,72000,5,52000
ORD-2922,20-10-2024,C006,Fair Mart,Consumer,P005,Notebook Pack,Stationery,Paper,Delhi,Delhi,North,1,350,0,180
ORD-2923,11-03-2025,C008,Horizon Inc,Corporate,P003,Office Chair,Furniture,Seating,Mumbai,Maharashtra,West,5,8500,0,5600
ORD-2924,04-05-2024,C007,Ganga Supplies,Retail,P005,Notebook Pack,Stationery,Paper,Kolkata,West Bengal,East,5,350,15,180
ORD-2925,28-10-2024,C001,Aarav Traders,Corporate,P005,Notebook Pack,Stationery,Paper,Chennai,Tamil Nadu,South,5,350,0,180
ORD-2926,25-10-2025,C006,Fair Mart,Consumer,P003,Office Chair,Furniture,Seating,Chennai,Tamil Nadu,South,4,8500,0,5600
ORD-2927,08-06-2024,C004,Delta Stores,Retail,P008,Printer Ink,Stationery,Supplies,Delhi,Delhi,North,1,1800,0,1500
ORD-2928,08-06-2025,C004,Delta Stores,Retail,P005,Notebook Pack,Stationery,Paper,Chennai,Tamil Nadu,South,1,350,0,180
ORD-2929,10-08-2024,C001,Aarav Traders,Corporate,P003,Office Chair,Furniture,Seating,Kolkata,West Bengal,East,2,8500,0,5600
ORD-2930,26-12-2025,C006,Fair Mart,Consumer,P008,Printer Ink,Stationery,Supplies,Chennai,Tamil Nadu,South,5,1800,15,1500
ORD-2931,29-04-2025,C007,Ganga Supplies,Retail,P006,Monitor 27in,Electronics,Displays,Hyderabad,Telangana,South,2,24000,15,17000
ORD-2932,08-02-2024,C001,Aarav Traders,Corporate,P007,Desk Lamp,Furniture,Lighting,Delhi,Delhi,North,3,2200,15,1300
ORD-2933,21-12-2024,C005,Everest Ltd,Corporate,P001,Laptop Pro 14,Electronics,Computers,Bangalore,Karnataka,South,1,72000,10,52000
ORD-2934,09-09-2025,C004,Delta Stores,Retail,P001,Laptop Pro 14,Electronics,Computers,Kolkata,West Bengal,East,5,72000,0,52000
ORD-2935,17-05-2024,C001,Aarav Traders,Corporate,P003,Office Chair,Furniture,Seating,Delhi,Delhi,North,3,8500,0,5600
ORD-2936,17-06-2024,C002,Bright Retail,Retail,P004,Standing Desk,Furniture,Desks,Kolkata,West Bengal,East,3,18000,10,12500
ORD-2937,18-06-2025,C001,Aarav Traders,Corporate,P003,Office Chair,Furniture,Seating,Delhi,Delhi,North,1,8500,10,5600
ORD-2938,13-02-2024,C008,Horizon Inc,Corporate,P004,Standing Desk,Furniture,Desks,Chennai,Tamil Nadu,South,4,18000,0,12500
ORD-2939,04-05-2024,C002,Bright Retail,Retail,P007,Desk Lamp,Furniture,Lighting,Kolkata,West Bengal,East,2,2200,15,1300
ORD-2940,19-04-2025,C001,Aarav Traders,Corporate,P004,Standing Desk,Furniture,Desks,Hyderabad,Telangana,South,3,18000,10,12500
ORD-2941,26-06-2024,C008,Horizon Inc,Corporate,P007,Desk Lamp,Furniture,Lighting,Kolkata,West Bengal,East,1,2200,0,1300
ORD-2942,29-12-2025,C005,Everest Ltd,Corporate,P007,Desk Lamp,Furniture,Lighting,Delhi,Delhi,North,2,2200,0,1300
ORD-2943,10-02-2025,C004,Delta Stores,Retail,P006,Monitor 27in,Electronics,Displays,Mumbai,Maharashtra,West,3,24000,10,17000
ORD-2944,04-03-2024,C003,Chola Systems,Corporate,P002,Wireless Mouse,Electronics,Accessories,Mumbai,Maharashtra,West,1,1200,15,700
ORD-2945,16-01-2024,C008,Horizon Inc,Corporate,P008,Printer Ink,Stationery,Supplies,Delhi,Delhi,North,3,1800,5,1500
ORD-2946,18-03-2025,C001,Aarav Traders,Corporate,P004,Standing Desk,Furniture,Desks,Chennai,Tamil Nadu,South,5,18000,0,12500
ORD-2947,20-04-2025,C003,Chola Systems,Corporate,P002,Wireless Mouse,Electronics,Accessories,Chennai,Tamil Nadu,South,4,1200,0,700
ORD-2948,27-08-2025,C002,Bright Retail,Retail,P004,Standing Desk,Furniture,Desks,Bangalore,Karnataka,South,1,18000,5,12500
ORD-2949,24-11-2025,C001,Aarav Traders,Corporate,P007,Desk Lamp,Furniture,Lighting,Kolkata,West Bengal,East,2,2200,5,1300
ORD-2950,03-06-2025,C007,Ganga Supplies,Retail,P002,Wireless Mouse,Electronics,Accessories,Delhi,Delhi,North,1,1200,0,700
ORD-2951,25-02-2025,C002,Bright Retail,Retail,P003,Office Chair,Furniture,Seating,Hyderabad,Telangana,South,3,8500,10,5600
ORD-2952,04-10-2025,C008,Horizon Inc,Corporate,P002,Wireless Mouse,Electronics,Accessories,Mumbai,Maharashtra,West,5,1200,5,700
ORD-2953,09-04-2024,C003,Chola Systems,Corporate,P002,Wireless Mouse,Electronics,Accessories,Mumbai,Maharashtra,West,7,1200,10,700
ORD-2954,25-07-2024,C003,Chola Systems,Corporate,P008,Printer Ink,Stationery,Supplies,Delhi,Delhi,North,3,1800,0,1500
ORD-2955,30-07-2024,C004,Delta Stores,Retail,P006,Monitor 27in,Electronics,Displays,Delhi,Delhi,North,3,24000,10,17000
ORD-2956,05-11-2024,C007,Ganga Supplies,Retail,P008,Printer Ink,Stationery,Supplies,Chennai,Tamil Nadu,South,5,1800,10,1500
ORD-2957,12-02-2025,C008,Horizon Inc,Corporate,P004,Standing Desk,Furniture,Desks,Delhi,Delhi,North,6,18000,10,12500
ORD-2958,05-01-2025,C001,Aarav Traders,Corporate,P008,Printer Ink,Stationery,Supplies,Bangalore,Karnataka,South,1,1800,5,1500
ORD-2959,21-10-2024,C003,Chola Systems,Corporate,P005,Notebook Pack,Stationery,Paper,Bangalore,Karnataka,South,4,350,0,180
ORD-2960,04-04-2024,C006,Fair Mart,Consumer,P004,Standing Desk,Furniture,Desks,Bangalore,Karnataka,South,1,18000,0,12500
ORD-2961,13-06-2025,C001,Aarav Traders,Corporate,P003,Office Chair,Furniture,Seating,Hyderabad,Telangana,South,3,8500,5,5600
ORD-2962,07-06-2025,C003,Chola Systems,Corporate,P006,Monitor 27in,Electronics,Displays,Hyderabad,Telangana,South,1,24000,5,17000
ORD-2963,11-07-2024,C004,Delta Stores,Retail,P008,Printer Ink,Stationery,Supplies,Kolkata,West Bengal,East,1,1800,0,1500
ORD-2964,25-04-2024,C002,Bright Retail,Retail,P001,Laptop Pro 14,Electronics,Computers,Kolkata,West Bengal,East,3,72000,10,52000
ORD-2965,12-11-2024,C003,Chola Systems,Corporate,P003,Office Chair,Furniture,Seating,Delhi,Delhi,North,4,8500,0,5600
ORD-2966,28-03-2024,C002,Bright Retail,Retail,P003,Office Chair,Furniture,Seating,Kolkata,West Bengal,East,6,8500,10,5600
ORD-2967,08-02-2024,C008,Horizon Inc,Corporate,P005,Notebook Pack,Stationery,Paper,Kolkata,West Bengal,East,3,350,15,180
ORD-2968,22-01-2024,C002,Bright Retail,Retail,P005,Notebook Pack,Stationery,Paper,Kolkata,West Bengal,East,4,350,10,180
ORD-2969,27-09-2024,C002,Bright Retail,Retail,P008,Printer Ink,Stationery,Supplies,Kolkata,West Bengal,East,2,1800,0,1500
ORD-2970,21-06-2024,C003,Chola Systems,Corporate,P008,Printer Ink,Stationery,Supplies,Chennai,Tamil Nadu,South,4,1800,5,1500
ORD-2971,11-10-2025,C001,Aarav Traders,Corporate,P006,Monitor 27in,Electronics,Displays,Bangalore,Karnataka,South,4,24000,0,17000
ORD-2972,16-03-2024,C001,Aarav Traders,Corporate,P001,Laptop Pro 14,Electronics,Computers,Bangalore,Karnataka,South,5,72000,0,52000
ORD-2973,27-09-2024,C002,Bright Retail,Retail,P001,Laptop Pro 14,Electronics,Computers,Bangalore,Karnataka,South,1,72000,5,52000
ORD-2974,17-11-2024,C008,Horizon Inc,Corporate,P002,Wireless Mouse,Electronics,Accessories,Bangalore,Karnataka,South,6,1200,5,700
ORD-2975,30-03-2025,C008,Horizon Inc,Corporate,P002,Wireless Mouse,Electronics,Accessories,Kolkata,West Bengal,East,2,1200,0,700
ORD-2976,24-06-2024,C002,Bright Retail,Retail,P008,Printer Ink,Stationery,Supplies,Bangalore,Karnataka,South,4,1800,15,1500
ORD-2977,13-11-2025,C003,Chola Systems,Corporate,P003,Office Chair,Furniture,Seating,Bangalore,Karnataka,South,2,8500,5,5600
ORD-2978,06-05-2024,C004,Delta Stores,Retail,P004,Standing Desk,Furniture,Desks,Mumbai,Maharashtra,West,3,18000,15,12500
ORD-2979,25-01-2024,C002,Bright Retail,Retail,P006,Monitor 27in,Electronics,Displays,Mumbai,Maharashtra,West,2,24000,15,17000
ORD-2980,05-01-2025,C006,Fair Mart,Consumer,P002,Wireless Mouse,Electronics,Accessories,Mumbai,Maharashtra,West,2,1200,15,700
ORD-2981,26-12-2024,C007,Ganga Supplies,Retail,P004,Standing Desk,Furniture,Desks,Kolkata,West Bengal,East,2,18000,15,12500
ORD-2982,25-09-2024,C004,Delta Stores,Retail,P003,Office Chair,Furniture,Seating,Mumbai,Maharashtra,West,4,8500,0,5600
ORD-2983,01-06-2024,C002,Bright Retail,Retail,P005,Notebook Pack,Stationery,Paper,Mumbai,Maharashtra,West,1,350,0,180
ORD-2984,03-05-2025,C002,Bright Retail,Retail,P008,Printer Ink,Stationery,Supplies,Kolkata,West Bengal,East,3,1800,0,1500
ORD-2985,22-09-2024,C008,Horizon Inc,Corporate,P005,Notebook Pack,Stationery,Paper,Bangalore,Karnataka,South,4,350,0,180
ORD-2986,25-08-2024,C006,Fair Mart,Consumer,P008,Printer Ink,Stationery,Supplies,Hyderabad,Telangana,South,4,1800,0,1500
ORD-2987,02-10-2024,C001,Aarav Traders,Corporate,P005,Notebook Pack,Stationery,Paper,Hyderabad,Telangana,South,5,350,0,180
ORD-2988,21-12-2025,C008,Horizon Inc,Corporate,P008,Printer Ink,Stationery,Supplies,Hyderabad,Telangana,South,1,1800,5,1500
ORD-2989,04-06-2025,C002,Bright Retail,Retail,P008,Printer Ink,Stationery,Supplies,Bangalore,Karnataka,South,4,1800,10,1500
ORD-2990,13-05-2024,C005,Everest Ltd,Corporate,P005,Notebook Pack,Stationery,Paper,Hyderabad,Telangana,South,2,350,0,180
ORD-2991,12-02-2025,C002,Bright Retail,Retail,P001,Laptop Pro 14,Electronics,Computers,Mumbai,Maharashtra,West,3,72000,0,52000
ORD-2992,02-02-2024,C008,Horizon Inc,Corporate,P004,Standing Desk,Furniture,Desks,Delhi,Delhi,North,2,18000,5,12500
ORD-2993,10-08-2025,C007,Ganga Supplies,Retail,P003,Office Chair,Furniture,Seating,Kolkata,West Bengal,East,2,8500,10,5600
ORD-2994,14-06-2025,C005,Everest Ltd,Corporate,P004,Standing Desk,Furniture,Desks,Delhi,Delhi,North,1,18000,0,12500
ORD-2995,13-12-2024,C002,Bright Retail,Retail,P005,Notebook Pack,Stationery,Paper,Kolkata,West Bengal,East,4,350,15,180
ORD-2996,04-07-2024,C008,Horizon Inc,Corporate,P001,Laptop Pro 14,Electronics,Computers,Mumbai,Maharashtra,West,1,72000,10,52000
ORD-2997,29-07-2024,C008,Horizon Inc,Corporate,P006,Monitor 27in,Electronics,Displays,Chennai,Tamil Nadu,South,2,24000,0,17000
ORD-2998,19-10-2024,C008,Horizon Inc,Corporate,P005,Notebook Pack,Stationery,Paper,Bangalore,Karnataka,South,2,350,0,180
ORD-2999,01-11-2024,C003,Chola Systems,Corporate,P007,Desk Lamp,Furniture,Lighting,Mumbai,Maharashtra,West,4,2200,15,1300
ORD-3000,21-03-2025,C008,Horizon Inc,Corporate,P006,Monitor 27in,Electronics,Displays,Hyderabad,Telangana,South,1,24000,15,17000
ORD-3001,20-12-2024,C002,Bright Retail,Retail,P001,Laptop Pro 14,Electronics,Computers,Chennai,Tamil Nadu,South,9,72000,0,52000
ORD-3002,27-09-2024,C002,Bright Retail,Retail,P007,Desk Lamp,Furniture,Lighting,Chennai,Tamil Nadu,South,6,2200,0,1300
ORD-3003,26-07-2025,C006,Fair Mart,Consumer,P004,Standing Desk,Furniture,Desks,Kolkata,West Bengal,East,2,18000,0,12500
ORD-3004,12-02-2024,C004,Delta Stores,Retail,P002,Wireless Mouse,Electronics,Accessories,Hyderabad,Telangana,South,3,1200,5,700
ORD-3005,21-08-2024,C006,Fair Mart,Consumer,P003,Office Chair,Furniture,Seating,Hyderabad,Telangana,South,2,8500,10,5600
ORD-3006,30-07-2025,C003,Chola Systems,Corporate,P003,Office Chair,Furniture,Seating,Chennai,Tamil Nadu,South,2,8500,0,5600
ORD-3007,01-05-2025,C001,Aarav Traders,Corporate,P002,Wireless Mouse,Electronics,Accessories,Kolkata,West Bengal,East,3,1200,0,700
ORD-3008,29-04-2024,C003,Chola Systems,Corporate,P008,Printer Ink,Stationery,Supplies,Mumbai,Maharashtra,West,1,1800,0,1500
ORD-3009,18-12-2024,C001,Aarav Traders,Corporate,P006,Monitor 27in,Electronics,Displays,Kolkata,West Bengal,East,2,24000,15,17000
ORD-3010,31-01-2025,C005,Everest Ltd,Corporate,P005,Notebook Pack,Stationery,Paper,Mumbai,Maharashtra,West,3,350,10,180
ORD-3011,19-11-2024,C003,Chola Systems,Corporate,P002,Wireless Mouse,Electronics,Accessories,Hyderabad,Telangana,South,5,1200,15,700
ORD-3012,02-06-2025,C005,Everest Ltd,Corporate,P002,Wireless Mouse,Electronics,Accessories,Kolkata,West Bengal,East,3,1200,5,700
ORD-3013,30-12-2024,C002,Bright Retail,Retail,P002,Wireless Mouse,Electronics,Accessories,Delhi,Delhi,North,5,1200,5,700
ORD-3014,09-08-2025,C006,Fair Mart,Consumer,P007,Desk Lamp,Furniture,Lighting,Delhi,Delhi,North,2,2200,0,1300
ORD-3015,04-07-2025,C005,Everest Ltd,Corporate,P008,Printer Ink,Stationery,Supplies,Mumbai,Maharashtra,West,1,1800,5,1500
ORD-3016,07-07-2024,C001,Aarav Traders,Corporate,P002,Wireless Mouse,Electronics,Accessories,Bangalore,Karnataka,South,2,1200,0,700
ORD-3017,22-12-2025,C001,Aarav Traders,Corporate,P006,Monitor 27in,Electronics,Displays,Kolkata,West Bengal,East,8,24000,5,17000
ORD-3018,21-10-2024,C008,Horizon Inc,Corporate,P005,Notebook Pack,Stationery,Paper,Chennai,Tamil Nadu,South,2,350,0,180
ORD-3019,10-08-2024,C005,Everest Ltd,Corporate,P001,Laptop Pro 14,Electronics,Computers,Delhi,Delhi,North,1,72000,15,52000
ORD-3020,29-11-2025,C002,Bright Retail,Retail,P003,Office Chair,Furniture,Seating,Kolkata,West Bengal,East,1,8500,5,5600
ORD-3021,03-04-2024,C002,Bright Retail,Retail,P003,Office Chair,Furniture,Seating,Hyderabad,Telangana,South,2,8500,0,5600
ORD-3022,01-09-2025,C008,Horizon Inc,Corporate,P001,Laptop Pro 14,Electronics,Computers,Bangalore,Karnataka,South,1,72000,15,52000
ORD-3023,03-11-2024,C007,Ganga Supplies,Retail,P002,Wireless Mouse,Electronics,Accessories,Chennai,Tamil Nadu,South,4,1200,10,700
ORD-3024,17-02-2024,C006,Fair Mart,Consumer,P002,Wireless Mouse,Electronics,Accessories,Bangalore,Karnataka,South,2,1200,0,700
ORD-3025,20-12-2025,C002,Bright Retail,Retail,P001,Laptop Pro 14,Electronics,Computers,Delhi,Delhi,North,2,72000,0,52000
ORD-3026,13-11-2025,C008,Horizon Inc,Corporate,P005,Notebook Pack,Stationery,Paper,Bangalore,Karnataka,South,5,350,10,180
ORD-3027,03-05-2025,C007,Ganga Supplies,Retail,P004,Standing Desk,Furniture,Desks,Hyderabad,Telangana,South,1,18000,15,12500
ORD-3028,25-06-2024,C006,Fair Mart,Consumer,P001,Laptop Pro 14,Electronics,Computers,Kolkata,West Bengal,East,3,72000,15,52000
ORD-3029,31-07-2024,C005,Everest Ltd,Corporate,P008,Printer Ink,Stationery,Supplies,Mumbai,Maharashtra,West,1,1800,0,1500
ORD-3030,12-06-2025,C008,Horizon Inc,Corporate,P004,Standing Desk,Furniture,Desks,Chennai,Tamil Nadu,South,2,18000,10,12500
ORD-3031,17-06-2025,C004,Delta Stores,Retail,P003,Office Chair,Furniture,Seating,Kolkata,West Bengal,East,1,8500,15,5600
ORD-3032,21-12-2025,C008,Horizon Inc,Corporate,P001,Laptop Pro 14,Electronics,Computers,Kolkata,West Bengal,East,8,72000,10,52000
ORD-3033,08-01-2024,C001,Aarav Traders,Corporate,P001,Laptop Pro 14,Electronics,Computers,Hyderabad,Telangana,South,7,72000,10,52000
ORD-3034,02-05-2024,C007,Ganga Supplies,Retail,P005,Notebook Pack,Stationery,Paper,Mumbai,Maharashtra,West,5,350,5,180
ORD-3035,28-12-2024,C008,Horizon Inc,Corporate,P004,Standing Desk,Furniture,Desks,Mumbai,Maharashtra,West,6,18000,10,12500
ORD-3036,07-09-2024,C006,Fair Mart,Consumer,P005,Notebook Pack,Stationery,Paper,Kolkata,West Bengal,East,3,350,15,180
ORD-3037,20-11-2024,C005,Everest Ltd,Corporate,P003,Office Chair,Furniture,Seating,Delhi,Delhi,North,4,8500,15,5600
ORD-3038,22-04-2024,C003,Chola Systems,Corporate,P006,Monitor 27in,Electronics,Displays,Delhi,Delhi,North,3,24000,15,17000
ORD-3039,01-03-2025,C006,Fair Mart,Consumer,P008,Printer Ink,Stationery,Supplies,Mumbai,Maharashtra,West,3,1800,10,1500
ORD-3040,28-02-2025,C006,Fair Mart,Consumer,P007,Desk Lamp,Furniture,Lighting,Bangalore,Karnataka,South,3,2200,5,1300
ORD-3041,23-05-2024,C001,Aarav Traders,Corporate,P001,Laptop Pro 14,Electronics,Computers,Bangalore,Karnataka,South,3,72000,5,52000
ORD-3042,14-12-2024,C008,Horizon Inc,Corporate,P003,Office Chair,Furniture,Seating,Delhi,Delhi,North,1,8500,0,5600
ORD-3043,31-12-2025,C004,Delta Stores,Retail,P007,Desk Lamp,Furniture,Lighting,Bangalore,Karnataka,South,1,2200,5,1300
ORD-3044,03-12-2025,C006,Fair Mart,Consumer,P001,Laptop Pro 14,Electronics,Computers,Mumbai,Maharashtra,West,6,72000,0,52000
ORD-3045,02-08-2024,C005,Everest Ltd,Corporate,P005,Notebook Pack,Stationery,Paper,Bangalore,Karnataka,South,7,350,10,180
ORD-3046,29-05-2024,C001,Aarav Traders,Corporate,P001,Laptop Pro 14,Electronics,Computers,Kolkata,West Bengal,East,2,72000,0,52000
ORD-3047,22-02-2024,C005,Everest Ltd,Corporate,P002,Wireless Mouse,Electronics,Accessories,Delhi,Delhi,North,3,1200,0,700
ORD-3048,25-09-2025,C004,Delta Stores,Retail,P002,Wireless Mouse,Electronics,Accessories,Hyderabad,Telangana,South,3,1200,0,700
ORD-3049,03-07-2024,C004,Delta Stores,Retail,P004,Standing Desk,Furniture,Desks,Chennai,Tamil Nadu,South,1,18000,0,12500
ORD-3050,18-07-2025,C004,Delta Stores,Retail,P002,Wireless Mouse,Electronics,Accessories,Bangalore,Karnataka,South,2,1200,0,700
ORD-3051,08-02-2024,C005,Everest Ltd,Corporate,P002,Wireless Mouse,Electronics,Accessories,Bangalore,Karnataka,South,5,1200,0,700
ORD-3052,12-06-2024,C002,Bright Retail,Retail,P003,Office Chair,Furniture,Seating,Delhi,Delhi,North,1,8500,15,5600
ORD-3053,05-11-2024,C001,Aarav Traders,Corporate,P002,Wireless Mouse,Electronics,Accessories,Kolkata,West Bengal,East,1,1200,5,700
ORD-3054,10-12-2024,C001,Aarav Traders,Corporate,P001,Laptop Pro 14,Electronics,Computers,Chennai,Tamil Nadu,South,5,72000,15,52000
ORD-3055,09-05-2024,C007,Ganga Supplies,Retail,P004,Standing Desk,Furniture,Desks,Mumbai,Maharashtra,West,5,18000,0,12500
ORD-3056,20-12-2025,C003,Chola Systems,Corporate,P002,Wireless Mouse,Electronics,Accessories,Bangalore,Karnataka,South,5,1200,0,700
ORD-3057,28-08-2025,C005,Everest Ltd,Corporate,P008,Printer Ink,Stationery,Supplies,Bangalore,Karnataka,South,4,1800,15,1500
ORD-3058,01-12-2025,C004,Delta Stores,Retail,P001,Laptop Pro 14,Electronics,Computers,Mumbai,Maharashtra,West,5,72000,0,52000
ORD-3059,30-04-2025,C008,Horizon Inc,Corporate,P006,Monitor 27in,Electronics,Displays,Chennai,Tamil Nadu,South,6,24000,0,17000
ORD-3060,01-08-2025,C003,Chola Systems,Corporate,P006,Monitor 27in,Electronics,Displays,Hyderabad,Telangana,South,3,24000,10,17000
ORD-3061,27-10-2025,C008,Horizon Inc,Corporate,P008,Printer Ink,Stationery,Supplies,Chennai,Tamil Nadu,South,4,1800,0,1500
ORD-3062,14-07-2025,C007,Ganga Supplies,Retail,P008,Printer Ink,Stationery,Supplies,Bangalore,Karnataka,South,1,1800,5,1500
ORD-3063,07-02-2025,C004,Delta Stores,Retail,P001,Laptop Pro 14,Electronics,Computers,Mumbai,Maharashtra,West,3,72000,0,52000
ORD-3064,26-11-2025,C004,Delta Stores,Retail,P008,Printer Ink,Stationery,Supplies,Kolkata,West Bengal,East,1,1800,0,1500
ORD-3065,28-03-2024,C002,Bright Retail,Retail,P004,Standing Desk,Furniture,Desks,Delhi,Delhi,North,3,18000,10,12500
ORD-3066,20-06-2024,C002,Bright Retail,Retail,P008,Printer Ink,Stationery,Supplies,Mumbai,Maharashtra,West,3,1800,0,1500
ORD-3067,01-02-2024,C007,Ganga Supplies,Retail,P003,Office Chair,Furniture,Seating,Mumbai,Maharashtra,West,5,8500,0,5600
ORD-3068,19-07-2025,C003,Chola Systems,Corporate,P003,Office Chair,Furniture,Seating,Kolkata,West Bengal,East,1,8500,15,5600
ORD-3069,03-09-2025,C004,Delta Stores,Retail,P003,Office Chair,Furniture,Seating,Chennai,Tamil Nadu,South,1,8500,5,5600
ORD-3070,23-12-2025,C008,Horizon Inc,Corporate,P005,Notebook Pack,Stationery,Paper,Mumbai,Maharashtra,West,4,350,10,180
ORD-3071,01-04-2024,C001,Aarav Traders,Corporate,P005,Notebook Pack,Stationery,Paper,Chennai,Tamil Nadu,South,5,350,5,180
ORD-3072,30-06-2025,C005,Everest Ltd,Corporate,P002,Wireless Mouse,Electronics,Accessories,Delhi,Delhi,North,5,1200,0,700
ORD-3073,19-03-2024,C006,Fair Mart,Consumer,P002,Wireless Mouse,Electronics,Accessories,Kolkata,West Bengal,East,2,1200,0,700
ORD-3074,28-05-2024,C004,Delta Stores,Retail,P003,Office Chair,Furniture,Seating,Delhi,Delhi,North,6,8500,0,5600
ORD-3075,25-12-2025,C003,Chola Systems,Corporate,P006,Monitor 27in,Electronics,Displays,Delhi,Delhi,North,1,24000,10,17000
ORD-3076,04-11-2025,C002,Bright Retail,Retail,P001,Laptop Pro 14,Electronics,Computers,Delhi,Delhi,North,5,72000,0,52000
ORD-3077,24-01-2024,C003,Chola Systems,Corporate,P002,Wireless Mouse,Electronics,Accessories,Bangalore,Karnataka,South,1,1200,0,700
ORD-3078,02-11-2024,C004,Delta Stores,Retail,P006,Monitor 27in,Electronics,Displays,Chennai,Tamil Nadu,South,6,24000,15,17000
ORD-3079,23-04-2024,C004,Delta Stores,Retail,P004,Standing Desk,Furniture,Desks,Delhi,Delhi,North,2,18000,0,12500
ORD-3080,04-04-2024,C006,Fair Mart,Consumer,P008,Printer Ink,Stationery,Supplies,Chennai,Tamil Nadu,South,4,1800,15,1500
ORD-3081,03-07-2024,C002,Bright Retail,Retail,P002,Wireless Mouse,Electronics,Accessories,Kolkata,West Bengal,East,1,1200,15,700
ORD-3082,18-07-2025,C007,Ganga Supplies,Retail,P001,Laptop Pro 14,Electronics,Computers,Chennai,Tamil Nadu,South,1,72000,0,52000
ORD-3083,06-07-2025,C005,Everest Ltd,Corporate,P006,Monitor 27in,Electronics,Displays,Hyderabad,Telangana,South,4,24000,0,17000
ORD-3084,10-09-2025,C005,Everest Ltd,Corporate,P008,Printer Ink,Stationery,Supplies,Hyderabad,Telangana,South,3,1800,10,1500
ORD-3085,02-11-2024,C001,Aarav Traders,Corporate,P007,Desk Lamp,Furniture,Lighting,Kolkata,West Bengal,East,1,2200,10,1300
ORD-3086,02-04-2024,C003,Chola Systems,Corporate,P007,Desk Lamp,Furniture,Lighting,Chennai,Tamil Nadu,South,1,2200,10,1300
ORD-3087,02-06-2025,C007,Ganga Supplies,Retail,P005,Notebook Pack,Stationery,Paper,Hyderabad,Telangana,South,1,350,0,180
ORD-3088,25-01-2025,C004,Delta Stores,Retail,P001,Laptop Pro 14,Electronics,Computers,Bangalore,Karnataka,South,4,72000,15,52000
ORD-3089,24-08-2024,C004,Delta Stores,Retail,P001,Laptop Pro 14,Electronics,Computers,Bangalore,Karnataka,South,2,72000,5,52000
ORD-3090,26-12-2024,C001,Aarav Traders,Corporate,P002,Wireless Mouse,Electronics,Accessories,Chennai,Tamil Nadu,South,2,1200,0,700
ORD-3091,24-12-2024,C008,Horizon Inc,Corporate,P002,Wireless Mouse,Electronics,Accessories,Chennai,Tamil Nadu,South,1,1200,0,700
ORD-3092,12-07-2024,C006,Fair Mart,Consumer,P006,Monitor 27in,Electronics,Displays,Bangalore,Karnataka,South,1,24000,0,17000
ORD-3093,26-03-2024,C007,Ganga Supplies,Retail,P001,Laptop Pro 14,Electronics,Computers,Kolkata,West Bengal,East,5,72000,15,52000
ORD-3094,04-12-2025,C003,Chola Systems,Corporate,P007,Desk Lamp,Furniture,Lighting,Kolkata,West Bengal,East,1,2200,5,1300
ORD-3095,09-08-2024,C003,Chola Systems,Corporate,P005,Notebook Pack,Stationery,Paper,Mumbai,Maharashtra,West,2,350,10,180
ORD-3096,04-03-2025,C002,Bright Retail,Retail,P008,Printer Ink,Stationery,Supplies,Bangalore,Karnataka,South,4,1800,0,1500
ORD-3097,06-08-2025,C003,Chola Systems,Corporate,P005,Notebook Pack,Stationery,Paper,Delhi,Delhi,North,3,350,5,180
ORD-3098,16-07-2025,C008,Horizon Inc,Corporate,P008,Printer Ink,Stationery,Supplies,Delhi,Delhi,North,1,1800,0,1500
ORD-3099,06-01-2024,C004,Delta Stores,Retail,P005,Notebook Pack,Stationery,Paper,Chennai,Tamil Nadu,South,1,350,10,180
ORD-3100,13-10-2025,C005,Everest Ltd,Corporate,P006,Monitor 27in,Electronics,Displays,Delhi,Delhi,North,4,24000,15,17000
ORD-3101,31-05-2024,C007,Ganga Supplies,Retail,P006,Monitor 27in,Electronics,Displays,Kolkata,West Bengal,East,1,24000,0,17000
ORD-3102,22-06-2025,C004,Delta Stores,Retail,P006,Monitor 27in,Electronics,Displays,Delhi,Delhi,North,1,24000,5,17000
ORD-3103,27-02-2025,C001,Aarav Traders,Corporate,P006,Monitor 27in,Electronics,Displays,Kolkata,West Bengal,East,5,24000,0,17000
ORD-3104,14-05-2024,C001,Aarav Traders,Corporate,P008,Printer Ink,Stationery,Supplies,Chennai,Tamil Nadu,South,4,1800,0,1500
ORD-3105,24-01-2025,C007,Ganga Supplies,Retail,P003,Office Chair,Furniture,Seating,Mumbai,Maharashtra,West,3,8500,0,5600
ORD-3106,13-09-2025,C004,Delta Stores,Retail,P005,Notebook Pack,Stationery,Paper,Kolkata,West Bengal,East,1,350,0,180
ORD-3107,28-08-2024,C001,Aarav Traders,Corporate,P006,Monitor 27in,Electronics,Displays,Kolkata,West Bengal,East,4,24000,15,17000
ORD-3108,17-04-2024,C007,Ganga Supplies,Retail,P008,Printer Ink,Stationery,Supplies,Mumbai,Maharashtra,West,6,1800,0,1500
ORD-3109,16-12-2025,C007,Ganga Supplies,Retail,P006,Monitor 27in,Electronics,Displays,Kolkata,West Bengal,East,6,24000,10,17000
ORD-3110,09-12-2024,C006,Fair Mart,Consumer,P004,Standing Desk,Furniture,Desks,Hyderabad,Telangana,South,2,18000,0,12500
ORD-3111,22-08-2024,C008,Horizon Inc,Corporate,P006,Monitor 27in,Electronics,Displays,Mumbai,Maharashtra,West,3,24000,10,17000
ORD-3112,30-04-2024,C004,Delta Stores,Retail,P007,Desk Lamp,Furniture,Lighting,Chennai,Tamil Nadu,South,3,2200,10,1300
ORD-3113,28-04-2024,C007,Ganga Supplies,Retail,P008,Printer Ink,Stationery,Supplies,Kolkata,West Bengal,East,3,1800,10,1500
ORD-3114,14-03-2024,C006,Fair Mart,Consumer,P002,Wireless Mouse,Electronics,Accessories,Kolkata,West Bengal,East,2,1200,15,700
ORD-3115,20-06-2024,C007,Ganga Supplies,Retail,P001,Laptop Pro 14,Electronics,Computers,Bangalore,Karnataka,South,3,72000,5,52000
ORD-3116,03-05-2025,C003,Chola Systems,Corporate,P006,Monitor 27in,Electronics,Displays,Bangalore,Karnataka,South,1,24000,5,17000
ORD-3117,19-11-2024,C006,Fair Mart,Consumer,P006,Monitor 27in,Electronics,Displays,Chennai,Tamil Nadu,South,5,24000,0,17000
ORD-3118,31-03-2024,C006,Fair Mart,Consumer,P005,Notebook Pack,Stationery,Paper,Chennai,Tamil Nadu,South,3,350,0,180
ORD-3119,21-11-2025,C001,Aarav Traders,Corporate,P004,Standing Desk,Furniture,Desks,Delhi,Delhi,North,1,18000,10,12500
ORD-3120,11-08-2024,C002,Bright Retail,Retail,P003,Office Chair,Furniture,Seating,Delhi,Delhi,North,1,8500,0,5600
ORD-3121,05-03-2025,C002,Bright Retail,Retail,P003,Office Chair,Furniture,Seating,Mumbai,Maharashtra,West,1,8500,0,5600
ORD-3122,08-03-2024,C001,Aarav Traders,Corporate,P008,Printer Ink,Stationery,Supplies,Bangalore,Karnataka,South,3,1800,10,1500
ORD-3123,30-07-2024,C004,Delta Stores,Retail,P005,Notebook Pack,Stationery,Paper,Mumbai,Maharashtra,West,2,350,10,180
ORD-3124,01-09-2025,C001,Aarav Traders,Corporate,P004,Standing Desk,Furniture,Desks,Mumbai,Maharashtra,West,4,18000,0,12500
ORD-3125,21-02-2024,C002,Bright Retail,Retail,P008,Printer Ink,Stationery,Supplies,Bangalore,Karnataka,South,1,1800,15,1500
ORD-3126,30-06-2024,C001,Aarav Traders,Corporate,P007,Desk Lamp,Furniture,Lighting,Chennai,Tamil Nadu,South,1,2200,5,1300
ORD-3127,18-07-2024,C006,Fair Mart,Consumer,P008,Printer Ink,Stationery,Supplies,Mumbai,Maharashtra,West,1,1800,0,1500
ORD-3128,08-10-2024,C002,Bright Retail,Retail,P006,Monitor 27in,Electronics,Displays,Kolkata,West Bengal,East,8,24000,0,17000
ORD-3129,08-11-2025,C001,Aarav Traders,Corporate,P004,Standing Desk,Furniture,Desks,Kolkata,West Bengal,East,6,18000,5,12500
ORD-3130,15-08-2024,C002,Bright Retail,Retail,P003,Office Chair,Furniture,Seating,Kolkata,West Bengal,East,4,8500,5,5600
ORD-3131,07-04-2025,C002,Bright Retail,Retail,P008,Printer Ink,Stationery,Supplies,Chennai,Tamil Nadu,South,1,1800,15,1500
ORD-3132,25-04-2024,C008,Horizon Inc,Corporate,P005,Notebook Pack,Stationery,Paper,Mumbai,Maharashtra,West,1,350,5,180
ORD-3133,01-01-2025,C005,Everest Ltd,Corporate,P007,Desk Lamp,Furniture,Lighting,Delhi,Delhi,North,3,2200,10,1300
ORD-3134,23-08-2024,C006,Fair Mart,Consumer,P006,Monitor 27in,Electronics,Displays,Chennai,Tamil Nadu,South,2,24000,10,17000
ORD-3135,01-11-2024,C004,Delta Stores,Retail,P004,Standing Desk,Furniture,Desks,Chennai,Tamil Nadu,South,4,18000,0,12500
ORD-3136,02-12-2025,C003,Chola Systems,Corporate,P005,Notebook Pack,Stationery,Paper,Mumbai,Maharashtra,West,1,350,10,180
ORD-3137,05-03-2024,C003,Chola Systems,Corporate,P006,Monitor 27in,Electronics,Displays,Delhi,Delhi,North,4,24000,0,17000
ORD-3138,20-03-2025,C007,Ganga Supplies,Retail,P005,Notebook Pack,Stationery,Paper,Hyderabad,Telangana,South,7,350,15,180
ORD-3139,03-06-2024,C002,Bright Retail,Retail,P005,Notebook Pack,Stationery,Paper,Chennai,Tamil Nadu,South,2,350,15,180
ORD-3140,12-12-2025,C007,Ganga Supplies,Retail,P002,Wireless Mouse,Electronics,Accessories,Delhi,Delhi,North,4,1200,0,700
ORD-3141,24-05-2024,C001,Aarav Traders,Corporate,P003,Office Chair,Furniture,Seating,Bangalore,Karnataka,South,5,8500,15,5600
ORD-3142,04-10-2024,C004,Delta Stores,Retail,P003,Office Chair,Furniture,Seating,Kolkata,West Bengal,East,1,8500,10,5600
ORD-3143,04-01-2024,C001,Aarav Traders,Corporate,P008,Printer Ink,Stationery,Supplies,Delhi,Delhi,North,2,1800,15,1500
ORD-3144,12-03-2024,C006,Fair Mart,Consumer,P007,Desk Lamp,Furniture,Lighting,Kolkata,West Bengal,East,5,2200,0,1300
ORD-3145,18-10-2025,C007,Ganga Supplies,Retail,P003,Office Chair,Furniture,Seating,Chennai,Tamil Nadu,South,6,8500,0,5600
ORD-3146,01-05-2024,C005,Everest Ltd,Corporate,P006,Monitor 27in,Electronics,Displays,Delhi,Delhi,North,3,24000,10,17000
ORD-3147,26-02-2024,C001,Aarav Traders,Corporate,P004,Standing Desk,Furniture,Desks,Mumbai,Maharashtra,West,1,18000,15,12500
ORD-3148,04-08-2025,C006,Fair Mart,Consumer,P001,Laptop Pro 14,Electronics,Computers,Kolkata,West Bengal,East,3,72000,15,52000
ORD-3149,23-12-2025,C007,Ganga Supplies,Retail,P006,Monitor 27in,Electronics,Displays,Mumbai,Maharashtra,West,1,24000,0,17000
ORD-3150,13-01-2025,C008,Horizon Inc,Corporate,P003,Office Chair,Furniture,Seating,Delhi,Delhi,North,3,8500,5,5600
ORD-3151,19-10-2024,C007,Ganga Supplies,Retail,P007,Desk Lamp,Furniture,Lighting,Kolkata,West Bengal,East,2,2200,10,1300
ORD-3152,07-06-2024,C004,Delta Stores,Retail,P006,Monitor 27in,Electronics,Displays,Kolkata,West Bengal,East,3,24000,0,17000
ORD-3153,04-06-2024,C001,Aarav Traders,Corporate,P007,Desk Lamp,Furniture,Lighting,Mumbai,Maharashtra,West,5,2200,10,1300
ORD-3154,13-10-2025,C005,Everest Ltd,Corporate,P002,Wireless Mouse,Electronics,Accessories,Bangalore,Karnataka,South,2,1200,15,700
ORD-3155,15-04-2025,C001,Aarav Traders,Corporate,P006,Monitor 27in,Electronics,Displays,Chennai,Tamil Nadu,South,4,24000,0,17000
ORD-3156,05-12-2025,C003,Chola Systems,Corporate,P006,Monitor 27in,Electronics,Displays,Bangalore,Karnataka,South,6,24000,0,17000
ORD-3157,11-05-2025,C005,Everest Ltd,Corporate,P003,Office Chair,Furniture,Seating,Kolkata,West Bengal,East,5,8500,5,5600
ORD-3158,05-12-2025,C003,Chola Systems,Corporate,P006,Monitor 27in,Electronics,Displays,Mumbai,Maharashtra,West,4,24000,15,17000
ORD-3159,16-11-2025,C007,Ganga Supplies,Retail,P002,Wireless Mouse,Electronics,Accessories,Hyderabad,Telangana,South,1,1200,10,700
ORD-3160,04-07-2025,C007,Ganga Supplies,Retail,P005,Notebook Pack,Stationery,Paper,Mumbai,Maharashtra,West,1,350,0,180
ORD-3161,23-08-2024,C001,Aarav Traders,Corporate,P008,Printer Ink,Stationery,Supplies,Delhi,Delhi,North,3,1800,0,1500
ORD-3162,01-04-2025,C008,Horizon Inc,Corporate,P008,Printer Ink,Stationery,Supplies,Mumbai,Maharashtra,West,4,1800,0,1500
ORD-3163,23-08-2024,C004,Delta Stores,Retail,P008,Printer Ink,Stationery,Supplies,Hyderabad,Telangana,South,3,1800,5,1500
ORD-3164,25-02-2024,C005,Everest Ltd,Corporate,P005,Notebook Pack,Stationery,Paper,Delhi,Delhi,North,5,350,15,180
ORD-3165,16-10-2024,C005,Everest Ltd,Corporate,P008,Printer Ink,Stationery,Supplies,Chennai,Tamil Nadu,South,1,1800,15,1500
ORD-3166,16-02-2024,C003,Chola Systems,Corporate,P006,Monitor 27in,Electronics,Displays,Delhi,Delhi,North,3,24000,0,17000
ORD-3167,09-01-2025,C007,Ganga Supplies,Retail,P004,Standing Desk,Furniture,Desks,Bangalore,Karnataka,South,4,18000,15,12500
ORD-3168,31-03-2025,C002,Bright Retail,Retail,P005,Notebook Pack,Stationery,Paper,Hyderabad,Telangana,South,3,350,0,180
ORD-3169,20-01-2024,C007,Ganga Supplies,Retail,P002,Wireless Mouse,Electronics,Accessories,Mumbai,Maharashtra,West,5,1200,10,700
ORD-3170,17-05-2024,C007,Ganga Supplies,Retail,P003,Office Chair,Furniture,Seating,Bangalore,Karnataka,South,1,8500,5,5600
ORD-3171,19-04-2025,C007,Ganga Supplies,Retail,P002,Wireless Mouse,Electronics,Accessories,Hyderabad,Telangana,South,5,1200,0,700
ORD-3172,28-04-2025,C001,Aarav Traders,Corporate,P003,Office Chair,Furniture,Seating,Mumbai,Maharashtra,West,4,8500,0,5600
ORD-3173,19-06-2024,C001,Aarav Traders,Corporate,P003,Office Chair,Furniture,Seating,Chennai,Tamil Nadu,South,1,8500,15,5600
ORD-3174,29-10-2024,C002,Bright Retail,Retail,P001,Laptop Pro 14,Electronics,Computers,Hyderabad,Telangana,South,4,72000,5,52000
ORD-3175,25-11-2024,C001,Aarav Traders,Corporate,P006,Monitor 27in,Electronics,Displays,Mumbai,Maharashtra,West,1,24000,0,17000
ORD-3176,18-12-2025,C006,Fair Mart,Consumer,P005,Notebook Pack,Stationery,Paper,Kolkata,West Bengal,East,9,350,5,180
ORD-3177,15-08-2024,C006,Fair Mart,Consumer,P007,Desk Lamp,Furniture,Lighting,Bangalore,Karnataka,South,1,2200,0,1300
ORD-3178,13-03-2025,C008,Horizon Inc,Corporate,P008,Printer Ink,Stationery,Supplies,Mumbai,Maharashtra,West,2,1800,0,1500
ORD-3179,25-04-2025,C002,Bright Retail,Retail,P004,Standing Desk,Furniture,Desks,Delhi,Delhi,North,3,18000,5,12500
ORD-3180,08-03-2025,C006,Fair Mart,Consumer,P006,Monitor 27in,Electronics,Displays,Hyderabad,Telangana,South,3,24000,0,17000
ORD-3181,28-06-2025,C003,Chola Systems,Corporate,P007,Desk Lamp,Furniture,Lighting,Chennai,Tamil Nadu,South,1,2200,5,1300
ORD-3182,23-06-2025,C006,Fair Mart,Consumer,P005,Notebook Pack,Stationery,Paper,Chennai,Tamil Nadu,South,4,350,0,180
ORD-3183,08-02-2024,C008,Horizon Inc,Corporate,P005,Notebook Pack,Stationery,Paper,Mumbai,Maharashtra,West,2,350,0,180
ORD-3184,24-12-2025,C001,Aarav Traders,Corporate,P006,Monitor 27in,Electronics,Displays,Hyderabad,Telangana,South,4,24000,5,17000
ORD-3185,14-05-2025,C003,Chola Systems,Corporate,P002,Wireless Mouse,Electronics,Accessories,Kolkata,West Bengal,East,2,1200,10,700
ORD-3186,29-07-2025,C007,Ganga Supplies,Retail,P003,Office Chair,Furniture,Seating,Delhi,Delhi,North,3,8500,5,5600
ORD-3187,01-05-2025,C008,Horizon Inc,Corporate,P008,Printer Ink,Stationery,Supplies,Mumbai,Maharashtra,West,6,1800,15,1500
ORD-3188,03-08-2024,C007,Ganga Supplies,Retail,P007,Desk Lamp,Furniture,Lighting,Chennai,Tamil Nadu,South,4,2200,0,1300
ORD-3189,25-01-2025,C007,Ganga Supplies,Retail,P006,Monitor 27in,Electronics,Displays,Kolkata,West Bengal,East,4,24000,15,17000
ORD-3190,04-02-2024,C002,Bright Retail,Retail,P005,Notebook Pack,Stationery,Paper,Kolkata,West Bengal,East,4,350,0,180
ORD-3191,05-01-2025,C001,Aarav Traders,Corporate,P007,Desk Lamp,Furniture,Lighting,Delhi,Delhi,North,5,2200,10,1300
ORD-3192,25-09-2025,C004,Delta Stores,Retail,P002,Wireless Mouse,Electronics,Accessories,Kolkata,West Bengal,East,6,1200,0,700
ORD-3193,10-08-2024,C008,Horizon Inc,Corporate,P008,Printer Ink,Stationery,Supplies,Kolkata,West Bengal,East,4,1800,5,1500
ORD-3194,16-05-2025,C007,Ganga Supplies,Retail,P008,Printer Ink,Stationery,Supplies,Delhi,Delhi,North,1,1800,0,1500
ORD-3195,30-06-2024,C001,Aarav Traders,Corporate,P004,Standing Desk,Furniture,Desks,Delhi,Delhi,North,1,18000,15,12500
ORD-3196,03-09-2025,C005,Everest Ltd,Corporate,P006,Monitor 27in,Electronics,Displays,Kolkata,West Bengal,East,3,24000,0,17000
ORD-3197,13-01-2025,C002,Bright Retail,Retail,P008,Printer Ink,Stationery,Supplies,Mumbai,Maharashtra,West,4,1800,0,1500
ORD-3198,05-01-2024,C001,Aarav Traders,Corporate,P005,Notebook Pack,Stationery,Paper,Kolkata,West Bengal,East,1,350,0,180
ORD-3199,23-10-2025,C007,Ganga Supplies,Retail,P004,Standing Desk,Furniture,Desks,Delhi,Delhi,North,9,18000,10,12500
ORD-3200,03-02-2025,C004,Delta Stores,Retail,P008,Printer Ink,Stationery,Supplies,Mumbai,Maharashtra,West,1,1800,10,1500
ORD-3201,22-10-2024,C006,Fair Mart,Consumer,P006,Monitor 27in,Electronics,Displays,Bangalore,Karnataka,South,2,24000,10,17000
ORD-3202,28-07-2024,C003,Chola Systems,Corporate,P001,Laptop Pro 14,Electronics,Computers,Chennai,Tamil Nadu,South,6,72000,15,52000
ORD-3203,04-06-2025,C003,Chola Systems,Corporate,P005,Notebook Pack,Stationery,Paper,Delhi,Delhi,North,1,350,10,180
ORD-3204,12-08-2024,C002,Bright Retail,Retail,P005,Notebook Pack,Stationery,Paper,Kolkata,West Bengal,East,3,350,15,180
ORD-3205,02-04-2025,C001,Aarav Traders,Corporate,P003,Office Chair,Furniture,Seating,Mumbai,Maharashtra,West,1,8500,15,5600
ORD-3206,14-10-2024,C001,Aarav Traders,Corporate,P003,Office Chair,Furniture,Seating,Kolkata,West Bengal,East,1,8500,0,5600
ORD-3207,28-11-2024,C006,Fair Mart,Consumer,P005,Notebook Pack,Stationery,Paper,Hyderabad,Telangana,South,6,350,0,180
ORD-3208,21-10-2025,C004,Delta Stores,Retail,P007,Desk Lamp,Furniture,Lighting,Chennai,Tamil Nadu,South,4,2200,15,1300
ORD-3209,19-03-2024,C007,Ganga Supplies,Retail,P007,Desk Lamp,Furniture,Lighting,Chennai,Tamil Nadu,South,2,2200,15,1300
ORD-3210,05-03-2025,C006,Fair Mart,Consumer,P007,Desk Lamp,Furniture,Lighting,Bangalore,Karnataka,South,3,2200,10,1300
ORD-3211,02-09-2025,C001,Aarav Traders,Corporate,P003,Office Chair,Furniture,Seating,Kolkata,West Bengal,East,5,8500,0,5600
ORD-3212,26-02-2025,C008,Horizon Inc,Corporate,P003,Office Chair,Furniture,Seating,Bangalore,Karnataka,South,1,8500,5,5600
ORD-3213,18-07-2024,C002,Bright Retail,Retail,P005,Notebook Pack,Stationery,Paper,Chennai,Tamil Nadu,South,4,350,0,180
ORD-3214,06-11-2024,C006,Fair Mart,Consumer,P005,Notebook Pack,Stationery,Paper,Kolkata,West Bengal,East,1,350,0,180
ORD-3215,08-04-2025,C002,Bright Retail,Retail,P005,Notebook Pack,Stationery,Paper,Mumbai,Maharashtra,West,3,350,0,180
ORD-3216,17-10-2025,C006,Fair Mart,Consumer,P006,Monitor 27in,Electronics,Displays,Hyderabad,Telangana,South,6,24000,15,17000
ORD-3217,02-06-2024,C001,Aarav Traders,Corporate,P005,Notebook Pack,Stationery,Paper,Delhi,Delhi,North,1,350,15,180
ORD-3218,25-05-2025,C003,Chola Systems,Corporate,P002,Wireless Mouse,Electronics,Accessories,Chennai,Tamil Nadu,South,1,1200,5,700
ORD-3219,15-11-2025,C002,Bright Retail,Retail,P006,Monitor 27in,Electronics,Displays,Mumbai,Maharashtra,West,6,24000,0,17000
ORD-3220,08-12-2025,C003,Chola Systems,Corporate,P002,Wireless Mouse,Electronics,Accessories,Delhi,Delhi,North,2,1200,10,700
ORD-3221,31-12-2025,C002,Bright Retail,Retail,P001,Laptop Pro 14,Electronics,Computers,Mumbai,Maharashtra,West,4,72000,0,52000
ORD-3222,14-10-2025,C006,Fair Mart,Consumer,P008,Printer Ink,Stationery,Supplies,Kolkata,West Bengal,East,2,1800,15,1500
ORD-3223,02-11-2025,C007,Ganga Supplies,Retail,P008,Printer Ink,Stationery,Supplies,Mumbai,Maharashtra,West,1,1800,10,1500
ORD-3224,30-07-2025,C006,Fair Mart,Consumer,P006,Monitor 27in,Electronics,Displays,Mumbai,Maharashtra,West,3,24000,10,17000
ORD-3225,15-02-2025,C002,Bright Retail,Retail,P004,Standing Desk,Furniture,Desks,Mumbai,Maharashtra,West,1,18000,0,12500
ORD-3226,26-10-2025,C004,Delta Stores,Retail,P008,Printer Ink,Stationery,Supplies,Mumbai,Maharashtra,West,5,1800,0,1500
ORD-3227,15-08-2025,C002,Bright Retail,Retail,P004,Standing Desk,Furniture,Desks,Kolkata,West Bengal,East,5,18000,10,12500
ORD-3228,20-10-2025,C004,Delta Stores,Retail,P004,Standing Desk,Furniture,Desks,Hyderabad,Telangana,South,2,18000,0,12500
ORD-3229,09-05-2025,C005,Everest Ltd,Corporate,P004,Standing Desk,Furniture,Desks,Mumbai,Maharashtra,West,3,18000,5,12500
ORD-3230,07-02-2025,C004,Delta Stores,Retail,P008,Printer Ink,Stationery,Supplies,Hyderabad,Telangana,South,3,1800,10,1500
ORD-3231,02-10-2025,C002,Bright Retail,Retail,P008,Printer Ink,Stationery,Supplies,Delhi,Delhi,North,6,1800,15,1500
ORD-3232,19-07-2024,C008,Horizon Inc,Corporate,P005,Notebook Pack,Stationery,Paper,Kolkata,West Bengal,East,3,350,0,180
ORD-3233,12-07-2024,C008,Horizon Inc,Corporate,P007,Desk Lamp,Furniture,Lighting,Hyderabad,Telangana,South,1,2200,5,1300
ORD-3234,22-05-2025,C005,Everest Ltd,Corporate,P005,Notebook Pack,Stationery,Paper,Kolkata,West Bengal,East,3,350,0,180
ORD-3235,12-09-2024,C006,Fair Mart,Consumer,P008,Printer Ink,Stationery,Supplies,Chennai,Tamil Nadu,South,5,1800,15,1500
ORD-3236,15-03-2024,C002,Bright Retail,Retail,P002,Wireless Mouse,Electronics,Accessories,Hyderabad,Telangana,South,1,1200,10,700
ORD-3237,12-04-2025,C002,Bright Retail,Retail,P007,Desk Lamp,Furniture,Lighting,Kolkata,West Bengal,East,1,2200,5,1300
ORD-3238,29-07-2024,C008,Horizon Inc,Corporate,P002,Wireless Mouse,Electronics,Accessories,Hyderabad,Telangana,South,4,1200,0,700
ORD-3239,03-11-2025,C008,Horizon Inc,Corporate,P005,Notebook Pack,Stationery,Paper,Kolkata,West Bengal,East,1,350,0,180
ORD-3240,10-07-2025,C004,Delta Stores,Retail,P001,Laptop Pro 14,Electronics,Computers,Bangalore,Karnataka,South,2,72000,10,52000
ORD-3241,11-06-2024,C002,Bright Retail,Retail,P002,Wireless Mouse,Electronics,Accessories,Kolkata,West Bengal,East,2,1200,15,700
ORD-3242,28-04-2024,C001,Aarav Traders,Corporate,P004,Standing Desk,Furniture,Desks,Chennai,Tamil Nadu,South,1,18000,5,12500
ORD-3243,16-06-2024,C004,Delta Stores,Retail,P007,Desk Lamp,Furniture,Lighting,Chennai,Tamil Nadu,South,3,2200,0,1300
ORD-3244,19-05-2024,C006,Fair Mart,Consumer,P003,Office Chair,Furniture,Seating,Delhi,Delhi,North,6,8500,5,5600
ORD-3245,20-04-2025,C005,Everest Ltd,Corporate,P001,Laptop Pro 14,Electronics,Computers,Mumbai,Maharashtra,West,1,72000,0,52000
ORD-3246,28-02-2024,C003,Chola Systems,Corporate,P001,Laptop Pro 14,Electronics,Computers,Delhi,Delhi,North,2,72000,0,52000
ORD-3247,19-04-2025,C002,Bright Retail,Retail,P003,Office Chair,Furniture,Seating,Hyderabad,Telangana,South,1,8500,15,5600
ORD-3248,27-11-2024,C002,Bright Retail,Retail,P002,Wireless Mouse,Electronics,Accessories,Bangalore,Karnataka,South,1,1200,10,700
ORD-3249,30-05-2024,C006,Fair Mart,Consumer,P002,Wireless Mouse,Electronics,Accessories,Delhi,Delhi,North,4,1200,0,700
ORD-3250,08-06-2025,C003,Chola Systems,Corporate,P008,Printer Ink,Stationery,Supplies,Delhi,Delhi,North,1,1800,0,1500
ORD-3251,18-09-2024,C001,Aarav Traders,Corporate,P002,Wireless Mouse,Electronics,Accessories,Mumbai,Maharashtra,West,2,1200,0,700
ORD-3252,10-06-2025,C003,Chola Systems,Corporate,P003,Office Chair,Furniture,Seating,Mumbai,Maharashtra,West,1,8500,0,5600
ORD-3253,26-12-2024,C002,Bright Retail,Retail,P004,Standing Desk,Furniture,Desks,Delhi,Delhi,North,4,18000,15,12500
ORD-3254,17-04-2024,C005,Everest Ltd,Corporate,P006,Monitor 27in,Electronics,Displays,Mumbai,Maharashtra,West,5,24000,0,17000
ORD-3255,06-03-2025,C001,Aarav Traders,Corporate,P005,Notebook Pack,Stationery,Paper,Hyderabad,Telangana,South,6,350,5,180
ORD-3256,17-03-2024,C001,Aarav Traders,Corporate,P003,Office Chair,Furniture,Seating,Mumbai,Maharashtra,West,2,8500,5,5600
ORD-3257,15-03-2025,C006,Fair Mart,Consumer,P002,Wireless Mouse,Electronics,Accessories,Kolkata,West Bengal,East,4,1200,5,700
ORD-3258,18-04-2024,C002,Bright Retail,Retail,P007,Desk Lamp,Furniture,Lighting,Hyderabad,Telangana,South,4,2200,10,1300
ORD-3259,01-11-2025,C007,Ganga Supplies,Retail,P001,Laptop Pro 14,Electronics,Computers,Bangalore,Karnataka,South,5,72000,0,52000
ORD-3260,07-04-2024,C002,Bright Retail,Retail,P007,Desk Lamp,Furniture,Lighting,Mumbai,Maharashtra,West,3,2200,15,1300
ORD-3261,18-04-2024,C007,Ganga Supplies,Retail,P006,Monitor 27in,Electronics,Displays,Delhi,Delhi,North,2,24000,0,17000
ORD-3262,14-03-2025,C003,Chola Systems,Corporate,P001,Laptop Pro 14,Electronics,Computers,Delhi,Delhi,North,5,72000,15,52000
ORD-3263,23-07-2025,C006,Fair Mart,Consumer,P006,Monitor 27in,Electronics,Displays,Chennai,Tamil Nadu,South,3,24000,0,17000
ORD-3264,11-11-2025,C001,Aarav Traders,Corporate,P005,Notebook Pack,Stationery,Paper,Hyderabad,Telangana,South,2,350,0,180
ORD-3265,02-10-2025,C003,Chola Systems,Corporate,P005,Notebook Pack,Stationery,Paper,Kolkata,West Bengal,East,4,350,0,180
ORD-3266,18-11-2024,C002,Bright Retail,Retail,P003,Office Chair,Furniture,Seating,Mumbai,Maharashtra,West,2,8500,15,5600
ORD-3267,12-10-2024,C008,Horizon Inc,Corporate,P007,Desk Lamp,Furniture,Lighting,Kolkata,West Bengal,East,4,2200,15,1300
ORD-3268,11-04-2025,C005,Everest Ltd,Corporate,P001,Laptop Pro 14,Electronics,Computers,Hyderabad,Telangana,South,5,72000,10,52000
ORD-3269,05-08-2025,C004,Delta Stores,Retail,P005,Notebook Pack,Stationery,Paper,Hyderabad,Telangana,South,3,350,15,180
ORD-3270,12-07-2025,C004,Delta Stores,Retail,P001,Laptop Pro 14,Electronics,Computers,Chennai,Tamil Nadu,South,2,72000,10,52000
ORD-3271,29-04-2024,C006,Fair Mart,Consumer,P003,Office Chair,Furniture,Seating,Bangalore,Karnataka,South,2,8500,10,5600
ORD-3272,14-01-2024,C002,Bright Retail,Retail,P007,Desk Lamp,Furniture,Lighting,Delhi,Delhi,North,5,2200,15,1300
ORD-3273,02-07-2025,C002,Bright Retail,Retail,P002,Wireless Mouse,Electronics,Accessories,Kolkata,West Bengal,East,2,1200,0,700
ORD-3274,29-04-2024,C004,Delta Stores,Retail,P006,Monitor 27in,Electronics,Displays,Delhi,Delhi,North,2,24000,0,17000
ORD-3275,18-06-2024,C005,Everest Ltd,Corporate,P003,Office Chair,Furniture,Seating,Delhi,Delhi,North,1,8500,15,5600
ORD-3276,11-03-2025,C006,Fair Mart,Consumer,P002,Wireless Mouse,Electronics,Accessories,Delhi,Delhi,North,4,1200,0,700
ORD-3277,09-01-2025,C003,Chola Systems,Corporate,P002,Wireless Mouse,Electronics,Accessories,Hyderabad,Telangana,South,1,1200,10,700
ORD-3278,24-05-2024,C002,Bright Retail,Retail,P008,Printer Ink,Stationery,Supplies,Mumbai,Maharashtra,West,2,1800,0,1500
ORD-3279,06-08-2024,C002,Bright Retail,Retail,P007,Desk Lamp,Furniture,Lighting,Bangalore,Karnataka,South,2,2200,15,1300
ORD-3280,20-10-2025,C004,Delta Stores,Retail,P004,Standing Desk,Furniture,Desks,Hyderabad,Telangana,South,5,18000,15,12500
ORD-3281,16-07-2025,C003,Chola Systems,Corporate,P007,Desk Lamp,Furniture,Lighting,Kolkata,West Bengal,East,1,2200,10,1300
ORD-3282,09-02-2025,C006,Fair Mart,Consumer,P004,Standing Desk,Furniture,Desks,Delhi,Delhi,North,1,18000,0,12500
ORD-3283,26-08-2025,C007,Ganga Supplies,Retail,P008,Printer Ink,Stationery,Supplies,Chennai,Tamil Nadu,South,2,1800,0,1500
ORD-3284,26-09-2025,C005,Everest Ltd,Corporate,P008,Printer Ink,Stationery,Supplies,Delhi,Delhi,North,1,1800,10,1500
ORD-3285,19-05-2025,C007,Ganga Supplies,Retail,P001,Laptop Pro 14,Electronics,Computers,Chennai,Tamil Nadu,South,2,72000,10,52000
ORD-3286,25-11-2024,C006,Fair Mart,Consumer,P004,Standing Desk,Furniture,Desks,Bangalore,Karnataka,South,1,18000,0,12500
ORD-3287,22-09-2024,C006,Fair Mart,Consumer,P006,Monitor 27in,Electronics,Displays,Kolkata,West Bengal,East,1,24000,15,17000
ORD-3288,02-06-2025,C006,Fair Mart,Consumer,P004,Standing Desk,Furniture,Desks,Hyderabad,Telangana,South,3,18000,15,12500
ORD-3289,14-02-2024,C008,Horizon Inc,Corporate,P003,Office Chair,Furniture,Seating,Bangalore,Karnataka,South,4,8500,10,5600
ORD-3290,25-02-2024,C005,Everest Ltd,Corporate,P001,Laptop Pro 14,Electronics,Computers,Delhi,Delhi,North,3,72000,0,52000
ORD-3291,22-07-2025,C002,Bright Retail,Retail,P005,Notebook Pack,Stationery,Paper,Chennai,Tamil Nadu,South,4,350,5,180
ORD-3292,15-03-2024,C007,Ganga Supplies,Retail,P006,Monitor 27in,Electronics,Displays,Hyderabad,Telangana,South,2,24000,5,17000
ORD-3293,06-12-2024,C003,Chola Systems,Corporate,P002,Wireless Mouse,Electronics,Accessories,Delhi,Delhi,North,5,1200,5,700
ORD-3294,27-06-2024,C006,Fair Mart,Consumer,P003,Office Chair,Furniture,Seating,Kolkata,West Bengal,East,2,8500,0,5600
ORD-3295,11-01-2025,C002,Bright Retail,Retail,P008,Printer Ink,Stationery,Supplies,Kolkata,West Bengal,East,4,1800,0,1500
ORD-3296,04-09-2025,C006,Fair Mart,Consumer,P007,Desk Lamp,Furniture,Lighting,Delhi,Delhi,North,4,2200,15,1300
ORD-3297,20-04-2025,C003,Chola Systems,Corporate,P007,Desk Lamp,Furniture,Lighting,Hyderabad,Telangana,South,2,2200,15,1300
ORD-3298,11-06-2024,C004,Delta Stores,Retail,P001,Laptop Pro 14,Electronics,Computers,Hyderabad,Telangana,South,2,72000,0,52000
ORD-3299,29-09-2024,C002,Bright Retail,Retail,P006,Monitor 27in,Electronics,Displays,Hyderabad,Telangana,South,1,24000,5,17000
ORD-3300,22-09-2024,C006,Fair Mart,Consumer,P008,Printer Ink,Stationery,Supplies,Kolkata,West Bengal,East,4,1800,5,1500
ORD-3301,02-03-2025,C003,Chola Systems,Corporate,P003,Office Chair,Furniture,Seating,Bangalore,Karnataka,South,4,8500,10,5600
ORD-3302,17-06-2025,C003,Chola Systems,Corporate,P003,Office Chair,Furniture,Seating,Bangalore,Karnataka,South,4,8500,5,5600
ORD-3303,14-01-2024,C008,Horizon Inc,Corporate,P001,Laptop Pro 14,Electronics,Computers,Delhi,Delhi,North,6,72000,15,52000
ORD-3304,01-12-2025,C008,Horizon Inc,Corporate,P002,Wireless Mouse,Electronics,Accessories,Mumbai,Maharashtra,West,4,1200,0,700
ORD-3305,12-06-2024,C003,Chola Systems,Corporate,P006,Monitor 27in,Electronics,Displays,Chennai,Tamil Nadu,South,3,24000,15,17000
ORD-3306,31-05-2024,C006,Fair Mart,Consumer,P007,Desk Lamp,Furniture,Lighting,Hyderabad,Telangana,South,1,2200,10,1300
ORD-3307,24-03-2024,C007,Ganga Supplies,Retail,P004,Standing Desk,Furniture,Desks,Mumbai,Maharashtra,West,3,18000,10,12500
ORD-3308,22-01-2025,C006,Fair Mart,Consumer,P005,Notebook Pack,Stationery,Paper,Kolkata,West Bengal,East,5,350,15,180
ORD-3309,12-11-2024,C005,Everest Ltd,Corporate,P002,Wireless Mouse,Electronics,Accessories,Kolkata,West Bengal,East,4,1200,0,700
ORD-3310,30-08-2025,C007,Ganga Supplies,Retail,P001,Laptop Pro 14,Electronics,Computers,Hyderabad,Telangana,South,3,72000,10,52000
ORD-3311,23-09-2025,C008,Horizon Inc,Corporate,P007,Desk Lamp,Furniture,Lighting,Delhi,Delhi,North,1,2200,0,1300
ORD-3312,31-12-2025,C001,Aarav Traders,Corporate,P002,Wireless Mouse,Electronics,Accessories,Mumbai,Maharashtra,West,5,1200,5,700
ORD-3313,17-07-2024,C002,Bright Retail,Retail,P003,Office Chair,Furniture,Seating,Delhi,Delhi,North,3,8500,0,5600
ORD-3314,18-08-2024,C004,Delta Stores,Retail,P001,Laptop Pro 14,Electronics,Computers,Delhi,Delhi,North,3,72000,0,52000
ORD-3315,06-09-2025,C003,Chola Systems,Corporate,P001,Laptop Pro 14,Electronics,Computers,Chennai,Tamil Nadu,South,6,72000,15,52000
ORD-3316,21-10-2024,C005,Everest Ltd,Corporate,P004,Standing Desk,Furniture,Desks,Delhi,Delhi,North,2,18000,10,12500
ORD-3317,25-06-2024,C003,Chola Systems,Corporate,P007,Desk Lamp,Furniture,Lighting,Mumbai,Maharashtra,West,3,2200,5,1300
ORD-3318,24-03-2025,C007,Ganga Supplies,Retail,P004,Standing Desk,Furniture,Desks,Mumbai,Maharashtra,West,4,18000,15,12500
ORD-3319,06-07-2024,C003,Chola Systems,Corporate,P001,Laptop Pro 14,Electronics,Computers,Mumbai,Maharashtra,West,2,72000,15,52000
ORD-3320,18-02-2024,C007,Ganga Supplies,Retail,P004,Standing Desk,Furniture,Desks,Delhi,Delhi,North,1,18000,15,12500
ORD-3321,06-02-2024,C002,Bright Retail,Retail,P006,Monitor 27in,Electronics,Displays,Bangalore,Karnataka,South,2,24000,0,17000
ORD-3322,08-03-2024,C004,Delta Stores,Retail,P005,Notebook Pack,Stationery,Paper,Chennai,Tamil Nadu,South,3,350,15,180
ORD-3323,12-07-2025,C007,Ganga Supplies,Retail,P004,Standing Desk,Furniture,Desks,Hyderabad,Telangana,South,1,18000,0,12500
ORD-3324,22-11-2024,C006,Fair Mart,Consumer,P001,Laptop Pro 14,Electronics,Computers,Bangalore,Karnataka,South,9,72000,0,52000
ORD-3325,05-09-2025,C007,Ganga Supplies,Retail,P006,Monitor 27in,Electronics,Displays,Delhi,Delhi,North,4,24000,5,17000
ORD-3326,01-08-2025,C005,Everest Ltd,Corporate,P004,Standing Desk,Furniture,Desks,Bangalore,Karnataka,South,8,18000,10,12500
ORD-3327,17-12-2024,C008,Horizon Inc,Corporate,P008,Printer Ink,Stationery,Supplies,Chennai,Tamil Nadu,South,2,1800,5,1500
ORD-3328,01-05-2025,C005,Everest Ltd,Corporate,P002,Wireless Mouse,Electronics,Accessories,Delhi,Delhi,North,4,1200,0,700
ORD-3329,06-03-2025,C007,Ganga Supplies,Retail,P005,Notebook Pack,Stationery,Paper,Hyderabad,Telangana,South,1,350,10,180
ORD-3330,13-03-2025,C002,Bright Retail,Retail,P007,Desk Lamp,Furniture,Lighting,Mumbai,Maharashtra,West,2,2200,0,1300
ORD-3331,19-09-2024,C008,Horizon Inc,Corporate,P008,Printer Ink,Stationery,Supplies,Delhi,Delhi,North,3,1800,10,1500
ORD-3332,01-02-2024,C001,Aarav Traders,Corporate,P004,Standing Desk,Furniture,Desks,Hyderabad,Telangana,South,3,18000,10,12500
ORD-3333,15-04-2025,C001,Aarav Traders,Corporate,P005,Notebook Pack,Stationery,Paper,Mumbai,Maharashtra,West,4,350,10,180
ORD-3334,04-08-2025,C001,Aarav Traders,Corporate,P008,Printer Ink,Stationery,Supplies,Chennai,Tamil Nadu,South,1,1800,0,1500
ORD-3335,02-06-2024,C005,Everest Ltd,Corporate,P002,Wireless Mouse,Electronics,Accessories,Kolkata,West Bengal,East,1,1200,10,700
ORD-3336,21-04-2025,C008,Horizon Inc,Corporate,P005,Notebook Pack,Stationery,Paper,Bangalore,Karnataka,South,2,350,10,180
ORD-3337,14-11-2025,C001,Aarav Traders,Corporate,P002,Wireless Mouse,Electronics,Accessories,Delhi,Delhi,North,6,1200,0,700
ORD-3338,16-08-2024,C005,Everest Ltd,Corporate,P001,Laptop Pro 14,Electronics,Computers,Chennai,Tamil Nadu,South,4,72000,5,52000
ORD-3339,17-05-2025,C002,Bright Retail,Retail,P006,Monitor 27in,Electronics,Displays,Chennai,Tamil Nadu,South,4,24000,15,17000
ORD-3340,05-04-2024,C006,Fair Mart,Consumer,P005,Notebook Pack,Stationery,Paper,Chennai,Tamil Nadu,South,4,350,10,180
ORD-3341,19-01-2025,C008,Horizon Inc,Corporate,P002,Wireless Mouse,Electronics,Accessories,Mumbai,Maharashtra,West,4,1200,0,700
ORD-3342,02-08-2024,C004,Delta Stores,Retail,P006,Monitor 27in,Electronics,Displays,Mumbai,Maharashtra,West,1,24000,10,17000
ORD-3343,04-02-2025,C001,Aarav Traders,Corporate,P002,Wireless Mouse,Electronics,Accessories,Hyderabad,Telangana,South,3,1200,0,700
ORD-3344,03-12-2025,C004,Delta Stores,Retail,P002,Wireless Mouse,Electronics,Accessories,Delhi,Delhi,North,4,1200,5,700
ORD-3345,25-09-2024,C006,Fair Mart,Consumer,P001,Laptop Pro 14,Electronics,Computers,Mumbai,Maharashtra,West,2,72000,15,52000
ORD-3346,23-02-2025,C006,Fair Mart,Consumer,P007,Desk Lamp,Furniture,Lighting,Mumbai,Maharashtra,West,3,2200,0,1300
ORD-3347,26-09-2025,C006,Fair Mart,Consumer,P008,Printer Ink,Stationery,Supplies,Bangalore,Karnataka,South,1,1800,10,1500
ORD-3348,30-05-2025,C006,Fair Mart,Consumer,P006,Monitor 27in,Electronics,Displays,Hyderabad,Telangana,South,1,24000,0,17000
ORD-3349,15-03-2025,C005,Everest Ltd,Corporate,P008,Printer Ink,Stationery,Supplies,Mumbai,Maharashtra,West,3,1800,15,1500
ORD-3350,17-06-2024,C006,Fair Mart,Consumer,P007,Desk Lamp,Furniture,Lighting,Bangalore,Karnataka,South,4,2200,15,1300
ORD-3351,30-03-2024,C004,Delta Stores,Retail,P004,Standing Desk,Furniture,Desks,Kolkata,West Bengal,East,6,18000,10,12500
ORD-3352,25-09-2025,C003,Chola Systems,Corporate,P003,Office Chair,Furniture,Seating,Chennai,Tamil Nadu,South,1,8500,0,5600
ORD-3353,07-11-2024,C004,Delta Stores,Retail,P007,Desk Lamp,Furniture,Lighting,Kolkata,West Bengal,East,2,2200,5,1300
ORD-3354,12-01-2025,C001,Aarav Traders,Corporate,P002,Wireless Mouse,Electronics,Accessories,Delhi,Delhi,North,3,1200,5,700
ORD-3355,16-01-2024,C007,Ganga Supplies,Retail,P007,Desk Lamp,Furniture,Lighting,Kolkata,West Bengal,East,2,2200,15,1300
ORD-3356,01-11-2024,C006,Fair Mart,Consumer,P001,Laptop Pro 14,Electronics,Computers,Bangalore,Karnataka,South,4,72000,5,52000
ORD-3357,31-08-2025,C007,Ganga Supplies,Retail,P008,Printer Ink,Stationery,Supplies,Bangalore,Karnataka,South,1,1800,0,1500
ORD-3358,29-04-2025,C005,Everest Ltd,Corporate,P007,Desk Lamp,Furniture,Lighting,Delhi,Delhi,North,1,2200,15,1300
ORD-3359,24-09-2025,C005,Everest Ltd,Corporate,P006,Monitor 27in,Electronics,Displays,Kolkata,West Bengal,East,5,24000,10,17000
ORD-3360,24-02-2025,C002,Bright Retail,Retail,P001,Laptop Pro 14,Electronics,Computers,Bangalore,Karnataka,South,1,72000,0,52000
ORD-3361,31-03-2025,C008,Horizon Inc,Corporate,P008,Printer Ink,Stationery,Supplies,Hyderabad,Telangana,South,5,1800,10,1500
ORD-3362,26-10-2024,C002,Bright Retail,Retail,P001,Laptop Pro 14,Electronics,Computers,Hyderabad,Telangana,South,4,72000,0,52000
ORD-3363,06-05-2025,C008,Horizon Inc,Corporate,P001,Laptop Pro 14,Electronics,Computers,Mumbai,Maharashtra,West,3,72000,10,52000
ORD-3364,01-03-2024,C005,Everest Ltd,Corporate,P004,Standing Desk,Furniture,Desks,Hyderabad,Telangana,South,3,18000,0,12500
ORD-3365,17-03-2025,C005,Everest Ltd,Corporate,P002,Wireless Mouse,Electronics,Accessories,Hyderabad,Telangana,South,3,1200,0,700
ORD-3366,21-03-2025,C004,Delta Stores,Retail,P005,Notebook Pack,Stationery,Paper,Bangalore,Karnataka,South,3,350,0,180
ORD-3367,22-11-2025,C005,Everest Ltd,Corporate,P005,Notebook Pack,Stationery,Paper,Hyderabad,Telangana,South,4,350,10,180
ORD-3368,20-06-2024,C001,Aarav Traders,Corporate,P001,Laptop Pro 14,Electronics,Computers,Delhi,Delhi,North,1,72000,15,52000
ORD-3369,13-06-2025,C002,Bright Retail,Retail,P007,Desk Lamp,Furniture,Lighting,Chennai,Tamil Nadu,South,2,2200,15,1300
ORD-3370,18-03-2024,C006,Fair Mart,Consumer,P006,Monitor 27in,Electronics,Displays,Delhi,Delhi,North,4,24000,10,17000
ORD-3371,03-09-2025,C002,Bright Retail,Retail,P003,Office Chair,Furniture,Seating,Delhi,Delhi,North,3,8500,0,5600
ORD-3372,11-01-2024,C007,Ganga Supplies,Retail,P003,Office Chair,Furniture,Seating,Delhi,Delhi,North,1,8500,10,5600
ORD-3373,14-05-2024,C007,Ganga Supplies,Retail,P008,Printer Ink,Stationery,Supplies,Mumbai,Maharashtra,West,3,1800,0,1500
ORD-3374,18-01-2024,C003,Chola Systems,Corporate,P003,Office Chair,Furniture,Seating,Kolkata,West Bengal,East,4,8500,0,5600
ORD-3375,20-06-2025,C002,Bright Retail,Retail,P005,Notebook Pack,Stationery,Paper,Kolkata,West Bengal,East,2,350,0,180
ORD-3376,05-12-2024,C007,Ganga Supplies,Retail,P003,Office Chair,Furniture,Seating,Bangalore,Karnataka,South,4,8500,0,5600
ORD-3377,16-12-2025,C007,Ganga Supplies,Retail,P004,Standing Desk,Furniture,Desks,Delhi,Delhi,North,5,18000,0,12500
ORD-3378,23-04-2025,C003,Chola Systems,Corporate,P002,Wireless Mouse,Electronics,Accessories,Hyderabad,Telangana,South,2,1200,5,700
ORD-3379,06-12-2024,C003,Chola Systems,Corporate,P004,Standing Desk,Furniture,Desks,Mumbai,Maharashtra,West,2,18000,0,12500
ORD-3380,27-08-2025,C004,Delta Stores,Retail,P008,Printer Ink,Stationery,Supplies,Bangalore,Karnataka,South,1,1800,10,1500
ORD-3381,23-04-2024,C002,Bright Retail,Retail,P004,Standing Desk,Furniture,Desks,Bangalore,Karnataka,South,4,18000,0,12500
ORD-3382,18-02-2024,C002,Bright Retail,Retail,P002,Wireless Mouse,Electronics,Accessories,Bangalore,Karnataka,South,4,1200,5,700
ORD-3383,14-07-2025,C001,Aarav Traders,Corporate,P007,Desk Lamp,Furniture,Lighting,Delhi,Delhi,North,3,2200,15,1300
ORD-3384,06-09-2024,C001,Aarav Traders,Corporate,P005,Notebook Pack,Stationery,Paper,Delhi,Delhi,North,3,350,15,180
ORD-3385,22-04-2024,C006,Fair Mart,Consumer,P008,Printer Ink,Stationery,Supplies,Delhi,Delhi,North,4,1800,0,1500
ORD-3386,23-05-2024,C007,Ganga Supplies,Retail,P005,Notebook Pack,Stationery,Paper,Kolkata,West Bengal,East,5,350,0,180
ORD-3387,24-10-2025,C003,Chola Systems,Corporate,P008,Printer Ink,Stationery,Supplies,Delhi,Delhi,North,5,1800,10,1500
ORD-3388,20-10-2024,C007,Ganga Supplies,Retail,P005,Notebook Pack,Stationery,Paper,Bangalore,Karnataka,South,2,350,0,180
ORD-3389,17-10-2024,C004,Delta Stores,Retail,P007,Desk Lamp,Furniture,Lighting,Mumbai,Maharashtra,West,1,2200,5,1300
ORD-3390,04-06-2025,C006,Fair Mart,Consumer,P007,Desk Lamp,Furniture,Lighting,Delhi,Delhi,North,3,2200,0,1300
ORD-3391,25-11-2024,C005,Everest Ltd,Corporate,P006,Monitor 27in,Electronics,Displays,Bangalore,Karnataka,South,6,24000,10,17000
ORD-3392,27-01-2024,C004,Delta Stores,Retail,P008,Printer Ink,Stationery,Supplies,Hyderabad,Telangana,South,5,1800,5,1500
ORD-3393,06-07-2025,C004,Delta Stores,Retail,P007,Desk Lamp,Furniture,Lighting,Chennai,Tamil Nadu,South,4,2200,10,1300
ORD-3394,26-02-2025,C006,Fair Mart,Consumer,P006,Monitor 27in,Electronics,Displays,Bangalore,Karnataka,South,3,24000,15,17000
ORD-3395,24-04-2025,C007,Ganga Supplies,Retail,P002,Wireless Mouse,Electronics,Accessories,Mumbai,Maharashtra,West,1,1200,0,700
ORD-3396,07-06-2024,C008,Horizon Inc,Corporate,P007,Desk Lamp,Furniture,Lighting,Bangalore,Karnataka,South,1,2200,5,1300
ORD-3397,04-04-2025,C005,Everest Ltd,Corporate,P002,Wireless Mouse,Electronics,Accessories,Kolkata,West Bengal,East,3,1200,15,700
ORD-3398,05-02-2024,C003,Chola Systems,Corporate,P006,Monitor 27in,Electronics,Displays,Hyderabad,Telangana,South,4,24000,5,17000
ORD-3399,07-03-2025,C007,Ganga Supplies,Retail,P006,Monitor 27in,Electronics,Displays,Hyderabad,Telangana,South,6,24000,15,17000
ORD-3400,13-08-2025,C004,Delta Stores,Retail,P007,Desk Lamp,Furniture,Lighting,Bangalore,Karnataka,South,2,2200,5,1300
ORD-3401,07-01-2025,C006,Fair Mart,Consumer,P008,Printer Ink,Stationery,Supplies,Hyderabad,Telangana,South,5,1800,0,1500
ORD-3402,14-04-2025,C008,Horizon Inc,Corporate,P008,Printer Ink,Stationery,Supplies,Bangalore,Karnataka,South,4,1800,0,1500
ORD-3403,09-03-2024,C001,Aarav Traders,Corporate,P003,Office Chair,Furniture,Seating,Hyderabad,Telangana,South,3,8500,10,5600
ORD-3404,04-06-2025,C006,Fair Mart,Consumer,P007,Desk Lamp,Furniture,Lighting,Bangalore,Karnataka,South,1,2200,10,1300
ORD-3405,06-03-2025,C007,Ganga Supplies,Retail,P006,Monitor 27in,Electronics,Displays,Mumbai,Maharashtra,West,3,24000,0,17000
ORD-3406,17-04-2025,C006,Fair Mart,Consumer,P001,Laptop Pro 14,Electronics,Computers,Kolkata,West Bengal,East,6,72000,5,52000
ORD-3407,04-07-2025,C004,Delta Stores,Retail,P008,Printer Ink,Stationery,Supplies,Delhi,Delhi,North,1,1800,10,1500
ORD-3408,04-08-2025,C004,Delta Stores,Retail,P002,Wireless Mouse,Electronics,Accessories,Bangalore,Karnataka,South,5,1200,5,700
ORD-3409,03-11-2025,C005,Everest Ltd,Corporate,P005,Notebook Pack,Stationery,Paper,Kolkata,West Bengal,East,6,350,15,180
ORD-3410,03-02-2024,C004,Delta Stores,Retail,P001,Laptop Pro 14,Electronics,Computers,Kolkata,West Bengal,East,1,72000,15,52000
ORD-3411,07-09-2024,C005,Everest Ltd,Corporate,P005,Notebook Pack,Stationery,Paper,Kolkata,West Bengal,East,2,350,0,180
ORD-3412,02-06-2025,C007,Ganga Supplies,Retail,P003,Office Chair,Furniture,Seating,Chennai,Tamil Nadu,South,4,8500,0,5600
ORD-3413,24-08-2024,C007,Ganga Supplies,Retail,P006,Monitor 27in,Electronics,Displays,Chennai,Tamil Nadu,South,1,24000,5,17000
ORD-3414,11-01-2025,C003,Chola Systems,Corporate,P003,Office Chair,Furniture,Seating,Delhi,Delhi,North,1,8500,15,5600
ORD-3415,23-08-2024,C004,Delta Stores,Retail,P005,Notebook Pack,Stationery,Paper,Hyderabad,Telangana,South,2,350,0,180
ORD-3416,22-05-2024,C003,Chola Systems,Corporate,P001,Laptop Pro 14,Electronics,Computers,Kolkata,West Bengal,East,4,72000,10,52000
ORD-3417,07-08-2024,C004,Delta Stores,Retail,P004,Standing Desk,Furniture,Desks,Kolkata,West Bengal,East,2,18000,10,12500
ORD-3418,16-04-2024,C006,Fair Mart,Consumer,P004,Standing Desk,Furniture,Desks,Delhi,Delhi,North,3,18000,0,12500
ORD-3419,23-08-2024,C008,Horizon Inc,Corporate,P006,Monitor 27in,Electronics,Displays,Bangalore,Karnataka,South,1,24000,15,17000
ORD-3420,06-09-2024,C008,Horizon Inc,Corporate,P003,Office Chair,Furniture,Seating,Delhi,Delhi,North,5,8500,0,5600
ORD-3421,21-10-2024,C001,Aarav Traders,Corporate,P004,Standing Desk,Furniture,Desks,Hyderabad,Telangana,South,2,18000,0,12500
ORD-3422,17-03-2025,C007,Ganga Supplies,Retail,P004,Standing Desk,Furniture,Desks,Hyderabad,Telangana,South,5,18000,10,12500
ORD-3423,21-09-2024,C008,Horizon Inc,Corporate,P007,Desk Lamp,Furniture,Lighting,Delhi,Delhi,North,6,2200,0,1300
ORD-3424,26-05-2024,C002,Bright Retail,Retail,P001,Laptop Pro 14,Electronics,Computers,Mumbai,Maharashtra,West,7,72000,5,52000
ORD-3425,29-10-2024,C006,Fair Mart,Consumer,P007,Desk Lamp,Furniture,Lighting,Delhi,Delhi,North,6,2200,15,1300
ORD-3426,14-08-2024,C002,Bright Retail,Retail,P003,Office Chair,Furniture,Seating,Delhi,Delhi,North,5,8500,5,5600
ORD-3427,02-03-2025,C004,Delta Stores,Retail,P004,Standing Desk,Furniture,Desks,Chennai,Tamil Nadu,South,1,18000,0,12500
ORD-3428,13-05-2024,C006,Fair Mart,Consumer,P007,Desk Lamp,Furniture,Lighting,Bangalore,Karnataka,South,5,2200,0,1300
ORD-3429,13-08-2024,C007,Ganga Supplies,Retail,P008,Printer Ink,Stationery,Supplies,Chennai,Tamil Nadu,South,2,1800,0,1500
ORD-3430,15-10-2025,C003,Chola Systems,Corporate,P003,Office Chair,Furniture,Seating,Hyderabad,Telangana,South,1,8500,0,5600
ORD-3431,11-07-2025,C008,Horizon Inc,Corporate,P007,Desk Lamp,Furniture,Lighting,Chennai,Tamil Nadu,South,2,2200,0,1300
ORD-3432,02-09-2025,C006,Fair Mart,Consumer,P003,Office Chair,Furniture,Seating,Hyderabad,Telangana,South,4,8500,10,5600
ORD-3433,14-01-2025,C001,Aarav Traders,Corporate,P001,Laptop Pro 14,Electronics,Computers,Mumbai,Maharashtra,West,1,72000,5,52000
ORD-3434,25-02-2025,C002,Bright Retail,Retail,P003,Office Chair,Furniture,Seating,Delhi,Delhi,North,5,8500,10,5600
ORD-3435,23-10-2025,C001,Aarav Traders,Corporate,P003,Office Chair,Furniture,Seating,Bangalore,Karnataka,South,4,8500,5,5600
ORD-3436,22-08-2024,C003,Chola Systems,Corporate,P004,Standing Desk,Furniture,Desks,Kolkata,West Bengal,East,2,18000,10,12500
ORD-3437,08-05-2024,C003,Chola Systems,Corporate,P001,Laptop Pro 14,Electronics,Computers,Hyderabad,Telangana,South,4,72000,15,52000
ORD-3438,22-03-2025,C007,Ganga Supplies,Retail,P007,Desk Lamp,Furniture,Lighting,Mumbai,Maharashtra,West,5,2200,0,1300
ORD-3439,22-06-2024,C004,Delta Stores,Retail,P005,Notebook Pack,Stationery,Paper,Mumbai,Maharashtra,West,1,350,5,180
ORD-3440,02-03-2024,C007,Ganga Supplies,Retail,P003,Office Chair,Furniture,Seating,Bangalore,Karnataka,South,3,8500,5,5600
ORD-3441,30-09-2024,C001,Aarav Traders,Corporate,P004,Standing Desk,Furniture,Desks,Kolkata,West Bengal,East,1,18000,15,12500
ORD-3442,17-07-2025,C004,Delta Stores,Retail,P002,Wireless Mouse,Electronics,Accessories,Delhi,Delhi,North,1,1200,5,700
ORD-3443,10-10-2025,C003,Chola Systems,Corporate,P005,Notebook Pack,Stationery,Paper,Chennai,Tamil Nadu,South,2,350,10,180
ORD-3444,08-12-2024,C003,Chola Systems,Corporate,P007,Desk Lamp,Furniture,Lighting,Delhi,Delhi,North,2,2200,15,1300
ORD-3445,21-12-2025,C002,Bright Retail,Retail,P005,Notebook Pack,Stationery,Paper,Chennai,Tamil Nadu,South,5,350,15,180
ORD-3446,09-02-2025,C008,Horizon Inc,Corporate,P005,Notebook Pack,Stationery,Paper,Bangalore,Karnataka,South,4,350,10,180
ORD-3447,19-03-2024,C004,Delta Stores,Retail,P006,Monitor 27in,Electronics,Displays,Delhi,Delhi,North,2,24000,15,17000
ORD-3448,10-02-2024,C002,Bright Retail,Retail,P005,Notebook Pack,Stationery,Paper,Kolkata,West Bengal,East,5,350,0,180
ORD-3449,01-05-2024,C007,Ganga Supplies,Retail,P007,Desk Lamp,Furniture,Lighting,Bangalore,Karnataka,South,4,2200,15,1300
ORD-3450,22-05-2025,C006,Fair Mart,Consumer,P005,Notebook Pack,Stationery,Paper,Kolkata,West Bengal,East,3,350,10,180
ORD-3451,28-04-2024,C007,Ganga Supplies,Retail,P002,Wireless Mouse,Electronics,Accessories,Mumbai,Maharashtra,West,2,1200,15,700
ORD-3452,08-11-2024,C003,Chola Systems,Corporate,P007,Desk Lamp,Furniture,Lighting,Kolkata,West Bengal,East,1,2200,10,1300
ORD-3453,22-04-2024,C006,Fair Mart,Consumer,P007,Desk Lamp,Furniture,Lighting,Mumbai,Maharashtra,West,5,2200,0,1300
ORD-3454,02-08-2025,C007,Ganga Supplies,Retail,P007,Desk Lamp,Furniture,Lighting,Bangalore,Karnataka,South,5,2200,15,1300
ORD-3455,26-01-2024,C004,Delta Stores,Retail,P007,Desk Lamp,Furniture,Lighting,Hyderabad,Telangana,South,2,2200,0,1300
ORD-3456,02-08-2025,C003,Chola Systems,Corporate,P006,Monitor 27in,Electronics,Displays,Mumbai,Maharashtra,West,2,24000,15,17000
ORD-3457,06-07-2025,C007,Ganga Supplies,Retail,P004,Standing Desk,Furniture,Desks,Chennai,Tamil Nadu,South,1,18000,10,12500
ORD-3458,01-06-2024,C007,Ganga Supplies,Retail,P004,Standing Desk,Furniture,Desks,Kolkata,West Bengal,East,3,18000,0,12500
ORD-3459,25-07-2024,C006,Fair Mart,Consumer,P001,Laptop Pro 14,Electronics,Computers,Kolkata,West Bengal,East,2,72000,5,52000
ORD-3460,22-10-2025,C007,Ganga Supplies,Retail,P007,Desk Lamp,Furniture,Lighting,Mumbai,Maharashtra,West,2,2200,5,1300
ORD-3461,16-08-2025,C005,Everest Ltd,Corporate,P006,Monitor 27in,Electronics,Displays,Delhi,Delhi,North,1,24000,5,17000
ORD-3462,26-04-2025,C001,Aarav Traders,Corporate,P005,Notebook Pack,Stationery,Paper,Bangalore,Karnataka,South,1,350,10,180
ORD-3463,18-12-2025,C006,Fair Mart,Consumer,P001,Laptop Pro 14,Electronics,Computers,Hyderabad,Telangana,South,6,72000,0,52000
ORD-3464,04-04-2024,C001,Aarav Traders,Corporate,P006,Monitor 27in,Electronics,Displays,Hyderabad,Telangana,South,2,24000,0,17000
ORD-3465,25-04-2024,C006,Fair Mart,Consumer,P001,Laptop Pro 14,Electronics,Computers,Mumbai,Maharashtra,West,4,72000,15,52000
ORD-3466,30-03-2024,C007,Ganga Supplies,Retail,P004,Standing Desk,Furniture,Desks,Delhi,Delhi,North,5,18000,0,12500
ORD-3467,12-11-2024,C002,Bright Retail,Retail,P008,Printer Ink,Stationery,Supplies,Chennai,Tamil Nadu,South,9,1800,0,1500
ORD-3468,08-09-2025,C006,Fair Mart,Consumer,P008,Printer Ink,Stationery,Supplies,Mumbai,Maharashtra,West,2,1800,0,1500
ORD-3469,30-08-2025,C005,Everest Ltd,Corporate,P002,Wireless Mouse,Electronics,Accessories,Bangalore,Karnataka,South,1,1200,15,700
ORD-3470,06-08-2024,C008,Horizon Inc,Corporate,P007,Desk Lamp,Furniture,Lighting,Kolkata,West Bengal,East,3,2200,5,1300
ORD-3471,19-03-2025,C008,Horizon Inc,Corporate,P006,Monitor 27in,Electronics,Displays,Mumbai,Maharashtra,West,2,24000,0,17000
ORD-3472,15-01-2025,C005,Everest Ltd,Corporate,P005,Notebook Pack,Stationery,Paper,Mumbai,Maharashtra,West,5,350,0,180
ORD-3473,15-03-2024,C005,Everest Ltd,Corporate,P007,Desk Lamp,Furniture,Lighting,Mumbai,Maharashtra,West,3,2200,0,1300
ORD-3474,05-07-2025,C008,Horizon Inc,Corporate,P002,Wireless Mouse,Electronics,Accessories,Mumbai,Maharashtra,West,3,1200,0,700
ORD-3475,13-10-2024,C006,Fair Mart,Consumer,P008,Printer Ink,Stationery,Supplies,Hyderabad,Telangana,South,4,1800,5,1500
ORD-3476,25-11-2025,C005,Everest Ltd,Corporate,P005,Notebook Pack,Stationery,Paper,Hyderabad,Telangana,South,6,350,0,180
ORD-3477,12-12-2024,C002,Bright Retail,Retail,P003,Office Chair,Furniture,Seating,Mumbai,Maharashtra,West,4,8500,0,5600
ORD-3478,07-08-2025,C006,Fair Mart,Consumer,P007,Desk Lamp,Furniture,Lighting,Bangalore,Karnataka,South,3,2200,5,1300
ORD-3479,09-07-2025,C001,Aarav Traders,Corporate,P001,Laptop Pro 14,Electronics,Computers,Kolkata,West Bengal,East,1,72000,15,52000
ORD-3480,31-01-2024,C007,Ganga Supplies,Retail,P003,Office Chair,Furniture,Seating,Chennai,Tamil Nadu,South,5,8500,0,5600
ORD-3481,25-04-2025,C001,Aarav Traders,Corporate,P006,Monitor 27in,Electronics,Displays,Kolkata,West Bengal,East,4,24000,10,17000
ORD-3482,09-08-2024,C008,Horizon Inc,Corporate,P008,Printer Ink,Stationery,Supplies,Bangalore,Karnataka,South,2,1800,0,1500
ORD-3483,26-04-2025,C002,Bright Retail,Retail,P006,Monitor 27in,Electronics,Displays,Kolkata,West Bengal,East,1,24000,0,17000
ORD-3484,27-02-2025,C003,Chola Systems,Corporate,P002,Wireless Mouse,Electronics,Accessories,Hyderabad,Telangana,South,3,1200,0,700
ORD-3485,21-11-2024,C004,Delta Stores,Retail,P008,Printer Ink,Stationery,Supplies,Mumbai,Maharashtra,West,6,1800,5,1500
ORD-3486,05-01-2024,C002,Bright Retail,Retail,P007,Desk Lamp,Furniture,Lighting,Kolkata,West Bengal,East,3,2200,0,1300
ORD-3487,06-09-2025,C006,Fair Mart,Consumer,P005,Notebook Pack,Stationery,Paper,Kolkata,West Bengal,East,3,350,15,180
ORD-3488,21-01-2025,C007,Ganga Supplies,Retail,P003,Office Chair,Furniture,Seating,Mumbai,Maharashtra,West,4,8500,5,5600
ORD-3489,03-01-2025,C004,Delta Stores,Retail,P007,Desk Lamp,Furniture,Lighting,Delhi,Delhi,North,2,2200,0,1300
ORD-3490,08-03-2025,C006,Fair Mart,Consumer,P006,Monitor 27in,Electronics,Displays,Bangalore,Karnataka,South,2,24000,15,17000
ORD-3491,12-04-2024,C001,Aarav Traders,Corporate,P002,Wireless Mouse,Electronics,Accessories,Bangalore,Karnataka,South,4,1200,5,700
ORD-3492,15-10-2024,C005,Everest Ltd,Corporate,P005,Notebook Pack,Stationery,Paper,Chennai,Tamil Nadu,South,2,350,5,180
ORD-3493,29-06-2025,C008,Horizon Inc,Corporate,P007,Desk Lamp,Furniture,Lighting,Kolkata,West Bengal,East,2,2200,15,1300
ORD-3494,31-07-2025,C001,Aarav Traders,Corporate,P007,Desk Lamp,Furniture,Lighting,Kolkata,West Bengal,East,1,2200,10,1300
ORD-3495,06-11-2025,C002,Bright Retail,Retail,P006,Monitor 27in,Electronics,Displays,Bangalore,Karnataka,South,6,24000,0,17000
ORD-3496,15-05-2024,C002,Bright Retail,Retail,P002,Wireless Mouse,Electronics,Accessories,Mumbai,Maharashtra,West,4,1200,0,700
ORD-3497,11-02-2024,C002,Bright Retail,Retail,P007,Desk Lamp,Furniture,Lighting,Kolkata,West Bengal,East,6,2200,0,1300
ORD-3498,04-09-2024,C005,Everest Ltd,Corporate,P008,Printer Ink,Stationery,Supplies,Kolkata,West Bengal,East,1,1800,0,1500
ORD-3499,16-03-2025,C002,Bright Retail,Retail,P005,Notebook Pack,Stationery,Paper,Kolkata,West Bengal,East,1,350,5,180
ORD-3500,22-05-2024,C006,Fair Mart,Consumer,P007,Desk Lamp,Furniture,Lighting,Bangalore,Karnataka,South,3,2200,5,1300
ORD-3501,04-02-2024,C002,Bright Retail,Retail,P008,Printer Ink,Stationery,Supplies,Mumbai,Maharashtra,West,2,1800,10,1500
ORD-3502,22-02-2024,C005,Everest Ltd,Corporate,P007,Desk Lamp,Furniture,Lighting,Delhi,Delhi,North,3,2200,5,1300
ORD-3503,27-11-2025,C008,Horizon Inc,Corporate,P004,Standing Desk,Furniture,Desks,Mumbai,Maharashtra,West,4,18000,0,12500
ORD-3504,19-08-2024,C006,Fair Mart,Consumer,P004,Standing Desk,Furniture,Desks,Chennai,Tamil Nadu,South,1,18000,15,12500
ORD-3505,02-10-2024,C003,Chola Systems,Corporate,P003,Office Chair,Furniture,Seating,Chennai,Tamil Nadu,South,2,8500,0,5600
ORD-3506,01-10-2024,C007,Ganga Supplies,Retail,P006,Monitor 27in,Electronics,Displays,Delhi,Delhi,North,1,24000,15,17000
ORD-3507,14-03-2024,C001,Aarav Traders,Corporate,P003,Office Chair,Furniture,Seating,Hyderabad,Telangana,South,2,8500,0,5600
ORD-3508,23-09-2025,C001,Aarav Traders,Corporate,P001,Laptop Pro 14,Electronics,Computers,Mumbai,Maharashtra,West,1,72000,5,52000
ORD-3509,26-01-2024,C006,Fair Mart,Consumer,P007,Desk Lamp,Furniture,Lighting,Hyderabad,Telangana,South,2,2200,10,1300
ORD-3510,20-03-2025,C006,Fair Mart,Consumer,P004,Standing Desk,Furniture,Desks,Chennai,Tamil Nadu,South,1,18000,5,12500
ORD-3511,15-04-2025,C008,Horizon Inc,Corporate,P002,Wireless Mouse,Electronics,Accessories,Hyderabad,Telangana,South,1,1200,5,700
ORD-3512,08-05-2025,C004,Delta Stores,Retail,P008,Printer Ink,Stationery,Supplies,Mumbai,Maharashtra,West,6,1800,5,1500
ORD-3513,21-05-2025,C005,Everest Ltd,Corporate,P004,Standing Desk,Furniture,Desks,Mumbai,Maharashtra,West,5,18000,0,12500
ORD-3514,22-10-2025,C007,Ganga Supplies,Retail,P007,Desk Lamp,Furniture,Lighting,Bangalore,Karnataka,South,2,2200,10,1300
ORD-3515,09-05-2024,C008,Horizon Inc,Corporate,P005,Notebook Pack,Stationery,Paper,Kolkata,West Bengal,East,5,350,15,180
ORD-3516,31-03-2024,C004,Delta Stores,Retail,P002,Wireless Mouse,Electronics,Accessories,Bangalore,Karnataka,South,4,1200,0,700
ORD-3517,09-02-2024,C008,Horizon Inc,Corporate,P003,Office Chair,Furniture,Seating,Chennai,Tamil Nadu,South,8,8500,15,5600
ORD-3518,25-02-2025,C002,Bright Retail,Retail,P001,Laptop Pro 14,Electronics,Computers,Kolkata,West Bengal,East,1,72000,0,52000
ORD-3519,20-05-2024,C006,Fair Mart,Consumer,P001,Laptop Pro 14,Electronics,Computers,Hyderabad,Telangana,South,3,72000,15,52000
ORD-3520,01-04-2025,C006,Fair Mart,Consumer,P005,Notebook Pack,Stationery,Paper,Bangalore,Karnataka,South,2,350,15,180
ORD-3521,23-10-2025,C006,Fair Mart,Consumer,P007,Desk Lamp,Furniture,Lighting,Chennai,Tamil Nadu,South,2,2200,5,1300
ORD-3522,10-10-2024,C007,Ganga Supplies,Retail,P004,Standing Desk,Furniture,Desks,Chennai,Tamil Nadu,South,1,18000,10,12500
ORD-3523,02-09-2024,C007,Ganga Supplies,Retail,P005,Notebook Pack,Stationery,Paper,Bangalore,Karnataka,South,1,350,0,180
ORD-3524,21-03-2024,C007,Ganga Supplies,Retail,P004,Standing Desk,Furniture,Desks,Kolkata,West Bengal,East,7,18000,0,12500
ORD-3525,29-03-2024,C005,Everest Ltd,Corporate,P007,Desk Lamp,Furniture,Lighting,Delhi,Delhi,North,5,2200,10,1300
ORD-3526,17-12-2024,C001,Aarav Traders,Corporate,P001,Laptop Pro 14,Electronics,Computers,Bangalore,Karnataka,South,4,72000,15,52000
ORD-3527,19-01-2025,C003,Chola Systems,Corporate,P005,Notebook Pack,Stationery,Paper,Chennai,Tamil Nadu,South,1,350,0,180
ORD-3528,07-08-2025,C003,Chola Systems,Corporate,P001,Laptop Pro 14,Electronics,Computers,Mumbai,Maharashtra,West,3,72000,0,52000
ORD-3529,18-08-2025,C004,Delta Stores,Retail,P007,Desk Lamp,Furniture,Lighting,Mumbai,Maharashtra,West,5,2200,0,1300
ORD-3530,12-06-2024,C005,Everest Ltd,Corporate,P006,Monitor 27in,Electronics,Displays,Mumbai,Maharashtra,West,3,24000,10,17000
ORD-3531,09-12-2025,C001,Aarav Traders,Corporate,P003,Office Chair,Furniture,Seating,Hyderabad,Telangana,South,2,8500,0,5600
ORD-3532,26-08-2024,C005,Everest Ltd,Corporate,P002,Wireless Mouse,Electronics,Accessories,Delhi,Delhi,North,3,1200,15,700
ORD-3533,23-07-2024,C007,Ganga Supplies,Retail,P006,Monitor 27in,Electronics,Displays,Mumbai,Maharashtra,West,1,24000,10,17000
ORD-3534,06-06-2025,C007,Ganga Supplies,Retail,P008,Printer Ink,Stationery,Supplies,Chennai,Tamil Nadu,South,7,1800,5,1500
ORD-3535,17-10-2024,C003,Chola Systems,Corporate,P006,Monitor 27in,Electronics,Displays,Bangalore,Karnataka,South,6,24000,5,17000
ORD-3536,17-07-2024,C002,Bright Retail,Retail,P002,Wireless Mouse,Electronics,Accessories,Hyderabad,Telangana,South,1,1200,5,700
ORD-3537,09-06-2025,C003,Chola Systems,Corporate,P006,Monitor 27in,Electronics,Displays,Hyderabad,Telangana,South,1,24000,10,17000
ORD-3538,21-05-2025,C006,Fair Mart,Consumer,P003,Office Chair,Furniture,Seating,Bangalore,Karnataka,South,4,8500,5,5600
ORD-3539,15-05-2024,C005,Everest Ltd,Corporate,P006,Monitor 27in,Electronics,Displays,Bangalore,Karnataka,South,2,24000,0,17000
ORD-3540,31-08-2024,C002,Bright Retail,Retail,P007,Desk Lamp,Furniture,Lighting,Bangalore,Karnataka,South,1,2200,15,1300
ORD-3541,18-07-2024,C008,Horizon Inc,Corporate,P004,Standing Desk,Furniture,Desks,Chennai,Tamil Nadu,South,4,18000,0,12500
ORD-3542,21-08-2024,C001,Aarav Traders,Corporate,P008,Printer Ink,Stationery,Supplies,Kolkata,West Bengal,East,6,1800,0,1500
ORD-3543,17-02-2025,C005,Everest Ltd,Corporate,P008,Printer Ink,Stationery,Supplies,Kolkata,West Bengal,East,4,1800,0,1500
ORD-3544,24-06-2025,C004,Delta Stores,Retail,P006,Monitor 27in,Electronics,Displays,Chennai,Tamil Nadu,South,1,24000,0,17000
ORD-3545,05-03-2025,C007,Ganga Supplies,Retail,P005,Notebook Pack,Stationery,Paper,Kolkata,West Bengal,East,2,350,0,180
ORD-3546,01-05-2025,C004,Delta Stores,Retail,P006,Monitor 27in,Electronics,Displays,Chennai,Tamil Nadu,South,1,24000,0,17000
ORD-3547,08-04-2025,C002,Bright Retail,Retail,P002,Wireless Mouse,Electronics,Accessories,Hyderabad,Telangana,South,2,1200,5,700
ORD-3548,12-12-2024,C007,Ganga Supplies,Retail,P004,Standing Desk,Furniture,Desks,Delhi,Delhi,North,2,18000,5,12500
ORD-3549,29-11-2025,C005,Everest Ltd,Corporate,P006,Monitor 27in,Electronics,Displays,Delhi,Delhi,North,2,24000,0,17000
ORD-3550,29-06-2025,C005,Everest Ltd,Corporate,P002,Wireless Mouse,Electronics,Accessories,Kolkata,West Bengal,East,2,1200,5,700
ORD-3551,10-04-2025,C008,Horizon Inc,Corporate,P008,Printer Ink,Stationery,Supplies,Kolkata,West Bengal,East,2,1800,15,1500
ORD-3552,19-10-2024,C005,Everest Ltd,Corporate,P003,Office Chair,Furniture,Seating,Hyderabad,Telangana,South,4,8500,15,5600
ORD-3553,30-03-2024,C007,Ganga Supplies,Retail,P005,Notebook Pack,Stationery,Paper,Delhi,Delhi,North,2,350,0,180
ORD-3554,02-01-2024,C007,Ganga Supplies,Retail,P005,Notebook Pack,Stationery,Paper,Hyderabad,Telangana,South,4,350,5,180
ORD-3555,16-02-2024,C007,Ganga Supplies,Retail,P006,Monitor 27in,Electronics,Displays,Chennai,Tamil Nadu,South,5,24000,10,17000
ORD-3556,06-06-2024,C008,Horizon Inc,Corporate,P001,Laptop Pro 14,Electronics,Computers,Chennai,Tamil Nadu,South,1,72000,5,52000
ORD-3557,06-04-2024,C007,Ganga Supplies,Retail,P006,Monitor 27in,Electronics,Displays,Kolkata,West Bengal,East,2,24000,0,17000
ORD-3558,12-09-2024,C008,Horizon Inc,Corporate,P003,Office Chair,Furniture,Seating,Mumbai,Maharashtra,West,1,8500,0,5600
ORD-3559,25-04-2024,C006,Fair Mart,Consumer,P002,Wireless Mouse,Electronics,Accessories,Chennai,Tamil Nadu,South,2,1200,10,700
ORD-3560,05-06-2024,C004,Delta Stores,Retail,P002,Wireless Mouse,Electronics,Accessories,Delhi,Delhi,North,3,1200,0,700
ORD-3561,11-10-2025,C004,Delta Stores,Retail,P008,Printer Ink,Stationery,Supplies,Delhi,Delhi,North,1,1800,15,1500
ORD-3562,06-02-2025,C004,Delta Stores,Retail,P007,Desk Lamp,Furniture,Lighting,Delhi,Delhi,North,1,2200,0,1300
ORD-3563,20-10-2024,C005,Everest Ltd,Corporate,P003,Office Chair,Furniture,Seating,Bangalore,Karnataka,South,6,8500,0,5600
ORD-3564,12-09-2025,C008,Horizon Inc,Corporate,P007,Desk Lamp,Furniture,Lighting,Mumbai,Maharashtra,West,1,2200,10,1300
ORD-3565,29-01-2025,C007,Ganga Supplies,Retail,P007,Desk Lamp,Furniture,Lighting,Hyderabad,Telangana,South,2,2200,5,1300
ORD-3566,14-04-2025,C004,Delta Stores,Retail,P007,Desk Lamp,Furniture,Lighting,Bangalore,Karnataka,South,4,2200,0,1300
ORD-3567,18-04-2025,C004,Delta Stores,Retail,P008,Printer Ink,Stationery,Supplies,Hyderabad,Telangana,South,6,1800,15,1500
ORD-3568,18-04-2024,C002,Bright Retail,Retail,P008,Printer Ink,Stationery,Supplies,Bangalore,Karnataka,South,2,1800,15,1500
ORD-3569,08-09-2025,C005,Everest Ltd,Corporate,P006,Monitor 27in,Electronics,Displays,Hyderabad,Telangana,South,2,24000,0,17000
ORD-3570,21-09-2025,C006,Fair Mart,Consumer,P007,Desk Lamp,Furniture,Lighting,Delhi,Delhi,North,4,2200,15,1300
ORD-3571,21-03-2024,C004,Delta Stores,Retail,P008,Printer Ink,Stationery,Supplies,Kolkata,West Bengal,East,4,1800,5,1500
ORD-3572,06-10-2025,C007,Ganga Supplies,Retail,P003,Office Chair,Furniture,Seating,Delhi,Delhi,North,2,8500,5,5600
ORD-3573,10-03-2025,C006,Fair Mart,Consumer,P006,Monitor 27in,Electronics,Displays,Hyderabad,Telangana,South,3,24000,10,17000
ORD-3574,11-05-2025,C007,Ganga Supplies,Retail,P007,Desk Lamp,Furniture,Lighting,Kolkata,West Bengal,East,3,2200,10,1300
ORD-3575,29-04-2024,C008,Horizon Inc,Corporate,P001,Laptop Pro 14,Electronics,Computers,Delhi,Delhi,North,2,72000,5,52000
ORD-3576,03-08-2025,C002,Bright Retail,Retail,P003,Office Chair,Furniture,Seating,Kolkata,West Bengal,East,1,8500,15,5600
ORD-3577,22-06-2025,C008,Horizon Inc,Corporate,P008,Printer Ink,Stationery,Supplies,Hyderabad,Telangana,South,1,1800,15,1500
ORD-3578,07-03-2025,C004,Delta Stores,Retail,P004,Standing Desk,Furniture,Desks,Chennai,Tamil Nadu,South,2,18000,15,12500
ORD-3579,13-12-2025,C006,Fair Mart,Consumer,P007,Desk Lamp,Furniture,Lighting,Delhi,Delhi,North,4,2200,10,1300
ORD-3580,17-12-2024,C004,Delta Stores,Retail,P004,Standing Desk,Furniture,Desks,Chennai,Tamil Nadu,South,5,18000,5,12500
ORD-3581,11-02-2024,C007,Ganga Supplies,Retail,P005,Notebook Pack,Stationery,Paper,Kolkata,West Bengal,East,4,350,10,180
ORD-3582,15-04-2025,C003,Chola Systems,Corporate,P001,Laptop Pro 14,Electronics,Computers,Kolkata,West Bengal,East,2,72000,15,52000
ORD-3583,15-10-2024,C007,Ganga Supplies,Retail,P006,Monitor 27in,Electronics,Displays,Mumbai,Maharashtra,West,4,24000,5,17000
ORD-3584,22-04-2024,C002,Bright Retail,Retail,P006,Monitor 27in,Electronics,Displays,Chennai,Tamil Nadu,South,1,24000,15,17000
ORD-3585,28-06-2024,C005,Everest Ltd,Corporate,P007,Desk Lamp,Furniture,Lighting,Chennai,Tamil Nadu,South,1,2200,15,1300
ORD-3586,30-03-2024,C005,Everest Ltd,Corporate,P002,Wireless Mouse,Electronics,Accessories,Kolkata,West Bengal,East,3,1200,0,700
ORD-3587,06-04-2025,C003,Chola Systems,Corporate,P004,Standing Desk,Furniture,Desks,Hyderabad,Telangana,South,1,18000,0,12500
ORD-3588,29-01-2025,C008,Horizon Inc,Corporate,P002,Wireless Mouse,Electronics,Accessories,Kolkata,West Bengal,East,3,1200,5,700
ORD-3589,20-08-2024,C005,Everest Ltd,Corporate,P006,Monitor 27in,Electronics,Displays,Mumbai,Maharashtra,West,1,24000,5,17000
ORD-3590,12-07-2024,C005,Everest Ltd,Corporate,P005,Notebook Pack,Stationery,Paper,Delhi,Delhi,North,4,350,15,180
ORD-3591,16-02-2024,C008,Horizon Inc,Corporate,P003,Office Chair,Furniture,Seating,Mumbai,Maharashtra,West,3,8500,15,5600
ORD-3592,06-06-2024,C001,Aarav Traders,Corporate,P001,Laptop Pro 14,Electronics,Computers,Delhi,Delhi,North,1,72000,0,52000
ORD-3593,11-07-2025,C002,Bright Retail,Retail,P001,Laptop Pro 14,Electronics,Computers,Mumbai,Maharashtra,West,1,72000,5,52000
ORD-3594,10-12-2024,C003,Chola Systems,Corporate,P001,Laptop Pro 14,Electronics,Computers,Chennai,Tamil Nadu,South,2,72000,0,52000
ORD-3595,26-05-2025,C002,Bright Retail,Retail,P008,Printer Ink,Stationery,Supplies,Hyderabad,Telangana,South,3,1800,10,1500
ORD-3596,17-03-2025,C001,Aarav Traders,Corporate,P004,Standing Desk,Furniture,Desks,Bangalore,Karnataka,South,3,18000,15,12500
ORD-3597,25-06-2025,C001,Aarav Traders,Corporate,P007,Desk Lamp,Furniture,Lighting,Hyderabad,Telangana,South,1,2200,5,1300
ORD-3598,27-08-2024,C003,Chola Systems,Corporate,P005,Notebook Pack,Stationery,Paper,Mumbai,Maharashtra,West,4,350,5,180
ORD-3599,06-04-2025,C007,Ganga Supplies,Retail,P008,Printer Ink,Stationery,Supplies,Mumbai,Maharashtra,West,1,1800,15,1500
ORD-3600,29-01-2024,C006,Fair Mart,Consumer,P002,Wireless Mouse,Electronics,Accessories,Hyderabad,Telangana,South,2,1200,10,700
ORD-3601,23-05-2024,C003,Chola Systems,Corporate,P001,Laptop Pro 14,Electronics,Computers,Mumbai,Maharashtra,West,2,72000,0,52000
ORD-3602,22-06-2024,C004,Delta Stores,Retail,P002,Wireless Mouse,Electronics,Accessories,Chennai,Tamil Nadu,South,2,1200,5,700
ORD-3603,05-08-2025,C005,Everest Ltd,Corporate,P005,Notebook Pack,Stationery,Paper,Mumbai,Maharashtra,West,4,350,15,180
ORD-3604,27-11-2024,C004,Delta Stores,Retail,P006,Monitor 27in,Electronics,Displays,Kolkata,West Bengal,East,1,24000,10,17000
ORD-3605,21-04-2024,C004,Delta Stores,Retail,P001,Laptop Pro 14,Electronics,Computers,Delhi,Delhi,North,2,72000,15,52000
ORD-3606,24-09-2024,C008,Horizon Inc,Corporate,P004,Standing Desk,Furniture,Desks,Chennai,Tamil Nadu,South,2,18000,5,12500
ORD-3607,18-10-2025,C002,Bright Retail,Retail,P004,Standing Desk,Furniture,Desks,Kolkata,West Bengal,East,5,18000,0,12500
ORD-3608,11-04-2025,C006,Fair Mart,Consumer,P007,Desk Lamp,Furniture,Lighting,Kolkata,West Bengal,East,2,2200,5,1300
ORD-3609,04-06-2025,C001,Aarav Traders,Corporate,P007,Desk Lamp,Furniture,Lighting,Kolkata,West Bengal,East,3,2200,10,1300
ORD-3610,26-11-2024,C008,Horizon Inc,Corporate,P003,Office Chair,Furniture,Seating,Mumbai,Maharashtra,West,9,8500,0,5600
ORD-3611,23-05-2025,C004,Delta Stores,Retail,P005,Notebook Pack,Stationery,Paper,Delhi,Delhi,North,2,350,0,180
ORD-3612,10-04-2024,C004,Delta Stores,Retail,P002,Wireless Mouse,Electronics,Accessories,Chennai,Tamil Nadu,South,1,1200,10,700
ORD-3613,16-11-2025,C001,Aarav Traders,Corporate,P001,Laptop Pro 14,Electronics,Computers,Kolkata,West Bengal,East,1,72000,0,52000
ORD-3614,14-12-2024,C007,Ganga Supplies,Retail,P007,Desk Lamp,Furniture,Lighting,Kolkata,West Bengal,East,8,2200,0,1300
ORD-3615,01-04-2024,C003,Chola Systems,Corporate,P006,Monitor 27in,Electronics,Displays,Bangalore,Karnataka,South,6,24000,10,17000
ORD-3616,25-08-2024,C001,Aarav Traders,Corporate,P001,Laptop Pro 14,Electronics,Computers,Chennai,Tamil Nadu,South,2,72000,0,52000
ORD-3617,31-07-2025,C005,Everest Ltd,Corporate,P002,Wireless Mouse,Electronics,Accessories,Mumbai,Maharashtra,West,1,1200,0,700
ORD-3618,19-11-2025,C005,Everest Ltd,Corporate,P002,Wireless Mouse,Electronics,Accessories,Delhi,Delhi,North,2,1200,0,700
ORD-3619,22-01-2025,C004,Delta Stores,Retail,P002,Wireless Mouse,Electronics,Accessories,Delhi,Delhi,North,4,1200,15,700
ORD-3620,22-07-2025,C004,Delta Stores,Retail,P007,Desk Lamp,Furniture,Lighting,Hyderabad,Telangana,South,5,2200,5,1300
ORD-3621,15-06-2024,C006,Fair Mart,Consumer,P007,Desk Lamp,Furniture,Lighting,Chennai,Tamil Nadu,South,3,2200,0,1300
ORD-3622,24-04-2025,C004,Delta Stores,Retail,P004,Standing Desk,Furniture,Desks,Mumbai,Maharashtra,West,3,18000,5,12500
ORD-3623,16-03-2024,C003,Chola Systems,Corporate,P002,Wireless Mouse,Electronics,Accessories,Mumbai,Maharashtra,West,5,1200,0,700
ORD-3624,30-05-2024,C006,Fair Mart,Consumer,P003,Office Chair,Furniture,Seating,Hyderabad,Telangana,South,2,8500,5,5600
ORD-3625,25-10-2024,C007,Ganga Supplies,Retail,P003,Office Chair,Furniture,Seating,Kolkata,West Bengal,East,5,8500,0,5600
ORD-3626,09-09-2024,C007,Ganga Supplies,Retail,P004,Standing Desk,Furniture,Desks,Bangalore,Karnataka,South,1,18000,0,12500
ORD-3627,13-03-2025,C004,Delta Stores,Retail,P004,Standing Desk,Furniture,Desks,Delhi,Delhi,North,4,18000,0,12500
ORD-3628,30-11-2025,C006,Fair Mart,Consumer,P006,Monitor 27in,Electronics,Displays,Bangalore,Karnataka,South,2,24000,5,17000
ORD-3629,25-06-2025,C002,Bright Retail,Retail,P004,Standing Desk,Furniture,Desks,Kolkata,West Bengal,East,1,18000,5,12500
ORD-3630,28-10-2024,C003,Chola Systems,Corporate,P008,Printer Ink,Stationery,Supplies,Hyderabad,Telangana,South,5,1800,0,1500
ORD-3631,02-05-2024,C003,Chola Systems,Corporate,P001,Laptop Pro 14,Electronics,Computers,Bangalore,Karnataka,South,3,72000,15,52000
ORD-3632,18-05-2024,C003,Chola Systems,Corporate,P008,Printer Ink,Stationery,Supplies,Chennai,Tamil Nadu,South,1,1800,5,1500
ORD-3633,14-01-2025,C002,Bright Retail,Retail,P002,Wireless Mouse,Electronics,Accessories,Mumbai,Maharashtra,West,5,1200,0,700
ORD-3634,09-06-2025,C005,Everest Ltd,Corporate,P003,Office Chair,Furniture,Seating,Delhi,Delhi,North,2,8500,15,5600
ORD-3635,23-07-2025,C005,Everest Ltd,Corporate,P008,Printer Ink,Stationery,Supplies,Delhi,Delhi,North,3,1800,0,1500
ORD-3636,23-07-2024,C002,Bright Retail,Retail,P008,Printer Ink,Stationery,Supplies,Mumbai,Maharashtra,West,2,1800,10,1500
ORD-3637,15-04-2025,C006,Fair Mart,Consumer,P005,Notebook Pack,Stationery,Paper,Kolkata,West Bengal,East,5,350,0,180
ORD-3638,16-05-2025,C002,Bright Retail,Retail,P001,Laptop Pro 14,Electronics,Computers,Delhi,Delhi,North,4,72000,10,52000
ORD-3639,31-08-2024,C007,Ganga Supplies,Retail,P007,Desk Lamp,Furniture,Lighting,Bangalore,Karnataka,South,3,2200,0,1300
ORD-3640,17-01-2024,C007,Ganga Supplies,Retail,P004,Standing Desk,Furniture,Desks,Hyderabad,Telangana,South,3,18000,0,12500
ORD-3641,18-12-2025,C005,Everest Ltd,Corporate,P007,Desk Lamp,Furniture,Lighting,Chennai,Tamil Nadu,South,2,2200,5,1300
ORD-3642,26-09-2025,C006,Fair Mart,Consumer,P003,Office Chair,Furniture,Seating,Bangalore,Karnataka,South,5,8500,10,5600
ORD-3643,08-10-2024,C002,Bright Retail,Retail,P008,Printer Ink,Stationery,Supplies,Mumbai,Maharashtra,West,6,1800,0,1500
ORD-3644,16-03-2025,C003,Chola Systems,Corporate,P008,Printer Ink,Stationery,Supplies,Kolkata,West Bengal,East,2,1800,0,1500
ORD-3645,12-10-2025,C006,Fair Mart,Consumer,P003,Office Chair,Furniture,Seating,Delhi,Delhi,North,2,8500,15,5600
ORD-3646,10-11-2024,C006,Fair Mart,Consumer,P002,Wireless Mouse,Electronics,Accessories,Mumbai,Maharashtra,West,5,1200,15,700
ORD-3647,01-06-2025,C002,Bright Retail,Retail,P004,Standing Desk,Furniture,Desks,Chennai,Tamil Nadu,South,1,18000,15,12500
ORD-3648,19-01-2025,C003,Chola Systems,Corporate,P007,Desk Lamp,Furniture,Lighting,Kolkata,West Bengal,East,4,2200,10,1300
ORD-3649,25-03-2024,C003,Chola Systems,Corporate,P002,Wireless Mouse,Electronics,Accessories,Chennai,Tamil Nadu,South,6,1200,5,700
ORD-3650,27-06-2025,C003,Chola Systems,Corporate,P007,Desk Lamp,Furniture,Lighting,Mumbai,Maharashtra,West,4,2200,5,1300
ORD-3651,11-10-2025,C004,Delta Stores,Retail,P002,Wireless Mouse,Electronics,Accessories,Bangalore,Karnataka,South,2,1200,0,700
ORD-3652,21-11-2025,C008,Horizon Inc,Corporate,P003,Office Chair,Furniture,Seating,Bangalore,Karnataka,South,2,8500,15,5600
ORD-3653,08-03-2024,C002,Bright Retail,Retail,P006,Monitor 27in,Electronics,Displays,Mumbai,Maharashtra,West,1,24000,0,17000
ORD-3654,30-03-2024,C008,Horizon Inc,Corporate,P003,Office Chair,Furniture,Seating,Mumbai,Maharashtra,West,3,8500,0,5600
ORD-3655,10-05-2025,C002,Bright Retail,Retail,P006,Monitor 27in,Electronics,Displays,Chennai,Tamil Nadu,South,4,24000,0,17000
ORD-3656,06-04-2025,C007,Ganga Supplies,Retail,P005,Notebook Pack,Stationery,Paper,Bangalore,Karnataka,South,5,350,0,180
ORD-3657,24-04-2024,C003,Chola Systems,Corporate,P008,Printer Ink,Stationery,Supplies,Bangalore,Karnataka,South,6,1800,5,1500
ORD-3658,17-11-2025,C003,Chola Systems,Corporate,P006,Monitor 27in,Electronics,Displays,Chennai,Tamil Nadu,South,8,24000,15,17000
ORD-3659,23-04-2024,C005,Everest Ltd,Corporate,P008,Printer Ink,Stationery,Supplies,Delhi,Delhi,North,2,1800,0,1500
ORD-3660,24-09-2025,C001,Aarav Traders,Corporate,P003,Office Chair,Furniture,Seating,Kolkata,West Bengal,East,4,8500,0,5600
ORD-3661,22-12-2025,C005,Everest Ltd,Corporate,P001,Laptop Pro 14,Electronics,Computers,Kolkata,West Bengal,East,4,72000,0,52000
ORD-3662,11-10-2025,C001,Aarav Traders,Corporate,P002,Wireless Mouse,Electronics,Accessories,Chennai,Tamil Nadu,South,1,1200,0,700
ORD-3663,18-07-2025,C001,Aarav Traders,Corporate,P007,Desk Lamp,Furniture,Lighting,Bangalore,Karnataka,South,4,2200,10,1300
ORD-3664,25-08-2024,C005,Everest Ltd,Corporate,P006,Monitor 27in,Electronics,Displays,Bangalore,Karnataka,South,3,24000,0,17000
ORD-3665,25-07-2024,C008,Horizon Inc,Corporate,P004,Standing Desk,Furniture,Desks,Hyderabad,Telangana,South,4,18000,10,12500
ORD-3666,13-09-2024,C007,Ganga Supplies,Retail,P002,Wireless Mouse,Electronics,Accessories,Mumbai,Maharashtra,West,2,1200,0,700
ORD-3667,24-08-2025,C007,Ganga Supplies,Retail,P007,Desk Lamp,Furniture,Lighting,Bangalore,Karnataka,South,1,2200,10,1300
ORD-3668,29-08-2025,C007,Ganga Supplies,Retail,P001,Laptop Pro 14,Electronics,Computers,Chennai,Tamil Nadu,South,1,72000,10,52000
ORD-3669,06-04-2025,C004,Delta Stores,Retail,P001,Laptop Pro 14,Electronics,Computers,Kolkata,West Bengal,East,1,72000,5,52000
ORD-3670,06-03-2025,C004,Delta Stores,Retail,P001,Laptop Pro 14,Electronics,Computers,Kolkata,West Bengal,East,4,72000,0,52000
ORD-3671,03-08-2025,C003,Chola Systems,Corporate,P001,Laptop Pro 14,Electronics,Computers,Hyderabad,Telangana,South,3,72000,0,52000
ORD-3672,29-03-2025,C005,Everest Ltd,Corporate,P004,Standing Desk,Furniture,Desks,Delhi,Delhi,North,3,18000,10,12500
ORD-3673,29-05-2025,C004,Delta Stores,Retail,P006,Monitor 27in,Electronics,Displays,Bangalore,Karnataka,South,2,24000,10,17000
ORD-3674,04-11-2025,C005,Everest Ltd,Corporate,P003,Office Chair,Furniture,Seating,Bangalore,Karnataka,South,6,8500,5,5600
ORD-3675,17-04-2024,C004,Delta Stores,Retail,P001,Laptop Pro 14,Electronics,Computers,Kolkata,West Bengal,East,2,72000,5,52000
ORD-3676,22-09-2024,C001,Aarav Traders,Corporate,P006,Monitor 27in,Electronics,Displays,Mumbai,Maharashtra,West,3,24000,5,17000
ORD-3677,03-03-2024,C003,Chola Systems,Corporate,P004,Standing Desk,Furniture,Desks,Delhi,Delhi,North,6,18000,10,12500
ORD-3678,19-07-2024,C006,Fair Mart,Consumer,P006,Monitor 27in,Electronics,Displays,Bangalore,Karnataka,South,2,24000,15,17000
ORD-3679,08-10-2024,C007,Ganga Supplies,Retail,P004,Standing Desk,Furniture,Desks,Chennai,Tamil Nadu,South,1,18000,0,12500
ORD-3680,24-11-2025,C006,Fair Mart,Consumer,P005,Notebook Pack,Stationery,Paper,Kolkata,West Bengal,East,1,350,0,180
ORD-3681,28-08-2024,C001,Aarav Traders,Corporate,P005,Notebook Pack,Stationery,Paper,Kolkata,West Bengal,East,6,350,10,180
ORD-3682,24-01-2025,C001,Aarav Traders,Corporate,P004,Standing Desk,Furniture,Desks,Hyderabad,Telangana,South,1,18000,0,12500
ORD-3683,23-12-2024,C002,Bright Retail,Retail,P003,Office Chair,Furniture,Seating,Hyderabad,Telangana,South,2,8500,10,5600
ORD-3684,01-03-2024,C005,Everest Ltd,Corporate,P004,Standing Desk,Furniture,Desks,Chennai,Tamil Nadu,South,1,18000,0,12500
ORD-3685,17-05-2024,C003,Chola Systems,Corporate,P005,Notebook Pack,Stationery,Paper,Mumbai,Maharashtra,West,4,350,5,180
ORD-3686,26-12-2024,C008,Horizon Inc,Corporate,P003,Office Chair,Furniture,Seating,Kolkata,West Bengal,East,4,8500,5,5600
ORD-3687,23-05-2024,C005,Everest Ltd,Corporate,P003,Office Chair,Furniture,Seating,Chennai,Tamil Nadu,South,3,8500,0,5600
ORD-3688,19-09-2024,C006,Fair Mart,Consumer,P001,Laptop Pro 14,Electronics,Computers,Kolkata,West Bengal,East,2,72000,5,52000
ORD-3689,21-06-2025,C006,Fair Mart,Consumer,P001,Laptop Pro 14,Electronics,Computers,Mumbai,Maharashtra,West,4,72000,10,52000
ORD-3690,31-01-2024,C007,Ganga Supplies,Retail,P007,Desk Lamp,Furniture,Lighting,Hyderabad,Telangana,South,1,2200,10,1300
ORD-3691,03-08-2024,C002,Bright Retail,Retail,P008,Printer Ink,Stationery,Supplies,Hyderabad,Telangana,South,2,1800,0,1500
ORD-3692,21-02-2024,C006,Fair Mart,Consumer,P003,Office Chair,Furniture,Seating,Kolkata,West Bengal,East,1,8500,0,5600
ORD-3693,29-01-2024,C007,Ganga Supplies,Retail,P004,Standing Desk,Furniture,Desks,Delhi,Delhi,North,1,18000,0,12500
ORD-3694,17-07-2024,C003,Chola Systems,Corporate,P002,Wireless Mouse,Electronics,Accessories,Kolkata,West Bengal,East,1,1200,0,700
ORD-3695,10-07-2025,C001,Aarav Traders,Corporate,P008,Printer Ink,Stationery,Supplies,Kolkata,West Bengal,East,1,1800,0,1500
ORD-3696,15-07-2024,C008,Horizon Inc,Corporate,P006,Monitor 27in,Electronics,Displays,Bangalore,Karnataka,South,3,24000,5,17000
ORD-3697,14-03-2024,C003,Chola Systems,Corporate,P006,Monitor 27in,Electronics,Displays,Mumbai,Maharashtra,West,2,24000,0,17000
ORD-3698,20-05-2024,C007,Ganga Supplies,Retail,P005,Notebook Pack,Stationery,Paper,Kolkata,West Bengal,East,1,350,0,180
ORD-3699,23-05-2024,C004,Delta Stores,Retail,P003,Office Chair,Furniture,Seating,Kolkata,West Bengal,East,4,8500,15,5600
ORD-3700,21-11-2025,C004,Delta Stores,Retail,P002,Wireless Mouse,Electronics,Accessories,Delhi,Delhi,North,5,1200,0,700
ORD-3701,26-12-2024,C006,Fair Mart,Consumer,P005,Notebook Pack,Stationery,Paper,Bangalore,Karnataka,South,2,350,10,180
ORD-3702,28-03-2025,C001,Aarav Traders,Corporate,P005,Notebook Pack,Stationery,Paper,Bangalore,Karnataka,South,1,350,15,180
ORD-3703,10-11-2025,C001,Aarav Traders,Corporate,P007,Desk Lamp,Furniture,Lighting,Chennai,Tamil Nadu,South,4,2200,0,1300
ORD-3704,29-10-2025,C002,Bright Retail,Retail,P002,Wireless Mouse,Electronics,Accessories,Hyderabad,Telangana,South,2,1200,0,700
ORD-3705,12-11-2025,C003,Chola Systems,Corporate,P005,Notebook Pack,Stationery,Paper,Mumbai,Maharashtra,West,1,350,0,180
ORD-3706,09-09-2025,C002,Bright Retail,Retail,P002,Wireless Mouse,Electronics,Accessories,Kolkata,West Bengal,East,5,1200,10,700
ORD-3707,05-08-2025,C007,Ganga Supplies,Retail,P005,Notebook Pack,Stationery,Paper,Mumbai,Maharashtra,West,3,350,5,180
ORD-3708,11-10-2025,C004,Delta Stores,Retail,P005,Notebook Pack,Stationery,Paper,Kolkata,West Bengal,East,1,350,0,180
ORD-3709,21-07-2024,C002,Bright Retail,Retail,P008,Printer Ink,Stationery,Supplies,Mumbai,Maharashtra,West,1,1800,0,1500
ORD-3710,28-07-2024,C008,Horizon Inc,Corporate,P001,Laptop Pro 14,Electronics,Computers,Chennai,Tamil Nadu,South,1,72000,15,52000
ORD-3711,01-01-2025,C001,Aarav Traders,Corporate,P002,Wireless Mouse,Electronics,Accessories,Chennai,Tamil Nadu,South,1,1200,0,700
ORD-3712,30-07-2024,C006,Fair Mart,Consumer,P006,Monitor 27in,Electronics,Displays,Chennai,Tamil Nadu,South,1,24000,0,17000
ORD-3713,27-06-2025,C006,Fair Mart,Consumer,P002,Wireless Mouse,Electronics,Accessories,Chennai,Tamil Nadu,South,1,1200,0,700
ORD-3714,13-11-2024,C004,Delta Stores,Retail,P002,Wireless Mouse,Electronics,Accessories,Chennai,Tamil Nadu,South,4,1200,0,700
ORD-3715,16-08-2024,C005,Everest Ltd,Corporate,P006,Monitor 27in,Electronics,Displays,Chennai,Tamil Nadu,South,3,24000,10,17000
ORD-3716,29-11-2024,C005,Everest Ltd,Corporate,P008,Printer Ink,Stationery,Supplies,Hyderabad,Telangana,South,1,1800,0,1500
ORD-3717,12-12-2025,C003,Chola Systems,Corporate,P007,Desk Lamp,Furniture,Lighting,Bangalore,Karnataka,South,1,2200,15,1300
ORD-3718,04-07-2025,C001,Aarav Traders,Corporate,P006,Monitor 27in,Electronics,Displays,Mumbai,Maharashtra,West,3,24000,15,17000
ORD-3719,17-09-2024,C008,Horizon Inc,Corporate,P005,Notebook Pack,Stationery,Paper,Kolkata,West Bengal,East,3,350,10,180
ORD-3720,26-06-2025,C004,Delta Stores,Retail,P006,Monitor 27in,Electronics,Displays,Kolkata,West Bengal,East,2,24000,5,17000
ORD-3721,13-04-2025,C008,Horizon Inc,Corporate,P003,Office Chair,Furniture,Seating,Bangalore,Karnataka,South,4,8500,0,5600
ORD-3722,08-04-2024,C005,Everest Ltd,Corporate,P007,Desk Lamp,Furniture,Lighting,Delhi,Delhi,North,2,2200,10,1300
ORD-3723,17-06-2025,C004,Delta Stores,Retail,P003,Office Chair,Furniture,Seating,Hyderabad,Telangana,South,3,8500,0,5600
ORD-3724,06-03-2025,C003,Chola Systems,Corporate,P007,Desk Lamp,Furniture,Lighting,Hyderabad,Telangana,South,3,2200,0,1300
ORD-3725,07-05-2025,C007,Ganga Supplies,Retail,P007,Desk Lamp,Furniture,Lighting,Bangalore,Karnataka,South,2,2200,5,1300
ORD-3726,04-05-2025,C005,Everest Ltd,Corporate,P001,Laptop Pro 14,Electronics,Computers,Mumbai,Maharashtra,West,3,72000,0,52000
ORD-3727,01-09-2025,C004,Delta Stores,Retail,P006,Monitor 27in,Electronics,Displays,Hyderabad,Telangana,South,2,24000,5,17000
ORD-3728,05-05-2024,C003,Chola Systems,Corporate,P002,Wireless Mouse,Electronics,Accessories,Chennai,Tamil Nadu,South,2,1200,0,700
ORD-3729,16-09-2025,C004,Delta Stores,Retail,P003,Office Chair,Furniture,Seating,Kolkata,West Bengal,East,2,8500,0,5600
ORD-3730,02-12-2024,C008,Horizon Inc,Corporate,P003,Office Chair,Furniture,Seating,Chennai,Tamil Nadu,South,8,8500,0,5600
ORD-3731,19-01-2024,C005,Everest Ltd,Corporate,P005,Notebook Pack,Stationery,Paper,Bangalore,Karnataka,South,2,350,10,180
ORD-3732,18-12-2025,C004,Delta Stores,Retail,P005,Notebook Pack,Stationery,Paper,Chennai,Tamil Nadu,South,5,350,5,180
ORD-3733,29-11-2024,C002,Bright Retail,Retail,P004,Standing Desk,Furniture,Desks,Delhi,Delhi,North,5,18000,5,12500
ORD-3734,07-04-2024,C001,Aarav Traders,Corporate,P002,Wireless Mouse,Electronics,Accessories,Kolkata,West Bengal,East,1,1200,0,700
ORD-3735,17-05-2025,C001,Aarav Traders,Corporate,P003,Office Chair,Furniture,Seating,Mumbai,Maharashtra,West,4,8500,5,5600
ORD-3736,07-09-2024,C004,Delta Stores,Retail,P004,Standing Desk,Furniture,Desks,Hyderabad,Telangana,South,1,18000,5,12500
ORD-3737,06-10-2024,C006,Fair Mart,Consumer,P003,Office Chair,Furniture,Seating,Kolkata,West Bengal,East,5,8500,5,5600
ORD-3738,18-10-2024,C004,Delta Stores,Retail,P005,Notebook Pack,Stationery,Paper,Delhi,Delhi,North,1,350,0,180
ORD-3739,04-07-2024,C008,Horizon Inc,Corporate,P007,Desk Lamp,Furniture,Lighting,Mumbai,Maharashtra,West,2,2200,0,1300
ORD-3740,14-07-2025,C001,Aarav Traders,Corporate,P002,Wireless Mouse,Electronics,Accessories,Hyderabad,Telangana,South,1,1200,15,700
ORD-3741,09-06-2025,C004,Delta Stores,Retail,P002,Wireless Mouse,Electronics,Accessories,Chennai,Tamil Nadu,South,1,1200,15,700
ORD-3742,14-04-2025,C005,Everest Ltd,Corporate,P007,Desk Lamp,Furniture,Lighting,Bangalore,Karnataka,South,5,2200,10,1300
ORD-3743,25-07-2025,C008,Horizon Inc,Corporate,P007,Desk Lamp,Furniture,Lighting,Chennai,Tamil Nadu,South,2,2200,0,1300
ORD-3744,30-12-2025,C005,Everest Ltd,Corporate,P001,Laptop Pro 14,Electronics,Computers,Chennai,Tamil Nadu,South,1,72000,0,52000
ORD-3745,21-04-2025,C001,Aarav Traders,Corporate,P005,Notebook Pack,Stationery,Paper,Delhi,Delhi,North,5,350,10,180
ORD-3746,21-02-2025,C003,Chola Systems,Corporate,P002,Wireless Mouse,Electronics,Accessories,Chennai,Tamil Nadu,South,6,1200,10,700
ORD-3747,27-06-2025,C005,Everest Ltd,Corporate,P007,Desk Lamp,Furniture,Lighting,Bangalore,Karnataka,South,1,2200,15,1300
ORD-3748,19-06-2025,C007,Ganga Supplies,Retail,P002,Wireless Mouse,Electronics,Accessories,Bangalore,Karnataka,South,1,1200,0,700
ORD-3749,23-12-2024,C008,Horizon Inc,Corporate,P005,Notebook Pack,Stationery,Paper,Mumbai,Maharashtra,West,4,350,0,180
ORD-3750,21-03-2025,C007,Ganga Supplies,Retail,P004,Standing Desk,Furniture,Desks,Bangalore,Karnataka,South,2,18000,0,12500
ORD-3751,19-06-2024,C003,Chola Systems,Corporate,P004,Standing Desk,Furniture,Desks,Mumbai,Maharashtra,West,1,18000,5,12500
ORD-3752,27-02-2025,C007,Ganga Supplies,Retail,P007,Desk Lamp,Furniture,Lighting,Delhi,Delhi,North,2,2200,0,1300
ORD-3753,16-12-2024,C002,Bright Retail,Retail,P006,Monitor 27in,Electronics,Displays,Chennai,Tamil Nadu,South,4,24000,10,17000
ORD-3754,08-05-2025,C008,Horizon Inc,Corporate,P008,Printer Ink,Stationery,Supplies,Delhi,Delhi,North,1,1800,15,1500
ORD-3755,22-01-2024,C006,Fair Mart,Consumer,P001,Laptop Pro 14,Electronics,Computers,Mumbai,Maharashtra,West,3,72000,5,52000
ORD-3756,14-05-2024,C005,Everest Ltd,Corporate,P008,Printer Ink,Stationery,Supplies,Delhi,Delhi,North,7,1800,0,1500
ORD-3757,13-09-2025,C001,Aarav Traders,Corporate,P003,Office Chair,Furniture,Seating,Kolkata,West Bengal,East,2,8500,0,5600
ORD-3758,14-05-2025,C007,Ganga Supplies,Retail,P006,Monitor 27in,Electronics,Displays,Mumbai,Maharashtra,West,3,24000,5,17000
ORD-3759,27-03-2025,C002,Bright Retail,Retail,P008,Printer Ink,Stationery,Supplies,Delhi,Delhi,North,3,1800,0,1500
ORD-3760,31-05-2024,C001,Aarav Traders,Corporate,P003,Office Chair,Furniture,Seating,Kolkata,West Bengal,East,1,8500,0,5600
ORD-3761,02-08-2025,C002,Bright Retail,Retail,P007,Desk Lamp,Furniture,Lighting,Delhi,Delhi,North,1,2200,0,1300
ORD-3762,20-05-2024,C001,Aarav Traders,Corporate,P006,Monitor 27in,Electronics,Displays,Mumbai,Maharashtra,West,2,24000,10,17000
ORD-3763,21-02-2024,C003,Chola Systems,Corporate,P002,Wireless Mouse,Electronics,Accessories,Kolkata,West Bengal,East,2,1200,5,700
ORD-3764,27-07-2024,C007,Ganga Supplies,Retail,P003,Office Chair,Furniture,Seating,Hyderabad,Telangana,South,3,8500,5,5600
ORD-3765,11-09-2024,C004,Delta Stores,Retail,P004,Standing Desk,Furniture,Desks,Bangalore,Karnataka,South,2,18000,0,12500
ORD-3766,09-12-2025,C004,Delta Stores,Retail,P004,Standing Desk,Furniture,Desks,Kolkata,West Bengal,East,2,18000,0,12500
ORD-3767,11-10-2025,C004,Delta Stores,Retail,P004,Standing Desk,Furniture,Desks,Bangalore,Karnataka,South,6,18000,10,12500
ORD-3768,06-02-2024,C008,Horizon Inc,Corporate,P004,Standing Desk,Furniture,Desks,Hyderabad,Telangana,South,2,18000,0,12500
ORD-3769,02-09-2024,C005,Everest Ltd,Corporate,P008,Printer Ink,Stationery,Supplies,Delhi,Delhi,North,2,1800,10,1500
ORD-3770,11-08-2024,C006,Fair Mart,Consumer,P003,Office Chair,Furniture,Seating,Chennai,Tamil Nadu,South,3,8500,5,5600
ORD-3771,02-04-2024,C001,Aarav Traders,Corporate,P008,Printer Ink,Stationery,Supplies,Bangalore,Karnataka,South,3,1800,5,1500
ORD-3772,20-02-2024,C008,Horizon Inc,Corporate,P005,Notebook Pack,Stationery,Paper,Bangalore,Karnataka,South,5,350,15,180
ORD-3773,09-11-2024,C007,Ganga Supplies,Retail,P007,Desk Lamp,Furniture,Lighting,Kolkata,West Bengal,East,2,2200,5,1300
ORD-3774,20-06-2025,C006,Fair Mart,Consumer,P001,Laptop Pro 14,Electronics,Computers,Bangalore,Karnataka,South,2,72000,0,52000
ORD-3775,26-05-2024,C007,Ganga Supplies,Retail,P004,Standing Desk,Furniture,Desks,Mumbai,Maharashtra,West,3,18000,10,12500
ORD-3776,15-04-2024,C004,Delta Stores,Retail,P003,Office Chair,Furniture,Seating,Chennai,Tamil Nadu,South,7,8500,15,5600
ORD-3777,07-05-2025,C005,Everest Ltd,Corporate,P008,Printer Ink,Stationery,Supplies,Delhi,Delhi,North,5,1800,5,1500
ORD-3778,05-08-2024,C001,Aarav Traders,Corporate,P005,Notebook Pack,Stationery,Paper,Bangalore,Karnataka,South,3,350,5,180
ORD-3779,11-01-2025,C005,Everest Ltd,Corporate,P005,Notebook Pack,Stationery,Paper,Chennai,Tamil Nadu,South,1,350,0,180
ORD-3780,03-07-2024,C008,Horizon Inc,Corporate,P005,Notebook Pack,Stationery,Paper,Bangalore,Karnataka,South,1,350,0,180
ORD-3781,27-03-2025,C003,Chola Systems,Corporate,P004,Standing Desk,Furniture,Desks,Bangalore,Karnataka,South,1,18000,0,12500
ORD-3782,30-08-2024,C008,Horizon Inc,Corporate,P001,Laptop Pro 14,Electronics,Computers,Mumbai,Maharashtra,West,2,72000,10,52000
ORD-3783,01-04-2024,C005,Everest Ltd,Corporate,P007,Desk Lamp,Furniture,Lighting,Bangalore,Karnataka,South,3,2200,0,1300
ORD-3784,30-01-2025,C004,Delta Stores,Retail,P001,Laptop Pro 14,Electronics,Computers,Kolkata,West Bengal,East,3,72000,15,52000
ORD-3785,19-09-2025,C004,Delta Stores,Retail,P003,Office Chair,Furniture,Seating,Hyderabad,Telangana,South,1,8500,10,5600
ORD-3786,07-10-2024,C005,Everest Ltd,Corporate,P003,Office Chair,Furniture,Seating,Bangalore,Karnataka,South,5,8500,5,5600
ORD-3787,08-05-2025,C003,Chola Systems,Corporate,P008,Printer Ink,Stationery,Supplies,Delhi,Delhi,North,5,1800,15,1500
ORD-3788,06-01-2025,C003,Chola Systems,Corporate,P004,Standing Desk,Furniture,Desks,Kolkata,West Bengal,East,3,18000,10,12500
ORD-3789,19-07-2024,C004,Delta Stores,Retail,P004,Standing Desk,Furniture,Desks,Kolkata,West Bengal,East,1,18000,5,12500
ORD-3790,17-01-2025,C008,Horizon Inc,Corporate,P005,Notebook Pack,Stationery,Paper,Hyderabad,Telangana,South,3,350,10,180
ORD-3791,09-12-2025,C008,Horizon Inc,Corporate,P008,Printer Ink,Stationery,Supplies,Kolkata,West Bengal,East,1,1800,15,1500
ORD-3792,29-09-2025,C005,Everest Ltd,Corporate,P007,Desk Lamp,Furniture,Lighting,Mumbai,Maharashtra,West,2,2200,15,1300
ORD-3793,08-12-2025,C007,Ganga Supplies,Retail,P004,Standing Desk,Furniture,Desks,Delhi,Delhi,North,8,18000,10,12500
ORD-3794,19-09-2024,C005,Everest Ltd,Corporate,P004,Standing Desk,Furniture,Desks,Hyderabad,Telangana,South,2,18000,15,12500
ORD-3795,07-01-2024,C002,Bright Retail,Retail,P005,Notebook Pack,Stationery,Paper,Bangalore,Karnataka,South,3,350,15,180
ORD-3796,22-09-2024,C004,Delta Stores,Retail,P006,Monitor 27in,Electronics,Displays,Chennai,Tamil Nadu,South,2,24000,10,17000
ORD-3797,22-08-2025,C002,Bright Retail,Retail,P007,Desk Lamp,Furniture,Lighting,Delhi,Delhi,North,2,2200,10,1300
ORD-3798,04-10-2024,C005,Everest Ltd,Corporate,P006,Monitor 27in,Electronics,Displays,Bangalore,Karnataka,South,4,24000,10,17000
ORD-3799,13-02-2025,C005,Everest Ltd,Corporate,P004,Standing Desk,Furniture,Desks,Mumbai,Maharashtra,West,4,18000,0,12500
ORD-3800,08-04-2025,C005,Everest Ltd,Corporate,P003,Office Chair,Furniture,Seating,Mumbai,Maharashtra,West,5,8500,0,5600
ORD-3801,28-05-2024,C001,Aarav Traders,Corporate,P004,Standing Desk,Furniture,Desks,Delhi,Delhi,North,3,18000,10,12500
ORD-3802,28-08-2025,C007,Ganga Supplies,Retail,P003,Office Chair,Furniture,Seating,Bangalore,Karnataka,South,1,8500,5,5600
ORD-3803,07-02-2024,C005,Everest Ltd,Corporate,P003,Office Chair,Furniture,Seating,Hyderabad,Telangana,South,7,8500,15,5600
ORD-3804,22-01-2025,C005,Everest Ltd,Corporate,P006,Monitor 27in,Electronics,Displays,Chennai,Tamil Nadu,South,5,24000,5,17000
ORD-3805,16-01-2024,C005,Everest Ltd,Corporate,P005,Notebook Pack,Stationery,Paper,Hyderabad,Telangana,South,3,350,0,180
ORD-3806,19-02-2024,C001,Aarav Traders,Corporate,P001,Laptop Pro 14,Electronics,Computers,Bangalore,Karnataka,South,7,72000,10,52000
ORD-3807,28-08-2025,C005,Everest Ltd,Corporate,P005,Notebook Pack,Stationery,Paper,Hyderabad,Telangana,South,3,350,10,180
ORD-3808,16-11-2025,C007,Ganga Supplies,Retail,P008,Printer Ink,Stationery,Supplies,Kolkata,West Bengal,East,4,1800,15,1500
ORD-3809,28-06-2025,C005,Everest Ltd,Corporate,P003,Office Chair,Furniture,Seating,Bangalore,Karnataka,South,4,8500,0,5600
ORD-3810,02-08-2024,C006,Fair Mart,Consumer,P002,Wireless Mouse,Electronics,Accessories,Bangalore,Karnataka,South,1,1200,5,700
ORD-3811,28-10-2024,C005,Everest Ltd,Corporate,P001,Laptop Pro 14,Electronics,Computers,Hyderabad,Telangana,South,6,72000,0,52000
ORD-3812,11-04-2024,C004,Delta Stores,Retail,P006,Monitor 27in,Electronics,Displays,Chennai,Tamil Nadu,South,4,24000,15,17000
ORD-3813,11-01-2024,C002,Bright Retail,Retail,P005,Notebook Pack,Stationery,Paper,Mumbai,Maharashtra,West,4,350,5,180
ORD-3814,04-09-2024,C008,Horizon Inc,Corporate,P008,Printer Ink,Stationery,Supplies,Kolkata,West Bengal,East,2,1800,5,1500
ORD-3815,19-06-2024,C005,Everest Ltd,Corporate,P006,Monitor 27in,Electronics,Displays,Chennai,Tamil Nadu,South,3,24000,0,17000
ORD-3816,10-04-2025,C002,Bright Retail,Retail,P001,Laptop Pro 14,Electronics,Computers,Delhi,Delhi,North,2,72000,0,52000
ORD-3817,06-06-2024,C002,Bright Retail,Retail,P003,Office Chair,Furniture,Seating,Bangalore,Karnataka,South,4,8500,0,5600
ORD-3818,22-07-2025,C001,Aarav Traders,Corporate,P004,Standing Desk,Furniture,Desks,Mumbai,Maharashtra,West,1,18000,0,12500
ORD-3819,01-07-2024,C002,Bright Retail,Retail,P004,Standing Desk,Furniture,Desks,Bangalore,Karnataka,South,2,18000,10,12500
ORD-3820,11-03-2024,C008,Horizon Inc,Corporate,P003,Office Chair,Furniture,Seating,Bangalore,Karnataka,South,6,8500,10,5600
ORD-3821,11-06-2025,C006,Fair Mart,Consumer,P003,Office Chair,Furniture,Seating,Chennai,Tamil Nadu,South,2,8500,0,5600
ORD-3822,11-05-2025,C005,Everest Ltd,Corporate,P007,Desk Lamp,Furniture,Lighting,Kolkata,West Bengal,East,6,2200,0,1300
ORD-3823,01-11-2024,C002,Bright Retail,Retail,P006,Monitor 27in,Electronics,Displays,Delhi,Delhi,North,4,24000,15,17000
ORD-3824,15-05-2024,C006,Fair Mart,Consumer,P003,Office Chair,Furniture,Seating,Delhi,Delhi,North,3,8500,15,5600
ORD-3825,21-07-2025,C006,Fair Mart,Consumer,P004,Standing Desk,Furniture,Desks,Chennai,Tamil Nadu,South,1,18000,0,12500
ORD-3826,18-12-2024,C001,Aarav Traders,Corporate,P004,Standing Desk,Furniture,Desks,Hyderabad,Telangana,South,4,18000,5,12500
ORD-3827,31-08-2025,C004,Delta Stores,Retail,P003,Office Chair,Furniture,Seating,Chennai,Tamil Nadu,South,1,8500,15,5600
ORD-3828,28-07-2024,C001,Aarav Traders,Corporate,P006,Monitor 27in,Electronics,Displays,Hyderabad,Telangana,South,4,24000,0,17000
ORD-3829,13-08-2025,C004,Delta Stores,Retail,P007,Desk Lamp,Furniture,Lighting,Bangalore,Karnataka,South,4,2200,5,1300
ORD-3830,19-06-2024,C008,Horizon Inc,Corporate,P002,Wireless Mouse,Electronics,Accessories,Mumbai,Maharashtra,West,1,1200,15,700
ORD-3831,20-07-2024,C004,Delta Stores,Retail,P006,Monitor 27in,Electronics,Displays,Bangalore,Karnataka,South,1,24000,15,17000
ORD-3832,11-09-2025,C002,Bright Retail,Retail,P003,Office Chair,Furniture,Seating,Chennai,Tamil Nadu,South,4,8500,0,5600
ORD-3833,24-04-2024,C004,Delta Stores,Retail,P002,Wireless Mouse,Electronics,Accessories,Mumbai,Maharashtra,West,2,1200,5,700
ORD-3834,01-03-2025,C004,Delta Stores,Retail,P008,Printer Ink,Stationery,Supplies,Delhi,Delhi,North,1,1800,0,1500
ORD-3835,15-08-2025,C007,Ganga Supplies,Retail,P005,Notebook Pack,Stationery,Paper,Delhi,Delhi,North,1,350,5,180
ORD-3836,10-09-2024,C007,Ganga Supplies,Retail,P001,Laptop Pro 14,Electronics,Computers,Mumbai,Maharashtra,West,2,72000,5,52000
ORD-3837,03-12-2025,C008,Horizon Inc,Corporate,P002,Wireless Mouse,Electronics,Accessories,Chennai,Tamil Nadu,South,2,1200,10,700
ORD-3838,12-07-2024,C007,Ganga Supplies,Retail,P004,Standing Desk,Furniture,Desks,Delhi,Delhi,North,2,18000,15,12500
ORD-3839,09-07-2024,C007,Ganga Supplies,Retail,P008,Printer Ink,Stationery,Supplies,Mumbai,Maharashtra,West,4,1800,10,1500
ORD-3840,12-02-2024,C007,Ganga Supplies,Retail,P007,Desk Lamp,Furniture,Lighting,Mumbai,Maharashtra,West,1,2200,10,1300
ORD-3841,16-01-2025,C003,Chola Systems,Corporate,P004,Standing Desk,Furniture,Desks,Delhi,Delhi,North,1,18000,10,12500
ORD-3842,30-07-2025,C008,Horizon Inc,Corporate,P001,Laptop Pro 14,Electronics,Computers,Hyderabad,Telangana,South,6,72000,10,52000
ORD-3843,15-01-2024,C003,Chola Systems,Corporate,P004,Standing Desk,Furniture,Desks,Bangalore,Karnataka,South,4,18000,10,12500
ORD-3844,30-04-2025,C001,Aarav Traders,Corporate,P005,Notebook Pack,Stationery,Paper,Chennai,Tamil Nadu,South,2,350,5,180
ORD-3845,03-04-2024,C002,Bright Retail,Retail,P006,Monitor 27in,Electronics,Displays,Bangalore,Karnataka,South,1,24000,15,17000
ORD-3846,10-05-2024,C004,Delta Stores,Retail,P004,Standing Desk,Furniture,Desks,Kolkata,West Bengal,East,3,18000,5,12500
ORD-3847,27-12-2025,C001,Aarav Traders,Corporate,P002,Wireless Mouse,Electronics,Accessories,Delhi,Delhi,North,4,1200,5,700
ORD-3848,14-10-2025,C004,Delta Stores,Retail,P007,Desk Lamp,Furniture,Lighting,Hyderabad,Telangana,South,6,2200,0,1300
ORD-3849,26-09-2025,C005,Everest Ltd,Corporate,P008,Printer Ink,Stationery,Supplies,Delhi,Delhi,North,3,1800,0,1500
ORD-3850,05-08-2024,C003,Chola Systems,Corporate,P006,Monitor 27in,Electronics,Displays,Delhi,Delhi,North,2,24000,0,17000
ORD-3851,16-01-2024,C002,Bright Retail,Retail,P001,Laptop Pro 14,Electronics,Computers,Kolkata,West Bengal,East,5,72000,0,52000
ORD-3852,06-04-2025,C002,Bright Retail,Retail,P007,Desk Lamp,Furniture,Lighting,Kolkata,West Bengal,East,5,2200,5,1300
ORD-3853,05-10-2024,C008,Horizon Inc,Corporate,P008,Printer Ink,Stationery,Supplies,Chennai,Tamil Nadu,South,4,1800,0,1500
ORD-3854,26-08-2025,C005,Everest Ltd,Corporate,P007,Desk Lamp,Furniture,Lighting,Kolkata,West Bengal,East,4,2200,0,1300
ORD-3855,20-09-2025,C004,Delta Stores,Retail,P003,Office Chair,Furniture,Seating,Hyderabad,Telangana,South,2,8500,10,5600
ORD-3856,17-02-2024,C006,Fair Mart,Consumer,P004,Standing Desk,Furniture,Desks,Kolkata,West Bengal,East,2,18000,10,12500
ORD-3857,07-08-2025,C006,Fair Mart,Consumer,P004,Standing Desk,Furniture,Desks,Kolkata,West Bengal,East,5,18000,15,12500
ORD-3858,24-05-2025,C007,Ganga Supplies,Retail,P006,Monitor 27in,Electronics,Displays,Mumbai,Maharashtra,West,2,24000,5,17000
ORD-3859,01-12-2025,C003,Chola Systems,Corporate,P008,Printer Ink,Stationery,Supplies,Hyderabad,Telangana,South,4,1800,5,1500
ORD-3860,11-11-2025,C002,Bright Retail,Retail,P007,Desk Lamp,Furniture,Lighting,Bangalore,Karnataka,South,2,2200,0,1300
ORD-3861,07-01-2025,C006,Fair Mart,Consumer,P008,Printer Ink,Stationery,Supplies,Chennai,Tamil Nadu,South,2,1800,0,1500
ORD-3862,12-04-2024,C003,Chola Systems,Corporate,P007,Desk Lamp,Furniture,Lighting,Kolkata,West Bengal,East,2,2200,0,1300
ORD-3863,22-09-2024,C001,Aarav Traders,Corporate,P007,Desk Lamp,Furniture,Lighting,Mumbai,Maharashtra,West,5,2200,15,1300
ORD-3864,06-06-2024,C006,Fair Mart,Consumer,P007,Desk Lamp,Furniture,Lighting,Mumbai,Maharashtra,West,2,2200,0,1300
ORD-3865,01-04-2024,C004,Delta Stores,Retail,P004,Standing Desk,Furniture,Desks,Delhi,Delhi,North,1,18000,10,12500
ORD-3866,07-12-2024,C002,Bright Retail,Retail,P003,Office Chair,Furniture,Seating,Bangalore,Karnataka,South,4,8500,15,5600
ORD-3867,20-11-2025,C005,Everest Ltd,Corporate,P006,Monitor 27in,Electronics,Displays,Bangalore,Karnataka,South,6,24000,5,17000
ORD-3868,08-05-2024,C006,Fair Mart,Consumer,P006,Monitor 27in,Electronics,Displays,Delhi,Delhi,North,1,24000,10,17000
ORD-3869,15-04-2025,C006,Fair Mart,Consumer,P004,Standing Desk,Furniture,Desks,Hyderabad,Telangana,South,5,18000,5,12500
ORD-3870,31-07-2024,C001,Aarav Traders,Corporate,P008,Printer Ink,Stationery,Supplies,Delhi,Delhi,North,1,1800,5,1500
ORD-3871,17-10-2024,C008,Horizon Inc,Corporate,P001,Laptop Pro 14,Electronics,Computers,Kolkata,West Bengal,East,4,72000,0,52000
ORD-3872,16-08-2025,C007,Ganga Supplies,Retail,P008,Printer Ink,Stationery,Supplies,Bangalore,Karnataka,South,3,1800,0,1500
ORD-3873,07-07-2024,C006,Fair Mart,Consumer,P003,Office Chair,Furniture,Seating,Kolkata,West Bengal,East,2,8500,10,5600
ORD-3874,22-12-2025,C002,Bright Retail,Retail,P005,Notebook Pack,Stationery,Paper,Mumbai,Maharashtra,West,2,350,15,180
ORD-3875,18-03-2024,C008,Horizon Inc,Corporate,P001,Laptop Pro 14,Electronics,Computers,Bangalore,Karnataka,South,1,72000,15,52000
ORD-3876,29-09-2024,C004,Delta Stores,Retail,P003,Office Chair,Furniture,Seating,Kolkata,West Bengal,East,2,8500,15,5600
ORD-3877,04-03-2025,C003,Chola Systems,Corporate,P005,Notebook Pack,Stationery,Paper,Bangalore,Karnataka,South,5,350,10,180
ORD-3878,14-03-2024,C007,Ganga Supplies,Retail,P008,Printer Ink,Stationery,Supplies,Kolkata,West Bengal,East,5,1800,0,1500
ORD-3879,13-01-2024,C002,Bright Retail,Retail,P007,Desk Lamp,Furniture,Lighting,Kolkata,West Bengal,East,4,2200,0,1300
ORD-3880,19-05-2024,C004,Delta Stores,Retail,P006,Monitor 27in,Electronics,Displays,Bangalore,Karnataka,South,2,24000,10,17000
ORD-3881,28-07-2025,C001,Aarav Traders,Corporate,P006,Monitor 27in,Electronics,Displays,Kolkata,West Bengal,East,1,24000,5,17000
ORD-3882,26-04-2024,C004,Delta Stores,Retail,P002,Wireless Mouse,Electronics,Accessories,Delhi,Delhi,North,3,1200,15,700
ORD-3883,25-12-2024,C001,Aarav Traders,Corporate,P002,Wireless Mouse,Electronics,Accessories,Kolkata,West Bengal,East,1,1200,10,700
ORD-3884,11-09-2025,C007,Ganga Supplies,Retail,P006,Monitor 27in,Electronics,Displays,Bangalore,Karnataka,South,2,24000,15,17000
ORD-3885,18-12-2024,C007,Ganga Supplies,Retail,P003,Office Chair,Furniture,Seating,Delhi,Delhi,North,6,8500,15,5600
ORD-3886,27-02-2025,C008,Horizon Inc,Corporate,P004,Standing Desk,Furniture,Desks,Delhi,Delhi,North,1,18000,5,12500
ORD-3887,03-01-2024,C004,Delta Stores,Retail,P001,Laptop Pro 14,Electronics,Computers,Kolkata,West Bengal,East,2,72000,5,52000
ORD-3888,22-04-2025,C002,Bright Retail,Retail,P005,Notebook Pack,Stationery,Paper,Hyderabad,Telangana,South,4,350,0,180
ORD-3889,04-03-2025,C006,Fair Mart,Consumer,P008,Printer Ink,Stationery,Supplies,Delhi,Delhi,North,3,1800,0,1500
ORD-3890,02-09-2025,C006,Fair Mart,Consumer,P003,Office Chair,Furniture,Seating,Delhi,Delhi,North,3,8500,0,5600
ORD-3891,02-05-2024,C006,Fair Mart,Consumer,P004,Standing Desk,Furniture,Desks,Bangalore,Karnataka,South,2,18000,10,12500
ORD-3892,25-02-2024,C005,Everest Ltd,Corporate,P005,Notebook Pack,Stationery,Paper,Kolkata,West Bengal,East,2,350,10,180
ORD-3893,13-01-2024,C008,Horizon Inc,Corporate,P006,Monitor 27in,Electronics,Displays,Hyderabad,Telangana,South,3,24000,0,17000
ORD-3894,07-09-2025,C004,Delta Stores,Retail,P004,Standing Desk,Furniture,Desks,Kolkata,West Bengal,East,3,18000,5,12500
ORD-3895,19-04-2024,C004,Delta Stores,Retail,P007,Desk Lamp,Furniture,Lighting,Kolkata,West Bengal,East,6,2200,0,1300
ORD-3896,24-03-2025,C005,Everest Ltd,Corporate,P006,Monitor 27in,Electronics,Displays,Bangalore,Karnataka,South,2,24000,15,17000
ORD-3897,14-01-2025,C005,Everest Ltd,Corporate,P006,Monitor 27in,Electronics,Displays,Kolkata,West Bengal,East,6,24000,15,17000
ORD-3898,13-04-2024,C005,Everest Ltd,Corporate,P001,Laptop Pro 14,Electronics,Computers,Chennai,Tamil Nadu,South,1,72000,0,52000
ORD-3899,21-06-2025,C003,Chola Systems,Corporate,P008,Printer Ink,Stationery,Supplies,Kolkata,West Bengal,East,4,1800,5,1500
ORD-3900,19-11-2024,C008,Horizon Inc,Corporate,P002,Wireless Mouse,Electronics,Accessories,Chennai,Tamil Nadu,South,5,1200,5,700
ORD-3901,23-09-2024,C004,Delta Stores,Retail,P001,Laptop Pro 14,Electronics,Computers,Chennai,Tamil Nadu,South,5,72000,0,52000
ORD-3902,09-05-2025,C004,Delta Stores,Retail,P002,Wireless Mouse,Electronics,Accessories,Kolkata,West Bengal,East,4,1200,0,700
ORD-3903,26-08-2024,C001,Aarav Traders,Corporate,P007,Desk Lamp,Furniture,Lighting,Delhi,Delhi,North,7,2200,15,1300
ORD-3904,04-06-2025,C006,Fair Mart,Consumer,P007,Desk Lamp,Furniture,Lighting,Delhi,Delhi,North,2,2200,5,1300
ORD-3905,18-04-2025,C002,Bright Retail,Retail,P003,Office Chair,Furniture,Seating,Delhi,Delhi,North,3,8500,15,5600
ORD-3906,21-06-2025,C004,Delta Stores,Retail,P004,Standing Desk,Furniture,Desks,Delhi,Delhi,North,1,18000,15,12500
ORD-3907,15-06-2024,C005,Everest Ltd,Corporate,P002,Wireless Mouse,Electronics,Accessories,Mumbai,Maharashtra,West,1,1200,0,700
ORD-3908,03-06-2024,C002,Bright Retail,Retail,P003,Office Chair,Furniture,Seating,Chennai,Tamil Nadu,South,1,8500,0,5600
ORD-3909,11-05-2024,C005,Everest Ltd,Corporate,P004,Standing Desk,Furniture,Desks,Hyderabad,Telangana,South,5,18000,5,12500
ORD-3910,12-03-2024,C001,Aarav Traders,Corporate,P001,Laptop Pro 14,Electronics,Computers,Chennai,Tamil Nadu,South,4,72000,0,52000
ORD-3911,12-02-2025,C006,Fair Mart,Consumer,P002,Wireless Mouse,Electronics,Accessories,Delhi,Delhi,North,1,1200,10,700
ORD-3912,29-11-2024,C003,Chola Systems,Corporate,P001,Laptop Pro 14,Electronics,Computers,Chennai,Tamil Nadu,South,1,72000,15,52000
ORD-3913,02-02-2025,C001,Aarav Traders,Corporate,P002,Wireless Mouse,Electronics,Accessories,Hyderabad,Telangana,South,1,1200,15,700
ORD-3914,04-03-2025,C005,Everest Ltd,Corporate,P003,Office Chair,Furniture,Seating,Delhi,Delhi,North,1,8500,0,5600
ORD-3915,26-07-2025,C006,Fair Mart,Consumer,P008,Printer Ink,Stationery,Supplies,Hyderabad,Telangana,South,4,1800,0,1500
ORD-3916,18-12-2025,C005,Everest Ltd,Corporate,P004,Standing Desk,Furniture,Desks,Bangalore,Karnataka,South,2,18000,15,12500
ORD-3917,03-04-2024,C001,Aarav Traders,Corporate,P001,Laptop Pro 14,Electronics,Computers,Chennai,Tamil Nadu,South,6,72000,0,52000
ORD-3918,07-06-2025,C003,Chola Systems,Corporate,P004,Standing Desk,Furniture,Desks,Hyderabad,Telangana,South,2,18000,10,12500
ORD-3919,27-07-2025,C005,Everest Ltd,Corporate,P004,Standing Desk,Furniture,Desks,Kolkata,West Bengal,East,1,18000,0,12500
ORD-3920,20-06-2025,C001,Aarav Traders,Corporate,P005,Notebook Pack,Stationery,Paper,Hyderabad,Telangana,South,2,350,10,180
ORD-3921,01-11-2025,C002,Bright Retail,Retail,P006,Monitor 27in,Electronics,Displays,Delhi,Delhi,North,9,24000,15,17000
ORD-3922,29-08-2025,C001,Aarav Traders,Corporate,P007,Desk Lamp,Furniture,Lighting,Delhi,Delhi,North,1,2200,10,1300
ORD-3923,30-01-2024,C006,Fair Mart,Consumer,P004,Standing Desk,Furniture,Desks,Bangalore,Karnataka,South,1,18000,10,12500
ORD-3924,22-08-2025,C008,Horizon Inc,Corporate,P001,Laptop Pro 14,Electronics,Computers,Mumbai,Maharashtra,West,5,72000,0,52000
ORD-3925,01-11-2024,C005,Everest Ltd,Corporate,P005,Notebook Pack,Stationery,Paper,Kolkata,West Bengal,East,6,350,0,180
ORD-3926,15-08-2024,C001,Aarav Traders,Corporate,P008,Printer Ink,Stationery,Supplies,Mumbai,Maharashtra,West,1,1800,5,1500
ORD-3927,01-07-2025,C007,Ganga Supplies,Retail,P003,Office Chair,Furniture,Seating,Kolkata,West Bengal,East,2,8500,5,5600
ORD-3928,08-03-2024,C004,Delta Stores,Retail,P007,Desk Lamp,Furniture,Lighting,Delhi,Delhi,North,3,2200,15,1300
ORD-3929,10-03-2025,C007,Ganga Supplies,Retail,P002,Wireless Mouse,Electronics,Accessories,Hyderabad,Telangana,South,1,1200,10,700
ORD-3930,03-05-2024,C003,Chola Systems,Corporate,P006,Monitor 27in,Electronics,Displays,Kolkata,West Bengal,East,6,24000,15,17000
ORD-3931,09-09-2025,C006,Fair Mart,Consumer,P007,Desk Lamp,Furniture,Lighting,Bangalore,Karnataka,South,4,2200,0,1300
ORD-3932,01-04-2025,C007,Ganga Supplies,Retail,P008,Printer Ink,Stationery,Supplies,Mumbai,Maharashtra,West,2,1800,5,1500
ORD-3933,02-10-2025,C004,Delta Stores,Retail,P004,Standing Desk,Furniture,Desks,Chennai,Tamil Nadu,South,4,18000,5,12500
ORD-3934,28-06-2025,C007,Ganga Supplies,Retail,P006,Monitor 27in,Electronics,Displays,Hyderabad,Telangana,South,1,24000,0,17000
ORD-3935,07-11-2025,C002,Bright Retail,Retail,P006,Monitor 27in,Electronics,Displays,Hyderabad,Telangana,South,6,24000,0,17000
ORD-3936,04-11-2025,C006,Fair Mart,Consumer,P004,Standing Desk,Furniture,Desks,Chennai,Tamil Nadu,South,5,18000,15,12500
ORD-3937,12-05-2024,C008,Horizon Inc,Corporate,P005,Notebook Pack,Stationery,Paper,Chennai,Tamil Nadu,South,1,350,10,180
ORD-3938,20-05-2025,C002,Bright Retail,Retail,P005,Notebook Pack,Stationery,Paper,Chennai,Tamil Nadu,South,3,350,10,180
ORD-3939,01-09-2025,C004,Delta Stores,Retail,P006,Monitor 27in,Electronics,Displays,Bangalore,Karnataka,South,2,24000,0,17000
ORD-3940,13-05-2025,C005,Everest Ltd,Corporate,P003,Office Chair,Furniture,Seating,Delhi,Delhi,North,1,8500,5,5600
ORD-3941,18-08-2024,C005,Everest Ltd,Corporate,P006,Monitor 27in,Electronics,Displays,Hyderabad,Telangana,South,1,24000,0,17000
ORD-3942,20-03-2025,C006,Fair Mart,Consumer,P003,Office Chair,Furniture,Seating,Bangalore,Karnataka,South,4,8500,0,5600
ORD-3943,06-06-2025,C005,Everest Ltd,Corporate,P001,Laptop Pro 14,Electronics,Computers,Chennai,Tamil Nadu,South,1,72000,5,52000
ORD-3944,18-07-2025,C005,Everest Ltd,Corporate,P003,Office Chair,Furniture,Seating,Delhi,Delhi,North,4,8500,10,5600
ORD-3945,19-04-2025,C004,Delta Stores,Retail,P001,Laptop Pro 14,Electronics,Computers,Kolkata,West Bengal,East,4,72000,0,52000
ORD-3946,31-08-2024,C003,Chola Systems,Corporate,P006,Monitor 27in,Electronics,Displays,Kolkata,West Bengal,East,3,24000,15,17000
ORD-3947,08-06-2024,C006,Fair Mart,Consumer,P006,Monitor 27in,Electronics,Displays,Mumbai,Maharashtra,West,8,24000,0,17000
ORD-3948,30-11-2025,C001,Aarav Traders,Corporate,P002,Wireless Mouse,Electronics,Accessories,Mumbai,Maharashtra,West,2,1200,0,700
ORD-3949,20-11-2024,C004,Delta Stores,Retail,P001,Laptop Pro 14,Electronics,Computers,Kolkata,West Bengal,East,1,72000,15,52000
ORD-3950,11-06-2024,C004,Delta Stores,Retail,P006,Monitor 27in,Electronics,Displays,Delhi,Delhi,North,4,24000,0,17000
ORD-3951,22-06-2024,C005,Everest Ltd,Corporate,P004,Standing Desk,Furniture,Desks,Hyderabad,Telangana,South,2,18000,0,12500
ORD-3952,16-06-2024,C004,Delta Stores,Retail,P003,Office Chair,Furniture,Seating,Kolkata,West Bengal,East,1,8500,0,5600
ORD-3953,29-12-2025,C006,Fair Mart,Consumer,P006,Monitor 27in,Electronics,Displays,Hyderabad,Telangana,South,2,24000,10,17000
ORD-3954,24-06-2025,C002,Bright Retail,Retail,P002,Wireless Mouse,Electronics,Accessories,Delhi,Delhi,North,3,1200,0,700
ORD-3955,29-04-2024,C008,Horizon Inc,Corporate,P006,Monitor 27in,Electronics,Displays,Bangalore,Karnataka,South,1,24000,15,17000
ORD-3956,07-07-2024,C007,Ganga Supplies,Retail,P008,Printer Ink,Stationery,Supplies,Delhi,Delhi,North,1,1800,10,1500
ORD-3957,17-04-2025,C006,Fair Mart,Consumer,P004,Standing Desk,Furniture,Desks,Mumbai,Maharashtra,West,1,18000,5,12500
ORD-3958,13-09-2024,C002,Bright Retail,Retail,P001,Laptop Pro 14,Electronics,Computers,Bangalore,Karnataka,South,6,72000,10,52000
ORD-3959,30-09-2024,C001,Aarav Traders,Corporate,P002,Wireless Mouse,Electronics,Accessories,Kolkata,West Bengal,East,5,1200,15,700
ORD-3960,29-10-2025,C004,Delta Stores,Retail,P004,Standing Desk,Furniture,Desks,Mumbai,Maharashtra,West,1,18000,0,12500
ORD-3961,10-06-2024,C008,Horizon Inc,Corporate,P001,Laptop Pro 14,Electronics,Computers,Chennai,Tamil Nadu,South,3,72000,0,52000
ORD-3962,19-03-2024,C002,Bright Retail,Retail,P003,Office Chair,Furniture,Seating,Bangalore,Karnataka,South,3,8500,5,5600
ORD-3963,19-11-2025,C006,Fair Mart,Consumer,P003,Office Chair,Furniture,Seating,Kolkata,West Bengal,East,4,8500,0,5600
ORD-3964,23-07-2025,C002,Bright Retail,Retail,P006,Monitor 27in,Electronics,Displays,Delhi,Delhi,North,1,24000,0,17000
ORD-3965,17-06-2024,C004,Delta Stores,Retail,P002,Wireless Mouse,Electronics,Accessories,Kolkata,West Bengal,East,1,1200,5,700
ORD-3966,06-06-2024,C006,Fair Mart,Consumer,P006,Monitor 27in,Electronics,Displays,Kolkata,West Bengal,East,3,24000,15,17000
ORD-3967,24-10-2025,C008,Horizon Inc,Corporate,P006,Monitor 27in,Electronics,Displays,Chennai,Tamil Nadu,South,1,24000,15,17000
ORD-3968,07-03-2025,C005,Everest Ltd,Corporate,P008,Printer Ink,Stationery,Supplies,Hyderabad,Telangana,South,5,1800,5,1500
ORD-3969,01-03-2025,C006,Fair Mart,Consumer,P002,Wireless Mouse,Electronics,Accessories,Bangalore,Karnataka,South,1,1200,10,700
ORD-3970,05-10-2025,C007,Ganga Supplies,Retail,P002,Wireless Mouse,Electronics,Accessories,Mumbai,Maharashtra,West,4,1200,15,700
ORD-3971,26-02-2024,C008,Horizon Inc,Corporate,P008,Printer Ink,Stationery,Supplies,Chennai,Tamil Nadu,South,4,1800,5,1500
ORD-3972,12-03-2025,C008,Horizon Inc,Corporate,P006,Monitor 27in,Electronics,Displays,Mumbai,Maharashtra,West,1,24000,15,17000
ORD-3973,07-08-2025,C001,Aarav Traders,Corporate,P001,Laptop Pro 14,Electronics,Computers,Bangalore,Karnataka,South,1,72000,15,52000
ORD-3974,25-11-2024,C003,Chola Systems,Corporate,P004,Standing Desk,Furniture,Desks,Hyderabad,Telangana,South,2,18000,15,12500
ORD-3975,28-06-2024,C003,Chola Systems,Corporate,P001,Laptop Pro 14,Electronics,Computers,Bangalore,Karnataka,South,3,72000,0,52000
ORD-3976,07-12-2025,C008,Horizon Inc,Corporate,P006,Monitor 27in,Electronics,Displays,Chennai,Tamil Nadu,South,2,24000,5,17000
ORD-3977,14-06-2024,C005,Everest Ltd,Corporate,P002,Wireless Mouse,Electronics,Accessories,Chennai,Tamil Nadu,South,2,1200,5,700
ORD-3978,25-05-2025,C001,Aarav Traders,Corporate,P008,Printer Ink,Stationery,Supplies,Delhi,Delhi,North,1,1800,10,1500
ORD-3979,18-08-2025,C007,Ganga Supplies,Retail,P006,Monitor 27in,Electronics,Displays,Chennai,Tamil Nadu,South,1,24000,0,17000
ORD-3980,03-11-2025,C004,Delta Stores,Retail,P001,Laptop Pro 14,Electronics,Computers,Hyderabad,Telangana,South,1,72000,0,52000
ORD-3981,29-07-2024,C008,Horizon Inc,Corporate,P004,Standing Desk,Furniture,Desks,Chennai,Tamil Nadu,South,1,18000,10,12500
ORD-3982,06-10-2025,C007,Ganga Supplies,Retail,P003,Office Chair,Furniture,Seating,Mumbai,Maharashtra,West,2,8500,0,5600
ORD-3983,16-07-2025,C006,Fair Mart,Consumer,P006,Monitor 27in,Electronics,Displays,Kolkata,West Bengal,East,4,24000,10,17000
ORD-3984,10-06-2025,C003,Chola Systems,Corporate,P003,Office Chair,Furniture,Seating,Hyderabad,Telangana,South,4,8500,0,5600
ORD-3985,21-01-2025,C002,Bright Retail,Retail,P004,Standing Desk,Furniture,Desks,Hyderabad,Telangana,South,2,18000,5,12500
ORD-3986,16-01-2024,C007,Ganga Supplies,Retail,P005,Notebook Pack,Stationery,Paper,Chennai,Tamil Nadu,South,1,350,10,180
ORD-3987,15-07-2024,C003,Chola Systems,Corporate,P007,Desk Lamp,Furniture,Lighting,Hyderabad,Telangana,South,3,2200,0,1300
ORD-3988,16-03-2025,C007,Ganga Supplies,Retail,P003,Office Chair,Furniture,Seating,Delhi,Delhi,North,1,8500,15,5600
ORD-3989,20-01-2024,C001,Aarav Traders,Corporate,P003,Office Chair,Furniture,Seating,Kolkata,West Bengal,East,1,8500,0,5600
ORD-3990,14-05-2024,C007,Ganga Supplies,Retail,P008,Printer Ink,Stationery,Supplies,Bangalore,Karnataka,South,3,1800,0,1500
ORD-3991,06-12-2025,C003,Chola Systems,Corporate,P005,Notebook Pack,Stationery,Paper,Chennai,Tamil Nadu,South,1,350,10,180
ORD-3992,20-06-2024,C003,Chola Systems,Corporate,P003,Office Chair,Furniture,Seating,Delhi,Delhi,North,3,8500,10,5600
ORD-3993,30-05-2024,C008,Horizon Inc,Corporate,P001,Laptop Pro 14,Electronics,Computers,Chennai,Tamil Nadu,South,4,72000,5,52000
ORD-3994,06-11-2025,C008,Horizon Inc,Corporate,P004,Standing Desk,Furniture,Desks,Kolkata,West Bengal,East,2,18000,5,12500
ORD-3995,18-04-2025,C001,Aarav Traders,Corporate,P005,Notebook Pack,Stationery,Paper,Delhi,Delhi,North,1,350,10,180
ORD-3996,10-08-2024,C008,Horizon Inc,Corporate,P006,Monitor 27in,Electronics,Displays,Kolkata,West Bengal,East,1,24000,5,17000
ORD-3997,18-11-2024,C002,Bright Retail,Retail,P003,Office Chair,Furniture,Seating,Hyderabad,Telangana,South,4,8500,0,5600
ORD-3998,14-04-2024,C002,Bright Retail,Retail,P004,Standing Desk,Furniture,Desks,Kolkata,West Bengal,East,2,18000,0,12500
ORD-3999,01-04-2024,C006,Fair Mart,Consumer,P002,Wireless Mouse,Electronics,Accessories,Bangalore,Karnataka,South,2,1200,5,700
